payment_id,client_id,account_id,payment_date,direction,payment_type,currency,amount,counterparty_country,status
PAY-00000001,CLIENT-0139,ACC-000415,2024-11-21,INBOUND,FX_TRANSFER,USD,78602.35,AE,SETTLED
PAY-00000002,CLIENT-0489,ACC-001459,2026-04-27,OUTBOUND,ACH,GBP,90914.90,CH,SETTLED
PAY-00000003,CLIENT-0448,ACC-001320,2024-02-03,INBOUND,SWIFT,EUR,82464.36,IN,PENDING
PAY-00000004,CLIENT-0258,ACC-000775,2025-10-12,OUTBOUND,FX_TRANSFER,USD,1012.33,IE,SETTLED
PAY-00000005,CLIENT-0082,ACC-000227,2026-01-02,OUTBOUND,FX_TRANSFER,USD,12060.52,BR,SETTLED
PAY-00000006,CLIENT-0215,ACC-000642,2026-04-30,INBOUND,WIRE,EUR,12636.77,IN,SETTLED
PAY-00000007,CLIENT-0341,ACC-000999,2025-11-06,OUTBOUND,SWIFT,USD,1692.67,BR,SETTLED
PAY-00000008,CLIENT-0442,ACC-001307,2026-07-16,OUTBOUND,SEPA,CAD,7766.43,GB,SETTLED
PAY-00000009,CLIENT-0453,ACC-001337,2024-10-08,OUTBOUND,CARD,CAD,87640.74,IN,PENDING
PAY-00000010,CLIENT-0148,ACC-000445,2026-03-21,OUTBOUND,WIRE,USD,171564.60,SG,PENDING
PAY-00000011,CLIENT-0244,ACC-000736,2025-05-11,OUTBOUND,SEPA,CHF,12072.98,SG,PENDING
PAY-00000012,CLIENT-0304,ACC-000893,2025-08-22,INBOUND,WIRE,USD,8187.76,AU,SETTLED
PAY-00000013,CLIENT-0254,ACC-000765,2026-06-09,OUTBOUND,ACH,USD,100239.31,BR,SETTLED
PAY-00000014,CLIENT-0315,ACC-000925,2026-01-21,OUTBOUND,BOOK_TRANSFER,USD,130401.50,AU,SETTLED
PAY-00000015,CLIENT-0456,ACC-001349,2024-01-20,OUTBOUND,REAL_TIME_PAYMENT,USD,152812.44,JP,SETTLED
PAY-00000016,CLIENT-0115,ACC-000336,2024-08-25,INBOUND,ACH,USD,20.11,FR,PENDING
PAY-00000017,CLIENT-0091,ACC-000257,2024-11-29,INBOUND,CARD,MXN,14248.83,AU,SETTLED
PAY-00000018,CLIENT-0053,ACC-000148,2026-06-19,OUTBOUND,REAL_TIME_PAYMENT,USD,47375.26,IE,SETTLED
PAY-00000019,CLIENT-0305,ACC-000898,2026-07-03,OUTBOUND,CARD,CAD,3631.57,SG,SETTLED
PAY-00000020,CLIENT-0222,ACC-000663,2024-09-27,OUTBOUND,WIRE,EUR,46592.41,GB,SETTLED
PAY-00000021,CLIENT-0345,ACC-001009,2026-06-23,INBOUND,ACH,USD,9913.90,IE,SETTLED
PAY-00000022,CLIENT-0122,ACC-000359,2025-08-21,OUTBOUND,CARD,USD,119093.67,BR,SETTLED
PAY-00000023,CLIENT-0230,ACC-000687,2024-05-07,OUTBOUND,SWIFT,USD,107956.88,DE,PENDING
PAY-00000024,CLIENT-0341,ACC-000996,2026-06-24,OUTBOUND,SEPA,USD,3050.89,AU,SETTLED
PAY-00000025,CLIENT-0316,ACC-000927,2024-04-19,INBOUND,CARD,USD,185626.14,IN,SETTLED
PAY-00000026,CLIENT-0330,ACC-000970,2024-09-16,OUTBOUND,BOOK_TRANSFER,GBP,4083.38,BR,SETTLED
PAY-00000027,CLIENT-0295,ACC-000870,2024-06-22,OUTBOUND,CARD,GBP,208651.88,IE,SETTLED
PAY-00000028,CLIENT-0262,ACC-000787,2025-12-06,OUTBOUND,REAL_TIME_PAYMENT,USD,9059.01,IE,SETTLED
PAY-00000029,CLIENT-0019,ACC-000052,2025-07-21,OUTBOUND,SEPA,USD,10215.98,US,SETTLED
PAY-00000030,CLIENT-0257,ACC-000774,2026-03-26,INBOUND,WIRE,EUR,45450.85,IN,SETTLED
PAY-00000031,CLIENT-0308,ACC-000909,2026-07-02,INBOUND,BOOK_TRANSFER,CHF,106023.09,CH,SETTLED
PAY-00000032,CLIENT-0357,ACC-001050,2026-03-05,INBOUND,FX_TRANSFER,USD,13113.41,AE,SETTLED
PAY-00000033,CLIENT-0116,ACC-000340,2026-04-04,OUTBOUND,FX_TRANSFER,SGD,10.86,IN,SETTLED
PAY-00000034,CLIENT-0414,ACC-001222,2025-01-31,OUTBOUND,SEPA,EUR,102035.17,IE,SETTLED
PAY-00000035,CLIENT-0135,ACC-000403,2026-06-27,OUTBOUND,WIRE,USD,14139.27,NL,SETTLED
PAY-00000036,CLIENT-0320,ACC-000939,2024-08-18,OUTBOUND,CARD,INR,94124.82,JP,SETTLED
PAY-00000037,CLIENT-0467,ACC-001382,2026-07-17,OUTBOUND,REAL_TIME_PAYMENT,USD,2120.05,US,SETTLED
PAY-00000038,CLIENT-0082,ACC-000228,2025-09-18,INBOUND,SWIFT,JPY,7943.20,MX,SETTLED
PAY-00000039,CLIENT-0158,ACC-000478,2024-06-30,INBOUND,BOOK_TRANSFER,AUD,59049.85,US,SETTLED
PAY-00000040,CLIENT-0231,ACC-000691,2025-08-16,INBOUND,ACH,USD,223433.28,AU,PENDING
PAY-00000041,CLIENT-0189,ACC-000568,2025-10-10,OUTBOUND,WIRE,USD,8664.05,MX,SETTLED
PAY-00000042,CLIENT-0195,ACC-000577,2025-11-22,OUTBOUND,REAL_TIME_PAYMENT,USD,10912.50,CA,SETTLED
PAY-00000043,CLIENT-0498,ACC-001483,2025-05-22,INBOUND,SWIFT,EUR,235688.91,CH,SETTLED
PAY-00000044,CLIENT-0370,ACC-001080,2025-02-09,INBOUND,ACH,USD,48461.55,IE,SETTLED
PAY-00000045,CLIENT-0107,ACC-000308,2025-11-13,OUTBOUND,BOOK_TRANSFER,EUR,55890.27,IE,SETTLED
PAY-00000046,CLIENT-0215,ACC-000643,2026-04-08,OUTBOUND,ACH,EUR,9627.85,IN,SETTLED
PAY-00000047,CLIENT-0262,ACC-000786,2026-06-16,OUTBOUND,SWIFT,USD,10214.29,US,REJECTED
PAY-00000048,CLIENT-0051,ACC-000139,2026-04-20,OUTBOUND,REAL_TIME_PAYMENT,CAD,26466.41,IE,SETTLED
PAY-00000049,CLIENT-0067,ACC-000188,2026-05-15,OUTBOUND,CARD,USD,107086.40,IN,SETTLED
PAY-00000050,CLIENT-0451,ACC-001334,2026-06-13,INBOUND,SEPA,USD,6749.48,AU,SETTLED
PAY-00000051,CLIENT-0051,ACC-000138,2026-04-16,OUTBOUND,ACH,USD,210421.82,JP,SETTLED
PAY-00000052,CLIENT-0030,ACC-000079,2026-06-27,OUTBOUND,FX_TRANSFER,EUR,132629.98,BR,SETTLED
PAY-00000053,CLIENT-0411,ACC-001210,2026-03-12,INBOUND,SWIFT,USD,142715.85,CH,SETTLED
PAY-00000054,CLIENT-0238,ACC-000718,2025-08-11,OUTBOUND,CARD,USD,239674.44,GB,SETTLED
PAY-00000055,CLIENT-0365,ACC-001065,2026-01-03,INBOUND,FX_TRANSFER,CAD,4965.06,NL,SETTLED
PAY-00000056,CLIENT-0184,ACC-000553,2026-06-28,INBOUND,REAL_TIME_PAYMENT,EUR,10088.01,BR,SETTLED
PAY-00000057,CLIENT-0012,ACC-000027,2026-01-26,OUTBOUND,BOOK_TRANSFER,CAD,8894.66,SG,SETTLED
PAY-00000058,CLIENT-0070,ACC-000194,2025-10-11,OUTBOUND,BOOK_TRANSFER,USD,30840.98,US,SETTLED
PAY-00000059,CLIENT-0087,ACC-000246,2025-09-05,INBOUND,WIRE,EUR,15142.84,MX,SETTLED
PAY-00000060,CLIENT-0117,ACC-000343,2024-06-27,INBOUND,FX_TRANSFER,USD,212644.63,SG,SETTLED
PAY-00000061,CLIENT-0394,ACC-001147,2026-05-24,INBOUND,SWIFT,USD,50204.79,IN,SETTLED
PAY-00000062,CLIENT-0341,ACC-000998,2026-04-16,OUTBOUND,FX_TRANSFER,USD,10550.68,JP,SETTLED
PAY-00000063,CLIENT-0156,ACC-000472,2025-05-23,INBOUND,SEPA,USD,98127.38,CH,SETTLED
PAY-00000064,CLIENT-0050,ACC-000137,2026-07-05,OUTBOUND,ACH,AUD,219826.14,MX,REJECTED
PAY-00000065,CLIENT-0053,ACC-000146,2025-08-30,INBOUND,SWIFT,MXN,237593.06,IE,SETTLED
PAY-00000066,CLIENT-0145,ACC-000433,2024-03-28,INBOUND,FX_TRANSFER,USD,24066.01,DE,SETTLED
PAY-00000067,CLIENT-0262,ACC-000785,2024-07-11,OUTBOUND,SWIFT,USD,4972.01,IE,SETTLED
PAY-00000068,CLIENT-0426,ACC-001257,2025-05-27,OUTBOUND,ACH,AUD,237960.51,AE,SETTLED
PAY-00000069,CLIENT-0092,ACC-000260,2026-05-09,OUTBOUND,FX_TRANSFER,AUD,63440.90,JP,SETTLED
PAY-00000070,CLIENT-0262,ACC-000785,2025-02-17,OUTBOUND,SWIFT,USD,10110.35,IN,PENDING
PAY-00000071,CLIENT-0284,ACC-000841,2026-02-26,INBOUND,FX_TRANSFER,USD,240954.77,FR,SETTLED
PAY-00000072,CLIENT-0063,ACC-000174,2024-11-29,OUTBOUND,SWIFT,SGD,647.32,US,SETTLED
PAY-00000073,CLIENT-0122,ACC-000362,2026-02-23,INBOUND,FX_TRANSFER,USD,158493.01,MX,SETTLED
PAY-00000074,CLIENT-0110,ACC-000320,2026-05-28,INBOUND,BOOK_TRANSFER,CAD,13223.54,BR,SETTLED
PAY-00000075,CLIENT-0011,ACC-000024,2025-09-20,OUTBOUND,FX_TRANSFER,USD,4599.07,US,SETTLED
PAY-00000076,CLIENT-0030,ACC-000079,2026-07-01,OUTBOUND,BOOK_TRANSFER,EUR,238049.46,AU,SETTLED
PAY-00000077,CLIENT-0290,ACC-000858,2025-08-06,OUTBOUND,SEPA,EUR,1687.78,DE,SETTLED
PAY-00000078,CLIENT-0073,ACC-000204,2025-04-30,OUTBOUND,WIRE,USD,11082.74,BR,SETTLED
PAY-00000079,CLIENT-0477,ACC-001412,2026-07-24,INBOUND,BOOK_TRANSFER,USD,2287.98,CA,SETTLED
PAY-00000080,CLIENT-0388,ACC-001126,2025-02-12,INBOUND,CARD,EUR,118679.95,AU,SETTLED
PAY-00000081,CLIENT-0369,ACC-001078,2024-05-13,OUTBOUND,FX_TRANSFER,USD,185409.17,MX,SETTLED
PAY-00000082,CLIENT-0273,ACC-000817,2025-10-25,INBOUND,SWIFT,USD,13430.34,US,PENDING
PAY-00000083,CLIENT-0183,ACC-000550,2026-05-29,INBOUND,SWIFT,USD,10370.07,BR,SETTLED
PAY-00000084,CLIENT-0338,ACC-000986,2025-03-20,OUTBOUND,REAL_TIME_PAYMENT,USD,2489.74,CH,SETTLED
PAY-00000085,CLIENT-0263,ACC-000789,2024-12-23,INBOUND,BOOK_TRANSFER,USD,3412.69,NL,SETTLED
PAY-00000086,CLIENT-0017,ACC-000043,2026-03-30,OUTBOUND,SWIFT,CAD,11487.53,IN,SETTLED
PAY-00000087,CLIENT-0233,ACC-000697,2025-02-08,INBOUND,CARD,USD,147209.97,MX,SETTLED
PAY-00000088,CLIENT-0111,ACC-000322,2025-08-21,OUTBOUND,WIRE,USD,100.68,JP,SETTLED
PAY-00000089,CLIENT-0122,ACC-000361,2025-01-07,INBOUND,SEPA,USD,62403.99,US,SETTLED
PAY-00000090,CLIENT-0285,ACC-000844,2024-03-22,INBOUND,BOOK_TRANSFER,EUR,9154.63,AU,PENDING
PAY-00000091,CLIENT-0413,ACC-001219,2024-11-05,INBOUND,BOOK_TRANSFER,GBP,45009.78,IE,SETTLED
PAY-00000092,CLIENT-0454,ACC-001340,2025-04-22,INBOUND,WIRE,USD,86760.99,DE,SETTLED
PAY-00000093,CLIENT-0218,ACC-000650,2025-07-17,OUTBOUND,FX_TRANSFER,USD,94738.20,CA,SETTLED
PAY-00000094,CLIENT-0296,ACC-000873,2025-06-20,INBOUND,WIRE,EUR,69929.21,US,SETTLED
PAY-00000095,CLIENT-0059,ACC-000163,2026-07-16,OUTBOUND,ACH,MXN,223022.57,JP,SETTLED
PAY-00000096,CLIENT-0262,ACC-000786,2026-06-09,INBOUND,REAL_TIME_PAYMENT,USD,5648.69,SG,SETTLED
PAY-00000097,CLIENT-0159,ACC-000481,2025-03-31,OUTBOUND,REAL_TIME_PAYMENT,USD,149265.06,AE,SETTLED
PAY-00000098,CLIENT-0025,ACC-000069,2025-03-01,OUTBOUND,SEPA,USD,66282.54,IN,SETTLED
PAY-00000099,CLIENT-0077,ACC-000216,2024-08-24,OUTBOUND,REAL_TIME_PAYMENT,EUR,7048.63,CA,SETTLED
PAY-00000100,CLIENT-0074,ACC-000207,2026-02-18,OUTBOUND,BOOK_TRANSFER,AED,37642.17,AU,SETTLED
PAY-00000101,CLIENT-0359,ACC-001054,2025-04-07,INBOUND,SEPA,USD,224616.07,IE,SETTLED
PAY-00000102,CLIENT-0478,ACC-001414,2026-05-22,OUTBOUND,SWIFT,CAD,239919.42,GB,SETTLED
PAY-00000103,CLIENT-0438,ACC-001295,2026-07-18,INBOUND,SEPA,USD,89146.53,AU,SETTLED
PAY-00000104,CLIENT-0063,ACC-000174,2024-07-18,OUTBOUND,ACH,SGD,3228.83,NL,SETTLED
PAY-00000105,CLIENT-0411,ACC-001209,2026-06-14,INBOUND,SEPA,USD,49519.29,AE,SETTLED
PAY-00000106,CLIENT-0493,ACC-001471,2024-09-22,OUTBOUND,CARD,USD,12538.13,FR,SETTLED
PAY-00000107,CLIENT-0084,ACC-000235,2026-06-10,OUTBOUND,SWIFT,SGD,125507.35,JP,SETTLED
PAY-00000108,CLIENT-0156,ACC-000472,2026-03-27,INBOUND,SEPA,USD,187632.03,CA,SETTLED
PAY-00000109,CLIENT-0231,ACC-000691,2024-03-19,INBOUND,REAL_TIME_PAYMENT,USD,146478.42,IE,SETTLED
PAY-00000110,CLIENT-0406,ACC-001194,2025-12-31,INBOUND,WIRE,EUR,107680.59,BR,SETTLED
PAY-00000111,CLIENT-0207,ACC-000616,2026-02-23,INBOUND,ACH,EUR,231419.57,US,PENDING
PAY-00000112,CLIENT-0163,ACC-000493,2026-04-25,OUTBOUND,REAL_TIME_PAYMENT,INR,164544.32,MX,REJECTED
PAY-00000113,CLIENT-0231,ACC-000691,2024-05-04,OUTBOUND,ACH,USD,71265.73,IN,SETTLED
PAY-00000114,CLIENT-0329,ACC-000968,2025-05-01,OUTBOUND,BOOK_TRANSFER,USD,58900.58,GB,SETTLED
PAY-00000115,CLIENT-0387,ACC-001124,2025-11-21,OUTBOUND,BOOK_TRANSFER,USD,9830.27,BR,PENDING
PAY-00000116,CLIENT-0134,ACC-000398,2026-06-27,OUTBOUND,SWIFT,USD,122868.57,IN,SETTLED
PAY-00000117,CLIENT-0445,ACC-001311,2024-09-07,OUTBOUND,WIRE,USD,154808.11,CH,SETTLED
PAY-00000118,CLIENT-0274,ACC-000819,2025-03-24,OUTBOUND,BOOK_TRANSFER,USD,166414.69,CH,SETTLED
PAY-00000119,CLIENT-0243,ACC-000731,2026-04-16,OUTBOUND,WIRE,USD,168841.03,US,SETTLED
PAY-00000120,CLIENT-0001,ACC-000004,2024-05-16,OUTBOUND,REAL_TIME_PAYMENT,AED,97679.05,JP,SETTLED
PAY-00000121,CLIENT-0412,ACC-001212,2025-12-21,INBOUND,BOOK_TRANSFER,SGD,208.62,BR,SETTLED
PAY-00000122,CLIENT-0404,ACC-001187,2024-08-04,INBOUND,BOOK_TRANSFER,USD,140061.17,AE,SETTLED
PAY-00000123,CLIENT-0136,ACC-000407,2024-12-14,OUTBOUND,SWIFT,USD,232367.32,MX,SETTLED
PAY-00000124,CLIENT-0122,ACC-000359,2025-10-27,INBOUND,BOOK_TRANSFER,USD,155671.98,JP,SETTLED
PAY-00000125,CLIENT-0063,ACC-000174,2025-04-08,INBOUND,ACH,SGD,3552.80,JP,SETTLED
PAY-00000126,CLIENT-0326,ACC-000960,2026-07-15,INBOUND,ACH,USD,188809.54,IE,SETTLED
PAY-00000127,CLIENT-0124,ACC-000369,2025-12-19,INBOUND,REAL_TIME_PAYMENT,USD,17737.35,AE,SETTLED
PAY-00000128,CLIENT-0395,ACC-001153,2025-10-15,INBOUND,CARD,USD,61976.10,DE,PENDING
PAY-00000129,CLIENT-0344,ACC-001008,2026-07-19,OUTBOUND,REAL_TIME_PAYMENT,EUR,187500.76,IN,SETTLED
PAY-00000130,CLIENT-0012,ACC-000029,2026-04-14,OUTBOUND,ACH,USD,1946.32,FR,SETTLED
PAY-00000131,CLIENT-0120,ACC-000354,2026-02-05,OUTBOUND,BOOK_TRANSFER,USD,31161.09,MX,SETTLED
PAY-00000132,CLIENT-0418,ACC-001238,2026-07-03,OUTBOUND,SWIFT,USD,96421.57,BR,SETTLED
PAY-00000133,CLIENT-0234,ACC-000703,2026-03-14,OUTBOUND,BOOK_TRANSFER,EUR,179819.29,IN,SETTLED
PAY-00000134,CLIENT-0220,ACC-000657,2026-05-13,OUTBOUND,WIRE,USD,80838.13,AU,SETTLED
PAY-00000135,CLIENT-0427,ACC-001259,2024-12-09,OUTBOUND,FX_TRANSFER,JPY,91750.57,CH,PENDING
PAY-00000136,CLIENT-0099,ACC-000286,2025-06-05,INBOUND,SWIFT,USD,93468.10,FR,SETTLED
PAY-00000137,CLIENT-0356,ACC-001046,2024-01-29,INBOUND,CARD,SGD,44714.21,AU,SETTLED
PAY-00000138,CLIENT-0416,ACC-001230,2025-12-02,OUTBOUND,REAL_TIME_PAYMENT,CAD,4413.37,GB,SETTLED
PAY-00000139,CLIENT-0326,ACC-000958,2025-09-12,INBOUND,REAL_TIME_PAYMENT,USD,171119.74,BR,SETTLED
PAY-00000140,CLIENT-0041,ACC-000112,2024-04-24,INBOUND,REAL_TIME_PAYMENT,USD,13708.32,US,SETTLED
PAY-00000141,CLIENT-0227,ACC-000677,2026-03-26,OUTBOUND,REAL_TIME_PAYMENT,USD,13726.26,GB,SETTLED
PAY-00000142,CLIENT-0195,ACC-000577,2026-02-26,OUTBOUND,WIRE,USD,14410.24,FR,SETTLED
PAY-00000143,CLIENT-0480,ACC-001422,2026-02-13,INBOUND,CARD,USD,55.75,GB,SETTLED
PAY-00000144,CLIENT-0333,ACC-000976,2025-08-31,OUTBOUND,CARD,EUR,67578.75,DE,SETTLED
PAY-00000145,CLIENT-0483,ACC-001434,2024-06-24,OUTBOUND,CARD,CAD,13996.64,DE,SETTLED
PAY-00000146,CLIENT-0484,ACC-001438,2024-04-03,OUTBOUND,BOOK_TRANSFER,USD,178547.15,JP,SETTLED
PAY-00000147,CLIENT-0149,ACC-000448,2024-07-11,OUTBOUND,REAL_TIME_PAYMENT,EUR,110470.68,NL,SETTLED
PAY-00000148,CLIENT-0293,ACC-000867,2025-04-12,OUTBOUND,ACH,CAD,4672.39,FR,PENDING
PAY-00000149,CLIENT-0138,ACC-000411,2025-12-22,INBOUND,REAL_TIME_PAYMENT,MXN,117888.32,CH,SETTLED
PAY-00000150,CLIENT-0071,ACC-000198,2025-03-28,INBOUND,ACH,USD,220096.07,JP,SETTLED
PAY-00000151,CLIENT-0105,ACC-000300,2026-05-21,OUTBOUND,ACH,USD,7049.01,US,PENDING
PAY-00000152,CLIENT-0302,ACC-000889,2026-06-01,OUTBOUND,FX_TRANSFER,EUR,136498.95,US,SETTLED
PAY-00000153,CLIENT-0375,ACC-001088,2024-05-13,INBOUND,SEPA,USD,235525.83,CH,SETTLED
PAY-00000154,CLIENT-0006,ACC-000011,2024-05-27,INBOUND,REAL_TIME_PAYMENT,EUR,6700.19,AU,SETTLED
PAY-00000155,CLIENT-0376,ACC-001092,2026-03-03,INBOUND,SEPA,EUR,94731.70,CA,SETTLED
PAY-00000156,CLIENT-0254,ACC-000765,2026-06-07,OUTBOUND,FX_TRANSFER,USD,62119.33,CH,SETTLED
PAY-00000157,CLIENT-0268,ACC-000800,2025-02-19,OUTBOUND,SWIFT,EUR,133854.09,GB,SETTLED
PAY-00000158,CLIENT-0389,ACC-001130,2026-02-04,OUTBOUND,SEPA,USD,14722.98,AU,SETTLED
PAY-00000159,CLIENT-0068,ACC-000189,2026-02-01,OUTBOUND,FX_TRANSFER,MXN,15445.82,NL,SETTLED
PAY-00000160,CLIENT-0259,ACC-000777,2025-04-19,INBOUND,CARD,EUR,177844.39,AE,SETTLED
PAY-00000161,CLIENT-0072,ACC-000200,2026-05-23,INBOUND,FX_TRANSFER,GBP,247774.20,DE,SETTLED
PAY-00000162,CLIENT-0317,ACC-000931,2025-04-16,OUTBOUND,REAL_TIME_PAYMENT,USD,205726.54,GB,SETTLED
PAY-00000163,CLIENT-0446,ACC-001313,2026-01-28,INBOUND,SEPA,USD,67890.58,AE,SETTLED
PAY-00000164,CLIENT-0114,ACC-000331,2025-10-10,INBOUND,SWIFT,AUD,49499.81,AU,SETTLED
PAY-00000165,CLIENT-0229,ACC-000680,2026-01-24,INBOUND,REAL_TIME_PAYMENT,INR,40126.78,MX,SETTLED
PAY-00000166,CLIENT-0480,ACC-001422,2026-01-31,OUTBOUND,SEPA,USD,3193.08,CH,SETTLED
PAY-00000167,CLIENT-0348,ACC-001021,2025-12-25,INBOUND,BOOK_TRANSFER,USD,36677.77,GB,SETTLED
PAY-00000168,CLIENT-0137,ACC-000410,2025-07-24,OUTBOUND,FX_TRANSFER,JPY,133766.90,IN,PENDING
PAY-00000169,CLIENT-0166,ACC-000500,2025-01-15,INBOUND,FX_TRANSFER,USD,209229.07,SG,PENDING
PAY-00000170,CLIENT-0271,ACC-000810,2026-04-18,INBOUND,FX_TRANSFER,EUR,82145.20,US,SETTLED
PAY-00000171,CLIENT-0457,ACC-001352,2026-01-25,OUTBOUND,SWIFT,EUR,8660.23,JP,REJECTED
PAY-00000172,CLIENT-0249,ACC-000752,2025-10-28,OUTBOUND,WIRE,USD,142834.19,CH,PENDING
PAY-00000173,CLIENT-0143,ACC-000428,2026-07-21,OUTBOUND,BOOK_TRANSFER,EUR,236026.61,AE,SETTLED
PAY-00000174,CLIENT-0235,ACC-000706,2026-07-04,OUTBOUND,SWIFT,USD,178718.95,DE,SETTLED
PAY-00000175,CLIENT-0362,ACC-001058,2025-03-11,INBOUND,FX_TRANSFER,USD,117758.61,CH,SETTLED
PAY-00000176,CLIENT-0485,ACC-001439,2026-06-25,OUTBOUND,FX_TRANSFER,BRL,5091.31,SG,SETTLED
PAY-00000177,CLIENT-0021,ACC-000057,2024-09-26,INBOUND,WIRE,GBP,80984.98,US,SETTLED
PAY-00000178,CLIENT-0389,ACC-001129,2025-12-25,INBOUND,CARD,USD,8027.21,JP,SETTLED
PAY-00000179,CLIENT-0216,ACC-000646,2026-05-07,OUTBOUND,SWIFT,AUD,4975.80,GB,SETTLED
PAY-00000180,CLIENT-0426,ACC-001257,2025-10-07,OUTBOUND,WIRE,AUD,241672.43,AU,SETTLED
PAY-00000181,CLIENT-0218,ACC-000649,2026-06-11,OUTBOUND,REAL_TIME_PAYMENT,MXN,239383.88,BR,SETTLED
PAY-00000182,CLIENT-0400,ACC-001171,2024-07-12,OUTBOUND,BOOK_TRANSFER,USD,104637.64,FR,SETTLED
PAY-00000183,CLIENT-0438,ACC-001295,2024-02-05,OUTBOUND,CARD,USD,215815.34,MX,SETTLED
PAY-00000184,CLIENT-0356,ACC-001044,2026-06-13,OUTBOUND,ACH,USD,198471.21,GB,PENDING
PAY-00000185,CLIENT-0297,ACC-000877,2025-03-07,INBOUND,SWIFT,USD,44625.69,CA,SETTLED
PAY-00000186,CLIENT-0379,ACC-001104,2026-07-06,OUTBOUND,BOOK_TRANSFER,EUR,7348.41,BR,SETTLED
PAY-00000187,CLIENT-0500,ACC-001487,2024-01-21,INBOUND,ACH,MXN,4113.73,DE,SETTLED
PAY-00000188,CLIENT-0490,ACC-001464,2024-10-16,OUTBOUND,WIRE,BRL,3319.43,AE,SETTLED
PAY-00000189,CLIENT-0355,ACC-001043,2026-02-24,INBOUND,BOOK_TRANSFER,USD,36397.47,NL,SETTLED
PAY-00000190,CLIENT-0323,ACC-000949,2026-03-21,INBOUND,ACH,USD,109546.70,US,SETTLED
PAY-00000191,CLIENT-0456,ACC-001348,2025-03-29,OUTBOUND,FX_TRANSFER,USD,24687.65,SG,PENDING
PAY-00000192,CLIENT-0422,ACC-001246,2026-02-18,OUTBOUND,WIRE,EUR,28854.92,CH,PENDING
PAY-00000193,CLIENT-0239,ACC-000719,2025-02-28,OUTBOUND,SWIFT,USD,90043.70,CH,SETTLED
PAY-00000194,CLIENT-0305,ACC-000897,2026-05-16,OUTBOUND,CARD,CAD,13874.99,DE,SETTLED
PAY-00000195,CLIENT-0097,ACC-000277,2024-08-12,INBOUND,FX_TRANSFER,EUR,1813.40,US,SETTLED
PAY-00000196,CLIENT-0100,ACC-000288,2026-02-01,INBOUND,SWIFT,EUR,150314.20,CA,SETTLED
PAY-00000197,CLIENT-0427,ACC-001259,2026-03-12,INBOUND,WIRE,JPY,99475.70,JP,SETTLED
PAY-00000198,CLIENT-0198,ACC-000593,2025-11-16,OUTBOUND,REAL_TIME_PAYMENT,GBP,4240.40,AU,SETTLED
PAY-00000199,CLIENT-0109,ACC-000315,2026-03-12,INBOUND,SWIFT,USD,118380.02,MX,SETTLED
PAY-00000200,CLIENT-0092,ACC-000261,2025-11-17,OUTBOUND,SWIFT,AUD,186650.79,BR,SETTLED
PAY-00000201,CLIENT-0249,ACC-000752,2024-10-01,INBOUND,SEPA,USD,79971.11,FR,SETTLED
PAY-00000202,CLIENT-0175,ACC-000529,2026-07-19,INBOUND,WIRE,USD,181472.74,AU,SETTLED
PAY-00000203,CLIENT-0168,ACC-000510,2025-07-15,INBOUND,SWIFT,EUR,3612.99,SG,SETTLED
PAY-00000204,CLIENT-0186,ACC-000555,2025-08-05,INBOUND,ACH,USD,48145.73,DE,REJECTED
PAY-00000205,CLIENT-0018,ACC-000047,2026-05-02,OUTBOUND,SWIFT,SGD,160896.92,MX,SETTLED
PAY-00000206,CLIENT-0035,ACC-000094,2026-05-29,INBOUND,ACH,EUR,110867.71,BR,PENDING
PAY-00000207,CLIENT-0477,ACC-001412,2026-01-16,INBOUND,ACH,USD,8354.24,MX,SETTLED
PAY-00000208,CLIENT-0012,ACC-000028,2026-05-23,INBOUND,CARD,JPY,3063.39,GB,SETTLED
PAY-00000209,CLIENT-0221,ACC-000660,2025-08-11,OUTBOUND,ACH,USD,243402.42,IE,SETTLED
PAY-00000210,CLIENT-0127,ACC-000377,2026-03-15,OUTBOUND,ACH,USD,49454.92,BR,SETTLED
PAY-00000211,CLIENT-0125,ACC-000372,2026-05-18,INBOUND,CARD,USD,237924.19,DE,SETTLED
PAY-00000212,CLIENT-0168,ACC-000510,2026-02-21,INBOUND,CARD,EUR,9102.63,US,SETTLED
PAY-00000213,CLIENT-0331,ACC-000971,2026-06-07,INBOUND,WIRE,USD,2505.55,US,SETTLED
PAY-00000214,CLIENT-0498,ACC-001484,2025-01-04,INBOUND,CARD,USD,214444.71,GB,SETTLED
PAY-00000215,CLIENT-0268,ACC-000799,2026-02-21,INBOUND,WIRE,EUR,224962.25,SG,SETTLED
PAY-00000216,CLIENT-0275,ACC-000820,2026-05-22,OUTBOUND,REAL_TIME_PAYMENT,USD,120958.38,BR,PENDING
PAY-00000217,CLIENT-0046,ACC-000124,2026-05-05,INBOUND,SEPA,USD,10921.53,JP,SETTLED
PAY-00000218,CLIENT-0481,ACC-001427,2024-05-24,INBOUND,CARD,USD,37831.56,AE,RETURNED
PAY-00000219,CLIENT-0366,ACC-001068,2025-09-07,INBOUND,REAL_TIME_PAYMENT,USD,159465.00,AU,SETTLED
PAY-00000220,CLIENT-0106,ACC-000301,2026-02-11,INBOUND,ACH,USD,118371.48,AE,SETTLED
PAY-00000221,CLIENT-0156,ACC-000471,2026-02-01,OUTBOUND,REAL_TIME_PAYMENT,USD,182534.32,BR,SETTLED
PAY-00000222,CLIENT-0065,ACC-000179,2026-04-24,OUTBOUND,ACH,JPY,3379.51,IE,SETTLED
PAY-00000223,CLIENT-0306,ACC-000899,2024-12-28,OUTBOUND,SEPA,GBP,11244.79,CA,SETTLED
PAY-00000224,CLIENT-0028,ACC-000076,2025-12-11,INBOUND,SWIFT,SGD,153240.00,CA,SETTLED
PAY-00000225,CLIENT-0016,ACC-000042,2024-06-11,INBOUND,CARD,EUR,9866.53,FR,SETTLED
PAY-00000226,CLIENT-0103,ACC-000295,2025-12-05,OUTBOUND,SEPA,USD,122836.07,MX,PENDING
PAY-00000227,CLIENT-0191,ACC-000570,2025-02-26,INBOUND,CARD,EUR,12584.69,CA,SETTLED
PAY-00000228,CLIENT-0099,ACC-000286,2026-06-08,OUTBOUND,FX_TRANSFER,USD,27181.52,GB,SETTLED
PAY-00000229,CLIENT-0344,ACC-001008,2026-07-15,INBOUND,SWIFT,EUR,61529.91,FR,PENDING
PAY-00000230,CLIENT-0021,ACC-000059,2025-04-29,OUTBOUND,FX_TRANSFER,USD,213050.64,JP,PENDING
PAY-00000231,CLIENT-0230,ACC-000688,2026-03-19,INBOUND,FX_TRANSFER,USD,22593.77,SG,SETTLED
PAY-00000232,CLIENT-0055,ACC-000153,2025-11-04,INBOUND,FX_TRANSFER,USD,57820.25,BR,SETTLED
PAY-00000233,CLIENT-0378,ACC-001097,2026-06-05,INBOUND,FX_TRANSFER,EUR,131681.78,CH,PENDING
PAY-00000234,CLIENT-0220,ACC-000656,2026-04-25,INBOUND,SEPA,USD,130694.14,AE,SETTLED
PAY-00000235,CLIENT-0489,ACC-001457,2026-02-21,INBOUND,WIRE,EUR,165529.14,BR,SETTLED
PAY-00000236,CLIENT-0255,ACC-000769,2025-10-13,INBOUND,FX_TRANSFER,INR,240112.90,CH,SETTLED
PAY-00000237,CLIENT-0162,ACC-000490,2024-07-30,OUTBOUND,CARD,EUR,9666.74,JP,SETTLED
PAY-00000238,CLIENT-0198,ACC-000591,2026-01-22,OUTBOUND,FX_TRANSFER,GBP,911.13,AU,SETTLED
PAY-00000239,CLIENT-0481,ACC-001429,2025-10-28,INBOUND,BOOK_TRANSFER,CAD,134303.77,IE,SETTLED
PAY-00000240,CLIENT-0066,ACC-000181,2026-07-04,INBOUND,FX_TRANSFER,USD,100095.96,CH,SETTLED
PAY-00000241,CLIENT-0141,ACC-000421,2025-05-26,OUTBOUND,CARD,CAD,224755.51,NL,SETTLED
PAY-00000242,CLIENT-0479,ACC-001419,2026-07-24,INBOUND,CARD,USD,46265.85,CA,SETTLED
PAY-00000243,CLIENT-0321,ACC-000943,2026-01-08,INBOUND,WIRE,USD,42494.54,GB,SETTLED
PAY-00000244,CLIENT-0064,ACC-000178,2025-09-14,OUTBOUND,BOOK_TRANSFER,USD,126955.79,IN,PENDING
PAY-00000245,CLIENT-0206,ACC-000614,2024-08-28,INBOUND,FX_TRANSFER,CHF,75.92,CA,SETTLED
PAY-00000246,CLIENT-0437,ACC-001292,2025-12-10,OUTBOUND,SEPA,USD,6881.62,SG,SETTLED
PAY-00000247,CLIENT-0256,ACC-000770,2025-09-03,OUTBOUND,ACH,EUR,10731.76,IN,SETTLED
PAY-00000248,CLIENT-0446,ACC-001315,2025-10-16,INBOUND,WIRE,SGD,55523.90,CA,SETTLED
PAY-00000249,CLIENT-0433,ACC-001276,2025-02-26,OUTBOUND,BOOK_TRANSFER,USD,231690.17,AE,SETTLED
PAY-00000250,CLIENT-0249,ACC-000750,2026-07-28,OUTBOUND,SWIFT,EUR,46035.31,CA,SETTLED
PAY-00000251,CLIENT-0177,ACC-000532,2025-08-27,OUTBOUND,FX_TRANSFER,USD,12016.94,SG,SETTLED
PAY-00000252,CLIENT-0089,ACC-000252,2026-07-21,OUTBOUND,WIRE,USD,234129.94,IN,SETTLED
PAY-00000253,CLIENT-0213,ACC-000634,2026-03-24,INBOUND,CARD,USD,205529.35,DE,SETTLED
PAY-00000254,CLIENT-0434,ACC-001277,2025-07-26,INBOUND,SWIFT,USD,91868.04,CH,SETTLED
PAY-00000255,CLIENT-0037,ACC-000099,2026-03-27,INBOUND,SWIFT,USD,139567.89,CH,SETTLED
PAY-00000256,CLIENT-0139,ACC-000415,2024-02-25,OUTBOUND,BOOK_TRANSFER,USD,131467.75,SG,SETTLED
PAY-00000257,CLIENT-0483,ACC-001434,2026-02-21,INBOUND,FX_TRANSFER,CAD,3862.22,CA,SETTLED
PAY-00000258,CLIENT-0125,ACC-000371,2025-05-02,INBOUND,SWIFT,MXN,248729.07,CH,SETTLED
PAY-00000259,CLIENT-0310,ACC-000914,2024-11-09,OUTBOUND,SEPA,USD,121338.89,JP,SETTLED
PAY-00000260,CLIENT-0197,ACC-000588,2026-05-05,INBOUND,CARD,USD,242785.61,FR,SETTLED
PAY-00000261,CLIENT-0109,ACC-000312,2024-11-04,OUTBOUND,SWIFT,INR,4556.21,CA,SETTLED
PAY-00000262,CLIENT-0131,ACC-000391,2024-03-23,OUTBOUND,SWIFT,AUD,186037.45,JP,SETTLED
PAY-00000263,CLIENT-0435,ACC-001282,2026-02-20,INBOUND,CARD,SGD,10566.58,CH,PENDING
PAY-00000264,CLIENT-0278,ACC-000830,2025-03-07,OUTBOUND,SEPA,EUR,6536.11,GB,PENDING
PAY-00000265,CLIENT-0049,ACC-000133,2024-11-24,INBOUND,CARD,USD,201205.74,GB,SETTLED
PAY-00000266,CLIENT-0402,ACC-001180,2024-01-03,INBOUND,REAL_TIME_PAYMENT,EUR,245733.55,IN,SETTLED
PAY-00000267,CLIENT-0125,ACC-000374,2025-05-25,OUTBOUND,ACH,USD,15753.08,CA,SETTLED
PAY-00000268,CLIENT-0396,ACC-001158,2025-01-08,INBOUND,WIRE,USD,198394.29,AU,REJECTED
PAY-00000269,CLIENT-0122,ACC-000363,2025-09-03,OUTBOUND,CARD,USD,92683.16,NL,REJECTED
PAY-00000270,CLIENT-0109,ACC-000314,2026-07-16,OUTBOUND,BOOK_TRANSFER,USD,223056.51,NL,SETTLED
PAY-00000271,CLIENT-0389,ACC-001130,2025-02-19,OUTBOUND,REAL_TIME_PAYMENT,USD,2343.33,US,SETTLED
PAY-00000272,CLIENT-0046,ACC-000123,2025-09-06,INBOUND,SWIFT,USD,5849.58,AU,RETURNED
PAY-00000273,CLIENT-0451,ACC-001333,2026-06-02,INBOUND,ACH,EUR,11155.85,SG,SETTLED
PAY-00000274,CLIENT-0073,ACC-000203,2024-12-09,INBOUND,FX_TRANSFER,EUR,8675.00,SG,SETTLED
PAY-00000275,CLIENT-0488,ACC-001455,2025-12-12,OUTBOUND,WIRE,USD,213456.02,CA,SETTLED
PAY-00000276,CLIENT-0319,ACC-000937,2025-01-27,OUTBOUND,ACH,GBP,1676.51,NL,SETTLED
PAY-00000277,CLIENT-0212,ACC-000632,2025-04-21,OUTBOUND,BOOK_TRANSFER,USD,12277.82,AU,PENDING
PAY-00000278,CLIENT-0148,ACC-000443,2026-03-14,INBOUND,ACH,USD,65134.98,MX,SETTLED
PAY-00000279,CLIENT-0122,ACC-000363,2026-03-25,OUTBOUND,SEPA,USD,42375.95,CH,SETTLED
PAY-00000280,CLIENT-0080,ACC-000221,2026-05-31,OUTBOUND,FX_TRANSFER,EUR,59164.27,IE,SETTLED
PAY-00000281,CLIENT-0259,ACC-000777,2026-03-06,OUTBOUND,BOOK_TRANSFER,EUR,34886.09,CA,SETTLED
PAY-00000282,CLIENT-0038,ACC-000104,2026-02-26,OUTBOUND,FX_TRANSFER,USD,201865.66,SG,SETTLED
PAY-00000283,CLIENT-0031,ACC-000085,2026-05-31,OUTBOUND,BOOK_TRANSFER,EUR,18849.44,SG,RETURNED
PAY-00000284,CLIENT-0234,ACC-000702,2026-01-10,INBOUND,FX_TRANSFER,EUR,93723.79,JP,SETTLED
PAY-00000285,CLIENT-0143,ACC-000426,2025-12-12,INBOUND,SEPA,USD,47791.34,BR,PENDING
PAY-00000286,CLIENT-0417,ACC-001233,2025-06-16,INBOUND,CARD,JPY,134561.14,AE,SETTLED
PAY-00000287,CLIENT-0247,ACC-000743,2025-08-28,OUTBOUND,REAL_TIME_PAYMENT,MXN,14186.48,NL,SETTLED
PAY-00000288,CLIENT-0155,ACC-000464,2026-04-26,OUTBOUND,CARD,JPY,197721.31,BR,SETTLED
PAY-00000289,CLIENT-0499,ACC-001485,2025-02-05,OUTBOUND,FX_TRANSFER,USD,83638.04,FR,SETTLED
PAY-00000290,CLIENT-0081,ACC-000225,2025-11-23,INBOUND,REAL_TIME_PAYMENT,INR,56566.35,BR,SETTLED
PAY-00000291,CLIENT-0413,ACC-001215,2025-12-10,OUTBOUND,REAL_TIME_PAYMENT,USD,149879.93,AE,SETTLED
PAY-00000292,CLIENT-0015,ACC-000037,2025-09-25,OUTBOUND,WIRE,EUR,20430.21,SG,SETTLED
PAY-00000293,CLIENT-0422,ACC-001246,2026-01-24,INBOUND,SWIFT,EUR,91660.62,IN,SETTLED
PAY-00000294,CLIENT-0123,ACC-000367,2026-06-26,INBOUND,ACH,USD,47185.00,AE,SETTLED
PAY-00000295,CLIENT-0442,ACC-001305,2026-01-14,INBOUND,SWIFT,BRL,14980.00,MX,SETTLED
PAY-00000296,CLIENT-0230,ACC-000687,2025-07-10,OUTBOUND,BOOK_TRANSFER,USD,77457.23,MX,SETTLED
PAY-00000297,CLIENT-0414,ACC-001221,2026-01-23,INBOUND,ACH,USD,54150.33,AU,SETTLED
PAY-00000298,CLIENT-0394,ACC-001146,2026-04-29,OUTBOUND,ACH,USD,177428.25,GB,SETTLED
PAY-00000299,CLIENT-0076,ACC-000215,2026-04-17,INBOUND,REAL_TIME_PAYMENT,USD,134269.04,IE,SETTLED
PAY-00000300,CLIENT-0071,ACC-000198,2025-12-07,INBOUND,SWIFT,USD,160777.34,NL,SETTLED
PAY-00000301,CLIENT-0192,ACC-000571,2026-05-15,OUTBOUND,FX_TRANSFER,USD,21165.42,MX,SETTLED
PAY-00000302,CLIENT-0381,ACC-001108,2025-01-02,INBOUND,WIRE,EUR,100181.60,AE,SETTLED
PAY-00000303,CLIENT-0282,ACC-000838,2026-06-01,OUTBOUND,SWIFT,EUR,9636.94,IE,SETTLED
PAY-00000304,CLIENT-0218,ACC-000650,2024-12-29,OUTBOUND,REAL_TIME_PAYMENT,USD,49054.09,SG,SETTLED
PAY-00000305,CLIENT-0174,ACC-000528,2025-01-24,INBOUND,ACH,USD,121240.30,DE,SETTLED
PAY-00000306,CLIENT-0016,ACC-000040,2024-08-15,OUTBOUND,SWIFT,USD,11730.09,NL,SETTLED
PAY-00000307,CLIENT-0429,ACC-001267,2025-05-27,OUTBOUND,SWIFT,USD,225849.46,AE,SETTLED
PAY-00000308,CLIENT-0451,ACC-001330,2026-06-24,OUTBOUND,WIRE,USD,5257.80,MX,REJECTED
PAY-00000309,CLIENT-0304,ACC-000892,2024-01-02,OUTBOUND,CARD,USD,12286.25,CH,SETTLED
PAY-00000310,CLIENT-0451,ACC-001332,2026-07-18,OUTBOUND,REAL_TIME_PAYMENT,GBP,13328.26,JP,SETTLED
PAY-00000311,CLIENT-0012,ACC-000026,2025-12-14,INBOUND,CARD,JPY,9438.76,AU,SETTLED
PAY-00000312,CLIENT-0253,ACC-000759,2024-02-28,INBOUND,FX_TRANSFER,USD,122264.98,CA,SETTLED
PAY-00000313,CLIENT-0249,ACC-000751,2026-07-19,INBOUND,BOOK_TRANSFER,USD,212406.64,IE,SETTLED
PAY-00000314,CLIENT-0326,ACC-000956,2026-07-16,OUTBOUND,REAL_TIME_PAYMENT,USD,154760.13,CA,SETTLED
PAY-00000315,CLIENT-0429,ACC-001267,2026-01-30,OUTBOUND,BOOK_TRANSFER,USD,245156.20,DE,SETTLED
PAY-00000316,CLIENT-0210,ACC-000625,2026-02-16,OUTBOUND,BOOK_TRANSFER,MXN,76886.79,GB,SETTLED
PAY-00000317,CLIENT-0167,ACC-000506,2024-12-26,OUTBOUND,ACH,EUR,213747.79,GB,PENDING
PAY-00000318,CLIENT-0205,ACC-000613,2024-09-23,OUTBOUND,CARD,USD,13061.09,FR,SETTLED
PAY-00000319,CLIENT-0156,ACC-000472,2025-10-18,OUTBOUND,CARD,USD,212781.58,AU,PENDING
PAY-00000320,CLIENT-0103,ACC-000295,2025-08-05,OUTBOUND,REAL_TIME_PAYMENT,USD,145310.96,DE,SETTLED
PAY-00000321,CLIENT-0122,ACC-000360,2026-07-06,OUTBOUND,WIRE,USD,195170.89,DE,PENDING
PAY-00000322,CLIENT-0249,ACC-000749,2026-07-08,OUTBOUND,BOOK_TRANSFER,USD,33725.76,FR,SETTLED
PAY-00000323,CLIENT-0107,ACC-000307,2025-11-11,OUTBOUND,WIRE,JPY,210306.26,IN,SETTLED
PAY-00000324,CLIENT-0012,ACC-000027,2025-12-02,INBOUND,SWIFT,CAD,2974.94,IE,SETTLED
PAY-00000325,CLIENT-0339,ACC-000987,2025-09-02,INBOUND,ACH,EUR,73384.76,BR,SETTLED
PAY-00000326,CLIENT-0036,ACC-000096,2025-12-08,OUTBOUND,WIRE,USD,7460.69,MX,SETTLED
PAY-00000327,CLIENT-0039,ACC-000109,2026-02-13,OUTBOUND,BOOK_TRANSFER,EUR,206549.86,CH,PENDING
PAY-00000328,CLIENT-0374,ACC-001087,2025-10-31,INBOUND,BOOK_TRANSFER,GBP,1605.99,JP,SETTLED
PAY-00000329,CLIENT-0096,ACC-000274,2025-09-20,OUTBOUND,CARD,USD,12770.17,JP,PENDING
PAY-00000330,CLIENT-0037,ACC-000098,2026-05-20,INBOUND,BOOK_TRANSFER,USD,182349.54,IN,PENDING
PAY-00000331,CLIENT-0062,ACC-000169,2026-07-22,INBOUND,CARD,EUR,16748.81,IN,SETTLED
PAY-00000332,CLIENT-0214,ACC-000639,2026-06-02,INBOUND,SEPA,USD,24289.37,IN,SETTLED
PAY-00000333,CLIENT-0291,ACC-000865,2026-04-04,OUTBOUND,CARD,EUR,113488.01,US,SETTLED
PAY-00000334,CLIENT-0387,ACC-001123,2026-04-08,INBOUND,WIRE,EUR,13995.85,JP,SETTLED
PAY-00000335,CLIENT-0434,ACC-001280,2025-09-18,INBOUND,FX_TRANSFER,USD,197673.15,AE,SETTLED
PAY-00000336,CLIENT-0032,ACC-000088,2026-07-18,OUTBOUND,REAL_TIME_PAYMENT,USD,239439.61,IN,SETTLED
PAY-00000337,CLIENT-0411,ACC-001207,2026-01-30,OUTBOUND,REAL_TIME_PAYMENT,MXN,238445.30,GB,REJECTED
PAY-00000338,CLIENT-0372,ACC-001084,2026-02-25,OUTBOUND,ACH,EUR,4234.14,CH,SETTLED
PAY-00000339,CLIENT-0341,ACC-000996,2025-02-25,INBOUND,BOOK_TRANSFER,USD,1385.22,US,SETTLED
PAY-00000340,CLIENT-0401,ACC-001175,2024-02-10,INBOUND,FX_TRANSFER,EUR,4928.31,CH,SETTLED
PAY-00000341,CLIENT-0025,ACC-000069,2025-07-15,OUTBOUND,WIRE,USD,228219.79,IE,SETTLED
PAY-00000342,CLIENT-0311,ACC-000917,2026-01-29,OUTBOUND,CARD,INR,160303.66,IN,SETTLED
PAY-00000343,CLIENT-0012,ACC-000027,2025-11-27,INBOUND,BOOK_TRANSFER,CAD,7387.61,CH,REJECTED
PAY-00000344,CLIENT-0256,ACC-000770,2026-02-03,OUTBOUND,FX_TRANSFER,EUR,4685.92,US,SETTLED
PAY-00000345,CLIENT-0187,ACC-000558,2024-08-07,OUTBOUND,REAL_TIME_PAYMENT,USD,7603.68,DE,SETTLED
PAY-00000346,CLIENT-0423,ACC-001247,2026-06-18,INBOUND,REAL_TIME_PAYMENT,USD,189412.52,BR,SETTLED
PAY-00000347,CLIENT-0205,ACC-000612,2026-06-29,OUTBOUND,ACH,USD,13597.84,IE,SETTLED
PAY-00000348,CLIENT-0485,ACC-001441,2024-10-28,OUTBOUND,FX_TRANSFER,USD,5465.29,GB,SETTLED
PAY-00000349,CLIENT-0275,ACC-000822,2026-05-26,OUTBOUND,REAL_TIME_PAYMENT,USD,118120.99,CH,REJECTED
PAY-00000350,CLIENT-0316,ACC-000929,2024-01-15,OUTBOUND,WIRE,USD,23467.92,CA,SETTLED
PAY-00000351,CLIENT-0495,ACC-001477,2026-04-09,OUTBOUND,REAL_TIME_PAYMENT,USD,4720.19,CH,SETTLED
PAY-00000352,CLIENT-0413,ACC-001215,2026-06-29,INBOUND,ACH,USD,44146.13,CA,SETTLED
PAY-00000353,CLIENT-0449,ACC-001322,2026-07-25,OUTBOUND,ACH,USD,184033.63,JP,PENDING
PAY-00000354,CLIENT-0282,ACC-000836,2025-02-21,INBOUND,CARD,USD,3449.50,AE,SETTLED
PAY-00000355,CLIENT-0137,ACC-000408,2026-07-31,INBOUND,CARD,JPY,93313.02,CH,SETTLED
PAY-00000356,CLIENT-0234,ACC-000703,2025-06-18,INBOUND,SEPA,EUR,72473.87,US,SETTLED
PAY-00000357,CLIENT-0356,ACC-001045,2026-07-11,OUTBOUND,CARD,SGD,121239.90,IE,SETTLED
PAY-00000358,CLIENT-0356,ACC-001045,2025-03-19,OUTBOUND,WIRE,SGD,192403.61,AE,SETTLED
PAY-00000359,CLIENT-0073,ACC-000204,2026-01-29,INBOUND,CARD,USD,9081.29,JP,SETTLED
PAY-00000360,CLIENT-0403,ACC-001184,2024-04-28,OUTBOUND,REAL_TIME_PAYMENT,USD,104926.25,CH,SETTLED
PAY-00000361,CLIENT-0226,ACC-000674,2026-03-24,OUTBOUND,WIRE,USD,101560.93,JP,SETTLED
PAY-00000362,CLIENT-0120,ACC-000352,2025-08-13,INBOUND,FX_TRANSFER,CHF,226096.50,JP,SETTLED
PAY-00000363,CLIENT-0386,ACC-001120,2026-05-20,OUTBOUND,REAL_TIME_PAYMENT,USD,33877.41,CA,SETTLED
PAY-00000364,CLIENT-0230,ACC-000685,2026-03-01,OUTBOUND,WIRE,JPY,240366.45,FR,SETTLED
PAY-00000365,CLIENT-0158,ACC-000479,2026-02-13,INBOUND,WIRE,USD,74935.31,BR,SETTLED
PAY-00000366,CLIENT-0063,ACC-000174,2026-03-18,OUTBOUND,SWIFT,SGD,4919.16,SG,RETURNED
PAY-00000367,CLIENT-0419,ACC-001239,2025-07-14,OUTBOUND,REAL_TIME_PAYMENT,USD,127918.27,AE,SETTLED
PAY-00000368,CLIENT-0018,ACC-000048,2024-11-26,INBOUND,ACH,MXN,76355.67,IN,RETURNED
PAY-00000369,CLIENT-0230,ACC-000685,2026-06-03,INBOUND,CARD,JPY,36840.64,AU,PENDING
PAY-00000370,CLIENT-0082,ACC-000228,2024-11-19,OUTBOUND,BOOK_TRANSFER,JPY,4694.70,CH,PENDING
PAY-00000371,CLIENT-0261,ACC-000782,2025-10-14,INBOUND,BOOK_TRANSFER,BRL,158563.37,US,SETTLED
PAY-00000372,CLIENT-0487,ACC-001450,2025-08-15,INBOUND,REAL_TIME_PAYMENT,USD,193784.09,US,SETTLED
PAY-00000373,CLIENT-0079,ACC-000219,2026-02-01,OUTBOUND,ACH,USD,59983.05,SG,PENDING
PAY-00000374,CLIENT-0399,ACC-001166,2026-01-05,INBOUND,SEPA,GBP,14922.23,SG,SETTLED
PAY-00000375,CLIENT-0238,ACC-000714,2024-06-12,INBOUND,FX_TRANSFER,USD,6516.10,GB,RETURNED
PAY-00000376,CLIENT-0247,ACC-000745,2026-05-14,OUTBOUND,CARD,MXN,144714.32,US,SETTLED
PAY-00000377,CLIENT-0309,ACC-000913,2026-07-25,OUTBOUND,SWIFT,BRL,203173.75,AU,SETTLED
PAY-00000378,CLIENT-0470,ACC-001392,2025-06-28,INBOUND,BOOK_TRANSFER,USD,9910.33,IN,SETTLED
PAY-00000379,CLIENT-0441,ACC-001303,2025-12-21,INBOUND,SWIFT,USD,11517.03,MX,SETTLED
PAY-00000380,CLIENT-0483,ACC-001435,2025-05-25,INBOUND,FX_TRANSFER,CAD,5057.78,IE,SETTLED
PAY-00000381,CLIENT-0307,ACC-000904,2026-01-13,INBOUND,ACH,USD,127844.32,FR,SETTLED
PAY-00000382,CLIENT-0128,ACC-000380,2026-04-24,OUTBOUND,ACH,USD,1029.05,US,SETTLED
PAY-00000383,CLIENT-0273,ACC-000818,2025-02-26,OUTBOUND,CARD,USD,2331.98,AE,SETTLED
PAY-00000384,CLIENT-0467,ACC-001381,2024-12-04,INBOUND,REAL_TIME_PAYMENT,USD,11862.60,NL,SETTLED
PAY-00000385,CLIENT-0217,ACC-000647,2026-07-31,OUTBOUND,REAL_TIME_PAYMENT,USD,241391.12,AE,SETTLED
PAY-00000386,CLIENT-0403,ACC-001183,2024-11-05,OUTBOUND,SWIFT,USD,24989.75,GB,RETURNED
PAY-00000387,CLIENT-0227,ACC-000678,2024-10-15,OUTBOUND,REAL_TIME_PAYMENT,USD,5504.41,IE,SETTLED
PAY-00000388,CLIENT-0486,ACC-001447,2024-11-21,INBOUND,SEPA,CHF,160430.43,FR,PENDING
PAY-00000389,CLIENT-0235,ACC-000706,2026-02-19,OUTBOUND,CARD,USD,44560.03,NL,SETTLED
PAY-00000390,CLIENT-0291,ACC-000864,2026-04-04,OUTBOUND,ACH,EUR,61480.39,JP,SETTLED
PAY-00000391,CLIENT-0333,ACC-000975,2025-10-11,INBOUND,FX_TRANSFER,EUR,100037.84,IE,SETTLED
PAY-00000392,CLIENT-0232,ACC-000693,2024-01-07,OUTBOUND,SWIFT,USD,41290.51,GB,SETTLED
PAY-00000393,CLIENT-0112,ACC-000325,2025-03-15,INBOUND,SWIFT,USD,100036.32,MX,SETTLED
PAY-00000394,CLIENT-0256,ACC-000773,2026-05-12,OUTBOUND,SEPA,EUR,10533.58,DE,SETTLED
PAY-00000395,CLIENT-0449,ACC-001324,2025-08-04,INBOUND,REAL_TIME_PAYMENT,USD,188453.54,BR,SETTLED
PAY-00000396,CLIENT-0299,ACC-000882,2026-03-26,INBOUND,SWIFT,USD,182816.88,JP,SETTLED
PAY-00000397,CLIENT-0059,ACC-000165,2025-02-20,OUTBOUND,CARD,USD,181906.76,AE,SETTLED
PAY-00000398,CLIENT-0234,ACC-000701,2026-03-02,INBOUND,SWIFT,EUR,117841.43,NL,SETTLED
PAY-00000399,CLIENT-0475,ACC-001406,2025-02-19,OUTBOUND,REAL_TIME_PAYMENT,USD,70982.46,IE,SETTLED
PAY-00000400,CLIENT-0156,ACC-000470,2026-03-08,OUTBOUND,CARD,USD,65853.94,US,SETTLED
PAY-00000401,CLIENT-0237,ACC-000711,2026-07-26,OUTBOUND,SWIFT,CAD,95901.89,IN,SETTLED
PAY-00000402,CLIENT-0221,ACC-000658,2024-09-25,INBOUND,SWIFT,EUR,92703.21,JP,SETTLED
PAY-00000403,CLIENT-0490,ACC-001462,2025-03-26,OUTBOUND,FX_TRANSFER,BRL,4652.36,US,SETTLED
PAY-00000404,CLIENT-0146,ACC-000435,2026-04-07,OUTBOUND,REAL_TIME_PAYMENT,CAD,57979.61,NL,SETTLED
PAY-00000405,CLIENT-0440,ACC-001301,2025-10-13,INBOUND,SEPA,USD,11129.49,FR,SETTLED
PAY-00000406,CLIENT-0239,ACC-000720,2026-07-06,OUTBOUND,CARD,EUR,122690.05,FR,PENDING
PAY-00000407,CLIENT-0013,ACC-000031,2025-08-12,OUTBOUND,CARD,USD,92463.84,CH,SETTLED
PAY-00000408,CLIENT-0188,ACC-000562,2026-07-06,OUTBOUND,CARD,GBP,167589.76,CA,SETTLED
PAY-00000409,CLIENT-0012,ACC-000027,2026-07-14,OUTBOUND,CARD,CAD,11089.55,SG,SETTLED
PAY-00000410,CLIENT-0423,ACC-001247,2024-08-22,INBOUND,ACH,USD,125925.47,US,SETTLED
PAY-00000411,CLIENT-0283,ACC-000839,2025-05-15,OUTBOUND,FX_TRANSFER,GBP,243716.09,CH,SETTLED
PAY-00000412,CLIENT-0499,ACC-001485,2025-12-23,INBOUND,CARD,USD,195883.69,DE,SETTLED
PAY-00000413,CLIENT-0121,ACC-000356,2024-11-09,INBOUND,SEPA,USD,12534.93,US,SETTLED
PAY-00000414,CLIENT-0261,ACC-000781,2026-07-25,INBOUND,BOOK_TRANSFER,GBP,233434.67,IN,SETTLED
PAY-00000415,CLIENT-0416,ACC-001229,2025-03-15,INBOUND,REAL_TIME_PAYMENT,USD,4801.74,JP,SETTLED
PAY-00000416,CLIENT-0365,ACC-001067,2025-08-01,OUTBOUND,BOOK_TRANSFER,JPY,13923.11,IN,SETTLED
PAY-00000417,CLIENT-0371,ACC-001082,2025-04-02,OUTBOUND,ACH,USD,873.18,IN,SETTLED
PAY-00000418,CLIENT-0023,ACC-000061,2024-12-12,OUTBOUND,ACH,USD,26648.36,BR,REJECTED
PAY-00000419,CLIENT-0190,ACC-000569,2026-06-26,OUTBOUND,REAL_TIME_PAYMENT,AUD,4782.48,JP,SETTLED
PAY-00000420,CLIENT-0295,ACC-000869,2026-03-28,OUTBOUND,SEPA,GBP,85707.96,IE,SETTLED
PAY-00000421,CLIENT-0400,ACC-001171,2026-07-27,INBOUND,SEPA,USD,194201.61,BR,SETTLED
PAY-00000422,CLIENT-0085,ACC-000240,2026-04-25,INBOUND,ACH,CAD,11582.03,MX,SETTLED
PAY-00000423,CLIENT-0415,ACC-001226,2025-06-06,OUTBOUND,BOOK_TRANSFER,USD,9481.22,CA,SETTLED
PAY-00000424,CLIENT-0055,ACC-000154,2025-06-21,INBOUND,FX_TRANSFER,BRL,181821.20,SG,SETTLED
PAY-00000425,CLIENT-0396,ACC-001157,2026-04-11,INBOUND,WIRE,USD,165383.28,GB,SETTLED
PAY-00000426,CLIENT-0355,ACC-001040,2026-04-14,INBOUND,SWIFT,USD,168410.00,CH,SETTLED
PAY-00000427,CLIENT-0469,ACC-001388,2026-05-10,INBOUND,WIRE,USD,118643.59,AE,SETTLED
PAY-00000428,CLIENT-0081,ACC-000225,2026-07-08,OUTBOUND,SWIFT,INR,140211.53,JP,SETTLED
PAY-00000429,CLIENT-0195,ACC-000577,2026-01-16,INBOUND,CARD,USD,4786.04,GB,SETTLED
PAY-00000430,CLIENT-0231,ACC-000692,2026-07-03,OUTBOUND,REAL_TIME_PAYMENT,EUR,107608.04,IE,SETTLED
PAY-00000431,CLIENT-0172,ACC-000520,2026-06-24,OUTBOUND,ACH,EUR,56622.24,BR,SETTLED
PAY-00000432,CLIENT-0131,ACC-000388,2025-06-12,INBOUND,SEPA,USD,200023.97,IE,SETTLED
PAY-00000433,CLIENT-0148,ACC-000447,2024-01-03,OUTBOUND,FX_TRANSFER,SGD,42576.54,US,SETTLED
PAY-00000434,CLIENT-0263,ACC-000790,2024-11-12,OUTBOUND,SWIFT,EUR,11038.13,CH,SETTLED
PAY-00000435,CLIENT-0489,ACC-001456,2024-12-05,OUTBOUND,ACH,GBP,69829.82,GB,SETTLED
PAY-00000436,CLIENT-0151,ACC-000455,2025-06-16,INBOUND,REAL_TIME_PAYMENT,USD,13195.24,MX,SETTLED
PAY-00000437,CLIENT-0456,ACC-001348,2026-02-08,INBOUND,FX_TRANSFER,USD,19277.14,BR,SETTLED
PAY-00000438,CLIENT-0378,ACC-001097,2026-04-09,INBOUND,FX_TRANSFER,EUR,172029.80,IE,SETTLED
PAY-00000439,CLIENT-0326,ACC-000960,2025-03-18,INBOUND,FX_TRANSFER,USD,119196.43,IE,SETTLED
PAY-00000440,CLIENT-0455,ACC-001344,2025-01-27,INBOUND,BOOK_TRANSFER,EUR,125726.60,GB,SETTLED
PAY-00000441,CLIENT-0445,ACC-001312,2026-06-07,OUTBOUND,FX_TRANSFER,USD,88218.15,BR,SETTLED
PAY-00000442,CLIENT-0371,ACC-001081,2026-03-29,OUTBOUND,CARD,CAD,213991.03,FR,SETTLED
PAY-00000443,CLIENT-0278,ACC-000830,2025-12-30,OUTBOUND,SWIFT,EUR,3698.57,SG,SETTLED
PAY-00000444,CLIENT-0397,ACC-001163,2025-09-18,OUTBOUND,ACH,USD,21223.44,DE,SETTLED
PAY-00000445,CLIENT-0155,ACC-000466,2026-03-04,OUTBOUND,WIRE,JPY,112213.92,MX,SETTLED
PAY-00000446,CLIENT-0055,ACC-000153,2026-06-14,INBOUND,ACH,USD,14849.43,CH,SETTLED
PAY-00000447,CLIENT-0448,ACC-001319,2026-06-02,INBOUND,SWIFT,EUR,155594.30,IE,SETTLED
PAY-00000448,CLIENT-0451,ACC-001333,2026-06-27,INBOUND,SWIFT,EUR,13090.09,MX,SETTLED
PAY-00000449,CLIENT-0009,ACC-000016,2026-04-21,OUTBOUND,SWIFT,JPY,4445.41,US,SETTLED
PAY-00000450,CLIENT-0302,ACC-000889,2026-06-02,OUTBOUND,ACH,EUR,144671.29,BR,SETTLED
PAY-00000451,CLIENT-0442,ACC-001306,2026-07-13,OUTBOUND,ACH,USD,12417.53,CH,SETTLED
PAY-00000452,CLIENT-0440,ACC-001298,2026-02-15,OUTBOUND,SWIFT,CAD,376.48,CH,PENDING
PAY-00000453,CLIENT-0103,ACC-000293,2025-11-25,INBOUND,SEPA,USD,43493.10,GB,SETTLED
PAY-00000454,CLIENT-0010,ACC-000021,2024-07-15,INBOUND,CARD,CAD,30334.76,SG,PENDING
PAY-00000455,CLIENT-0179,ACC-000540,2024-02-27,INBOUND,ACH,CAD,57664.13,NL,RETURNED
PAY-00000456,CLIENT-0041,ACC-000113,2026-07-22,OUTBOUND,REAL_TIME_PAYMENT,USD,8309.89,IN,SETTLED
PAY-00000457,CLIENT-0397,ACC-001162,2025-04-03,OUTBOUND,BOOK_TRANSFER,USD,221996.57,AU,SETTLED
PAY-00000458,CLIENT-0336,ACC-000982,2024-07-11,INBOUND,SEPA,USD,165512.73,SG,SETTLED
PAY-00000459,CLIENT-0030,ACC-000081,2025-03-01,OUTBOUND,CARD,EUR,42274.88,FR,SETTLED
PAY-00000460,CLIENT-0282,ACC-000838,2026-03-02,OUTBOUND,FX_TRANSFER,EUR,5311.72,DE,SETTLED
PAY-00000461,CLIENT-0467,ACC-001385,2025-12-08,OUTBOUND,FX_TRANSFER,USD,9164.35,AU,SETTLED
PAY-00000462,CLIENT-0339,ACC-000987,2025-09-06,INBOUND,ACH,EUR,47753.06,FR,SETTLED
PAY-00000463,CLIENT-0161,ACC-000485,2025-11-04,INBOUND,WIRE,EUR,3243.51,JP,SETTLED
PAY-00000464,CLIENT-0235,ACC-000704,2025-08-05,INBOUND,FX_TRANSFER,MXN,152150.00,FR,SETTLED
PAY-00000465,CLIENT-0500,ACC-001488,2024-01-17,OUTBOUND,CARD,MXN,2466.59,FR,SETTLED
PAY-00000466,CLIENT-0031,ACC-000086,2025-12-12,INBOUND,ACH,AED,118462.25,IN,SETTLED
PAY-00000467,CLIENT-0015,ACC-000035,2026-06-20,INBOUND,FX_TRANSFER,USD,102397.00,US,SETTLED
PAY-00000468,CLIENT-0286,ACC-000846,2025-01-19,INBOUND,WIRE,USD,41615.17,AE,SETTLED
PAY-00000469,CLIENT-0093,ACC-000264,2026-07-04,INBOUND,SWIFT,USD,155776.36,US,SETTLED
PAY-00000470,CLIENT-0030,ACC-000079,2026-06-24,OUTBOUND,FX_TRANSFER,EUR,238990.55,FR,SETTLED
PAY-00000471,CLIENT-0488,ACC-001455,2025-04-12,OUTBOUND,WIRE,USD,47471.35,SG,SETTLED
PAY-00000472,CLIENT-0076,ACC-000212,2026-02-22,INBOUND,FX_TRANSFER,USD,10621.56,IN,SETTLED
PAY-00000473,CLIENT-0041,ACC-000113,2026-07-03,OUTBOUND,BOOK_TRANSFER,USD,6819.81,IN,SETTLED
PAY-00000474,CLIENT-0173,ACC-000525,2025-09-18,INBOUND,REAL_TIME_PAYMENT,SGD,12114.40,SG,SETTLED
PAY-00000475,CLIENT-0087,ACC-000244,2025-06-19,OUTBOUND,REAL_TIME_PAYMENT,GBP,69610.75,GB,SETTLED
PAY-00000476,CLIENT-0039,ACC-000106,2026-06-10,INBOUND,WIRE,GBP,116684.71,CA,SETTLED
PAY-00000477,CLIENT-0471,ACC-001397,2024-03-31,INBOUND,SEPA,USD,97453.74,US,SETTLED
PAY-00000478,CLIENT-0428,ACC-001264,2026-03-23,OUTBOUND,REAL_TIME_PAYMENT,EUR,171278.25,FR,SETTLED
PAY-00000479,CLIENT-0267,ACC-000797,2024-06-27,OUTBOUND,ACH,USD,3582.48,FR,PENDING
PAY-00000480,CLIENT-0470,ACC-001392,2024-12-02,INBOUND,CARD,USD,211.14,JP,PENDING
PAY-00000481,CLIENT-0259,ACC-000779,2025-12-26,INBOUND,SWIFT,EUR,8423.00,AU,SETTLED
PAY-00000482,CLIENT-0273,ACC-000815,2026-05-20,INBOUND,CARD,EUR,10088.87,BR,SETTLED
PAY-00000483,CLIENT-0436,ACC-001288,2026-04-12,INBOUND,SEPA,USD,196158.27,CH,SETTLED
PAY-00000484,CLIENT-0080,ACC-000221,2026-06-16,INBOUND,FX_TRANSFER,EUR,16100.94,DE,SETTLED
PAY-00000485,CLIENT-0365,ACC-001066,2025-01-27,OUTBOUND,WIRE,JPY,9370.60,MX,SETTLED
PAY-00000486,CLIENT-0327,ACC-000963,2025-11-30,INBOUND,BOOK_TRANSFER,USD,113153.59,AU,PENDING
PAY-00000487,CLIENT-0461,ACC-001360,2025-12-27,INBOUND,WIRE,EUR,44270.97,IN,SETTLED
PAY-00000488,CLIENT-0029,ACC-000078,2026-06-20,OUTBOUND,REAL_TIME_PAYMENT,USD,36860.36,GB,SETTLED
PAY-00000489,CLIENT-0197,ACC-000586,2026-06-15,INBOUND,SEPA,USD,146803.25,NL,SETTLED
PAY-00000490,CLIENT-0427,ACC-001260,2024-12-07,OUTBOUND,REAL_TIME_PAYMENT,USD,29237.27,BR,PENDING
PAY-00000491,CLIENT-0073,ACC-000204,2025-09-10,INBOUND,SEPA,USD,1916.41,FR,SETTLED
PAY-00000492,CLIENT-0103,ACC-000293,2025-04-23,INBOUND,SWIFT,USD,143525.11,DE,SETTLED
PAY-00000493,CLIENT-0195,ACC-000577,2025-10-07,INBOUND,CARD,USD,10428.96,IN,SETTLED
PAY-00000494,CLIENT-0199,ACC-000595,2024-09-27,INBOUND,WIRE,EUR,1092.33,MX,SETTLED
PAY-00000495,CLIENT-0165,ACC-000499,2026-03-02,INBOUND,SEPA,INR,9518.21,SG,SETTLED
PAY-00000496,CLIENT-0419,ACC-001240,2024-11-01,OUTBOUND,CARD,USD,72896.03,MX,SETTLED
PAY-00000497,CLIENT-0262,ACC-000786,2026-06-14,OUTBOUND,ACH,USD,7025.04,CH,PENDING
PAY-00000498,CLIENT-0378,ACC-001099,2025-06-13,INBOUND,BOOK_TRANSFER,SGD,136073.17,BR,SETTLED
PAY-00000499,CLIENT-0087,ACC-000247,2025-01-29,OUTBOUND,CARD,GBP,200238.22,NL,SETTLED
PAY-00000500,CLIENT-0224,ACC-000669,2024-01-26,INBOUND,BOOK_TRANSFER,USD,10462.96,IE,SETTLED
PAY-00000501,CLIENT-0041,ACC-000113,2026-05-24,OUTBOUND,FX_TRANSFER,USD,9923.33,NL,SETTLED
PAY-00000502,CLIENT-0236,ACC-000707,2026-07-04,INBOUND,SEPA,USD,12898.84,NL,PENDING
PAY-00000503,CLIENT-0151,ACC-000454,2025-09-06,OUTBOUND,CARD,USD,2520.53,AE,SETTLED
PAY-00000504,CLIENT-0291,ACC-000864,2026-03-06,OUTBOUND,BOOK_TRANSFER,EUR,43260.11,GB,SETTLED
PAY-00000505,CLIENT-0500,ACC-001487,2025-09-06,OUTBOUND,SWIFT,MXN,7236.85,IN,SETTLED
PAY-00000506,CLIENT-0274,ACC-000819,2025-11-10,INBOUND,BOOK_TRANSFER,USD,182448.23,AU,SETTLED
PAY-00000507,CLIENT-0358,ACC-001051,2025-07-08,OUTBOUND,ACH,EUR,3937.09,IN,SETTLED
PAY-00000508,CLIENT-0010,ACC-000020,2026-05-12,OUTBOUND,CARD,GBP,141428.33,NL,SETTLED
PAY-00000509,CLIENT-0351,ACC-001027,2025-07-25,INBOUND,WIRE,EUR,13135.41,US,PENDING
PAY-00000510,CLIENT-0439,ACC-001296,2025-01-30,OUTBOUND,ACH,MXN,153801.74,AU,PENDING
PAY-00000511,CLIENT-0107,ACC-000308,2026-06-09,OUTBOUND,SEPA,EUR,45184.24,IN,SETTLED
PAY-00000512,CLIENT-0100,ACC-000289,2026-06-18,OUTBOUND,ACH,EUR,4428.06,AU,SETTLED
PAY-00000513,CLIENT-0252,ACC-000757,2024-01-28,OUTBOUND,FX_TRANSFER,USD,457.31,MX,SETTLED
PAY-00000514,CLIENT-0225,ACC-000671,2024-07-25,OUTBOUND,WIRE,AED,148836.01,SG,SETTLED
PAY-00000515,CLIENT-0321,ACC-000941,2026-02-18,OUTBOUND,WIRE,USD,80071.42,AE,SETTLED
PAY-00000516,CLIENT-0249,ACC-000750,2026-05-03,OUTBOUND,BOOK_TRANSFER,EUR,188716.77,NL,SETTLED
PAY-00000517,CLIENT-0102,ACC-000291,2024-09-06,OUTBOUND,SEPA,USD,126029.56,BR,SETTLED
PAY-00000518,CLIENT-0469,ACC-001388,2026-03-07,INBOUND,ACH,USD,29651.34,IE,SETTLED
PAY-00000519,CLIENT-0410,ACC-001203,2026-01-03,OUTBOUND,SWIFT,JPY,120775.89,AE,SETTLED
PAY-00000520,CLIENT-0039,ACC-000105,2026-07-01,OUTBOUND,REAL_TIME_PAYMENT,EUR,237447.78,AE,SETTLED
PAY-00000521,CLIENT-0369,ACC-001078,2024-11-18,INBOUND,ACH,USD,59114.65,GB,SETTLED
PAY-00000522,CLIENT-0190,ACC-000569,2026-05-28,INBOUND,SWIFT,AUD,8944.45,AE,SETTLED
PAY-00000523,CLIENT-0419,ACC-001240,2024-11-07,OUTBOUND,SWIFT,USD,232018.97,CA,PENDING
PAY-00000524,CLIENT-0247,ACC-000743,2025-06-23,INBOUND,ACH,MXN,180806.24,SG,SETTLED
PAY-00000525,CLIENT-0389,ACC-001132,2025-05-26,OUTBOUND,BOOK_TRANSFER,USD,179.43,AE,SETTLED
PAY-00000526,CLIENT-0303,ACC-000890,2025-08-06,OUTBOUND,FX_TRANSFER,EUR,58567.21,JP,SETTLED
PAY-00000527,CLIENT-0317,ACC-000931,2025-08-02,INBOUND,REAL_TIME_PAYMENT,USD,197428.47,AE,REJECTED
PAY-00000528,CLIENT-0082,ACC-000230,2026-05-31,INBOUND,FX_TRANSFER,USD,6730.44,BR,SETTLED
PAY-00000529,CLIENT-0427,ACC-001259,2026-06-25,OUTBOUND,CARD,JPY,40319.78,IN,REJECTED
PAY-00000530,CLIENT-0015,ACC-000036,2024-11-24,INBOUND,SEPA,USD,36085.02,IN,PENDING
PAY-00000531,CLIENT-0384,ACC-001117,2026-06-22,OUTBOUND,CARD,USD,14736.41,DE,SETTLED
PAY-00000532,CLIENT-0253,ACC-000760,2024-01-28,OUTBOUND,SEPA,USD,13227.52,SG,SETTLED
PAY-00000533,CLIENT-0214,ACC-000635,2025-02-14,INBOUND,SWIFT,INR,71540.21,GB,SETTLED
PAY-00000534,CLIENT-0480,ACC-001426,2026-02-13,OUTBOUND,WIRE,USD,3521.49,MX,SETTLED
PAY-00000535,CLIENT-0496,ACC-001479,2024-04-05,INBOUND,SWIFT,USD,39561.36,GB,SETTLED
PAY-00000536,CLIENT-0091,ACC-000259,2026-03-12,INBOUND,CARD,EUR,12848.09,NL,PENDING
PAY-00000537,CLIENT-0471,ACC-001393,2026-03-29,OUTBOUND,CARD,EUR,176546.90,FR,SETTLED
PAY-00000538,CLIENT-0167,ACC-000506,2025-08-11,INBOUND,BOOK_TRANSFER,EUR,212894.33,IN,SETTLED
PAY-00000539,CLIENT-0026,ACC-000070,2025-09-15,OUTBOUND,ACH,USD,160071.40,AE,SETTLED
PAY-00000540,CLIENT-0267,ACC-000797,2024-07-27,INBOUND,FX_TRANSFER,USD,3847.79,MX,SETTLED
PAY-00000541,CLIENT-0273,ACC-000818,2024-11-04,INBOUND,REAL_TIME_PAYMENT,USD,10551.74,IN,SETTLED
PAY-00000542,CLIENT-0129,ACC-000382,2024-06-14,OUTBOUND,FX_TRANSFER,USD,13802.52,IN,SETTLED
PAY-00000543,CLIENT-0476,ACC-001408,2025-10-30,INBOUND,SEPA,USD,147844.67,JP,SETTLED
PAY-00000544,CLIENT-0115,ACC-000337,2026-06-02,OUTBOUND,SEPA,SGD,7133.61,SG,SETTLED
PAY-00000545,CLIENT-0135,ACC-000401,2024-08-17,OUTBOUND,CARD,CAD,14413.94,BR,SETTLED
PAY-00000546,CLIENT-0195,ACC-000578,2026-07-10,INBOUND,FX_TRANSFER,CAD,7200.62,MX,SETTLED
PAY-00000547,CLIENT-0326,ACC-000956,2026-02-22,INBOUND,BOOK_TRANSFER,USD,184367.59,DE,SETTLED
PAY-00000548,CLIENT-0305,ACC-000896,2026-07-03,OUTBOUND,REAL_TIME_PAYMENT,USD,13486.81,JP,SETTLED
PAY-00000549,CLIENT-0132,ACC-000392,2026-01-21,OUTBOUND,SWIFT,CAD,2380.15,IE,PENDING
PAY-00000550,CLIENT-0025,ACC-000066,2026-07-08,OUTBOUND,REAL_TIME_PAYMENT,USD,232666.44,GB,SETTLED
PAY-00000551,CLIENT-0018,ACC-000045,2025-04-25,INBOUND,SWIFT,SGD,45366.67,IE,SETTLED
PAY-00000552,CLIENT-0268,ACC-000801,2026-07-28,INBOUND,SEPA,EUR,68270.79,IN,SETTLED
PAY-00000553,CLIENT-0210,ACC-000627,2025-04-25,OUTBOUND,BOOK_TRANSFER,USD,75354.74,IE,SETTLED
PAY-00000554,CLIENT-0334,ACC-000978,2026-05-10,OUTBOUND,ACH,USD,140150.30,BR,SETTLED
PAY-00000555,CLIENT-0346,ACC-001015,2024-05-30,INBOUND,REAL_TIME_PAYMENT,USD,115365.08,IE,SETTLED
PAY-00000556,CLIENT-0345,ACC-001009,2024-08-24,INBOUND,WIRE,USD,14954.65,CH,SETTLED
PAY-00000557,CLIENT-0119,ACC-000350,2025-09-24,INBOUND,FX_TRANSFER,USD,185816.61,FR,SETTLED
PAY-00000558,CLIENT-0286,ACC-000846,2025-11-04,OUTBOUND,CARD,USD,57084.67,BR,SETTLED
PAY-00000559,CLIENT-0482,ACC-001431,2026-07-24,OUTBOUND,SWIFT,USD,114752.29,DE,SETTLED
PAY-00000560,CLIENT-0411,ACC-001209,2025-12-31,INBOUND,ACH,USD,244146.75,AE,SETTLED
PAY-00000561,CLIENT-0369,ACC-001076,2026-07-30,INBOUND,BOOK_TRANSFER,USD,28977.09,CH,SETTLED
PAY-00000562,CLIENT-0161,ACC-000486,2025-11-23,INBOUND,SEPA,EUR,3819.41,MX,SETTLED
PAY-00000563,CLIENT-0172,ACC-000519,2026-03-28,INBOUND,FX_TRANSFER,USD,245882.55,CA,SETTLED
PAY-00000564,CLIENT-0020,ACC-000054,2026-07-24,INBOUND,FX_TRANSFER,USD,96698.44,SG,SETTLED
PAY-00000565,CLIENT-0426,ACC-001255,2024-07-12,OUTBOUND,REAL_TIME_PAYMENT,EUR,202148.65,US,SETTLED
PAY-00000566,CLIENT-0482,ACC-001431,2026-02-10,INBOUND,SEPA,USD,8926.71,BR,SETTLED
PAY-00000567,CLIENT-0106,ACC-000305,2025-12-17,OUTBOUND,FX_TRANSFER,GBP,79424.12,AE,SETTLED
PAY-00000568,CLIENT-0125,ACC-000373,2024-01-01,INBOUND,REAL_TIME_PAYMENT,USD,87941.42,IE,SETTLED
PAY-00000569,CLIENT-0453,ACC-001339,2026-04-11,OUTBOUND,WIRE,USD,199031.05,IE,SETTLED
PAY-00000570,CLIENT-0008,ACC-000014,2026-03-11,INBOUND,REAL_TIME_PAYMENT,BRL,231584.20,NL,SETTLED
PAY-00000571,CLIENT-0467,ACC-001383,2024-03-08,INBOUND,ACH,USD,5564.54,FR,SETTLED
PAY-00000572,CLIENT-0110,ACC-000316,2025-07-20,OUTBOUND,FX_TRANSFER,USD,60.63,AE,SETTLED
PAY-00000573,CLIENT-0167,ACC-000504,2026-03-01,OUTBOUND,SWIFT,USD,190291.51,JP,SETTLED
PAY-00000574,CLIENT-0109,ACC-000312,2024-03-20,OUTBOUND,FX_TRANSFER,INR,240845.94,US,SETTLED
PAY-00000575,CLIENT-0319,ACC-000937,2024-10-28,OUTBOUND,SWIFT,GBP,3266.30,MX,SETTLED
PAY-00000576,CLIENT-0219,ACC-000651,2026-05-01,OUTBOUND,ACH,USD,133338.17,DE,SETTLED
PAY-00000577,CLIENT-0021,ACC-000058,2025-05-31,INBOUND,WIRE,GBP,92023.50,DE,SETTLED
PAY-00000578,CLIENT-0018,ACC-000048,2026-07-08,INBOUND,FX_TRANSFER,MXN,67772.60,SG,PENDING
PAY-00000579,CLIENT-0453,ACC-001339,2026-07-26,OUTBOUND,WIRE,USD,245530.74,IE,SETTLED
PAY-00000580,CLIENT-0090,ACC-000255,2024-07-15,OUTBOUND,CARD,CHF,105991.52,AE,SETTLED
PAY-00000581,CLIENT-0497,ACC-001481,2026-05-27,OUTBOUND,REAL_TIME_PAYMENT,USD,87869.78,NL,RETURNED
PAY-00000582,CLIENT-0462,ACC-001363,2025-07-31,INBOUND,FX_TRANSFER,EUR,6493.49,MX,SETTLED
PAY-00000583,CLIENT-0183,ACC-000551,2026-04-06,OUTBOUND,ACH,USD,13804.08,JP,SETTLED
PAY-00000584,CLIENT-0435,ACC-001283,2025-08-14,OUTBOUND,SEPA,USD,7595.63,NL,SETTLED
PAY-00000585,CLIENT-0279,ACC-000831,2024-08-07,OUTBOUND,BOOK_TRANSFER,USD,34352.71,CH,SETTLED
PAY-00000586,CLIENT-0448,ACC-001319,2024-07-10,INBOUND,FX_TRANSFER,EUR,122895.62,AE,SETTLED
PAY-00000587,CLIENT-0146,ACC-000437,2026-01-02,OUTBOUND,ACH,USD,81211.39,AE,SETTLED
PAY-00000588,CLIENT-0155,ACC-000465,2025-08-09,OUTBOUND,CARD,USD,193721.12,IE,PENDING
PAY-00000589,CLIENT-0177,ACC-000531,2025-04-30,OUTBOUND,REAL_TIME_PAYMENT,USD,8497.27,MX,SETTLED
PAY-00000590,CLIENT-0271,ACC-000809,2024-12-18,INBOUND,BOOK_TRANSFER,USD,97194.03,CA,SETTLED
PAY-00000591,CLIENT-0158,ACC-000479,2026-02-06,INBOUND,WIRE,USD,62590.40,NL,REJECTED
PAY-00000592,CLIENT-0434,ACC-001279,2024-02-09,OUTBOUND,SWIFT,AED,51992.16,FR,SETTLED
PAY-00000593,CLIENT-0003,ACC-000008,2025-04-18,INBOUND,SWIFT,USD,84955.59,IN,SETTLED
PAY-00000594,CLIENT-0272,ACC-000813,2026-02-09,INBOUND,REAL_TIME_PAYMENT,USD,120569.96,CH,SETTLED
PAY-00000595,CLIENT-0237,ACC-000713,2026-07-09,OUTBOUND,REAL_TIME_PAYMENT,CAD,197424.03,IE,SETTLED
PAY-00000596,CLIENT-0105,ACC-000300,2026-07-01,OUTBOUND,REAL_TIME_PAYMENT,USD,14457.70,FR,SETTLED
PAY-00000597,CLIENT-0389,ACC-001130,2026-02-02,OUTBOUND,SEPA,USD,12896.30,IE,SETTLED
PAY-00000598,CLIENT-0379,ACC-001103,2024-07-27,OUTBOUND,BOOK_TRANSFER,USD,5083.21,MX,SETTLED
PAY-00000599,CLIENT-0014,ACC-000033,2026-07-04,OUTBOUND,REAL_TIME_PAYMENT,USD,85604.09,CH,SETTLED
PAY-00000600,CLIENT-0421,ACC-001244,2026-06-04,INBOUND,ACH,EUR,56986.39,NL,SETTLED
PAY-00000601,CLIENT-0351,ACC-001030,2026-03-08,INBOUND,REAL_TIME_PAYMENT,EUR,11350.85,IE,SETTLED
PAY-00000602,CLIENT-0455,ACC-001342,2025-11-04,OUTBOUND,WIRE,USD,77211.89,DE,SETTLED
PAY-00000603,CLIENT-0067,ACC-000187,2026-07-24,OUTBOUND,WIRE,USD,24418.97,CH,PENDING
PAY-00000604,CLIENT-0146,ACC-000435,2025-04-25,OUTBOUND,CARD,CAD,39536.74,MX,RETURNED
PAY-00000605,CLIENT-0495,ACC-001476,2026-07-04,INBOUND,BOOK_TRANSFER,USD,886.66,AE,SETTLED
PAY-00000606,CLIENT-0491,ACC-001466,2024-08-27,OUTBOUND,CARD,USD,109278.00,IN,SETTLED
PAY-00000607,CLIENT-0079,ACC-000219,2026-03-21,INBOUND,CARD,USD,111443.10,MX,SETTLED
PAY-00000608,CLIENT-0027,ACC-000072,2025-10-20,OUTBOUND,FX_TRANSFER,USD,190066.82,DE,PENDING
PAY-00000609,CLIENT-0322,ACC-000945,2024-03-23,INBOUND,SEPA,CHF,6244.16,CA,SETTLED
PAY-00000610,CLIENT-0139,ACC-000415,2025-01-24,INBOUND,BOOK_TRANSFER,USD,127763.45,NL,SETTLED
PAY-00000611,CLIENT-0151,ACC-000455,2026-03-01,OUTBOUND,CARD,USD,324.34,GB,SETTLED
PAY-00000612,CLIENT-0202,ACC-000608,2026-02-10,OUTBOUND,SWIFT,USD,187677.06,GB,REJECTED
PAY-00000613,CLIENT-0489,ACC-001458,2026-07-13,OUTBOUND,WIRE,GBP,200779.41,MX,SETTLED
PAY-00000614,CLIENT-0431,ACC-001273,2024-12-11,OUTBOUND,BOOK_TRANSFER,USD,9734.49,CA,SETTLED
PAY-00000615,CLIENT-0117,ACC-000342,2026-07-28,OUTBOUND,WIRE,USD,127202.37,IE,SETTLED
PAY-00000616,CLIENT-0299,ACC-000882,2024-12-18,OUTBOUND,BOOK_TRANSFER,USD,210799.83,AU,SETTLED
PAY-00000617,CLIENT-0145,ACC-000434,2026-07-25,INBOUND,FX_TRANSFER,USD,176794.26,SG,SETTLED
PAY-00000618,CLIENT-0369,ACC-001076,2026-03-05,OUTBOUND,ACH,USD,194691.79,GB,SETTLED
PAY-00000619,CLIENT-0046,ACC-000124,2026-07-12,INBOUND,WIRE,USD,6801.75,AU,REJECTED
PAY-00000620,CLIENT-0384,ACC-001118,2025-05-16,INBOUND,SWIFT,EUR,14098.32,CH,PENDING
PAY-00000621,CLIENT-0052,ACC-000143,2025-01-25,INBOUND,SEPA,USD,156976.78,AU,SETTLED
PAY-00000622,CLIENT-0467,ACC-001385,2026-05-23,INBOUND,ACH,USD,13977.50,IE,SETTLED
PAY-00000623,CLIENT-0339,ACC-000990,2024-09-05,OUTBOUND,REAL_TIME_PAYMENT,USD,201568.36,CH,SETTLED
PAY-00000624,CLIENT-0024,ACC-000064,2026-07-15,OUTBOUND,CARD,BRL,14806.18,SG,RETURNED
PAY-00000625,CLIENT-0234,ACC-000703,2026-02-04,OUTBOUND,SEPA,EUR,1248.60,FR,SETTLED
PAY-00000626,CLIENT-0148,ACC-000444,2025-06-27,OUTBOUND,CARD,EUR,126088.25,CA,SETTLED
PAY-00000627,CLIENT-0461,ACC-001362,2025-11-04,INBOUND,BOOK_TRANSFER,EUR,52431.76,JP,SETTLED
PAY-00000628,CLIENT-0030,ACC-000081,2024-09-20,OUTBOUND,SEPA,EUR,204210.15,NL,PENDING
PAY-00000629,CLIENT-0285,ACC-000843,2026-05-20,INBOUND,WIRE,BRL,5646.78,CH,SETTLED
PAY-00000630,CLIENT-0430,ACC-001268,2026-06-16,OUTBOUND,ACH,INR,153150.82,MX,SETTLED
PAY-00000631,CLIENT-0112,ACC-000327,2025-10-22,INBOUND,CARD,EUR,151148.45,NL,SETTLED
PAY-00000632,CLIENT-0425,ACC-001253,2025-03-30,INBOUND,SEPA,USD,23746.70,NL,SETTLED
PAY-00000633,CLIENT-0447,ACC-001317,2026-06-13,OUTBOUND,SWIFT,USD,45565.31,IN,SETTLED
PAY-00000634,CLIENT-0142,ACC-000422,2024-12-24,OUTBOUND,SEPA,JPY,150748.21,IE,SETTLED
PAY-00000635,CLIENT-0117,ACC-000344,2024-12-26,OUTBOUND,SWIFT,USD,62344.79,CA,SETTLED
PAY-00000636,CLIENT-0432,ACC-001274,2026-01-09,OUTBOUND,BOOK_TRANSFER,INR,207328.49,AU,PENDING
PAY-00000637,CLIENT-0201,ACC-000604,2024-06-12,INBOUND,FX_TRANSFER,USD,13717.60,AE,SETTLED
PAY-00000638,CLIENT-0137,ACC-000409,2025-11-26,INBOUND,CARD,USD,61608.93,AE,PENDING
PAY-00000639,CLIENT-0244,ACC-000737,2026-03-14,INBOUND,REAL_TIME_PAYMENT,USD,9319.92,FR,SETTLED
PAY-00000640,CLIENT-0326,ACC-000958,2025-10-09,INBOUND,SWIFT,USD,199851.37,NL,PENDING
PAY-00000641,CLIENT-0439,ACC-001297,2026-07-10,OUTBOUND,CARD,USD,71137.83,AU,SETTLED
PAY-00000642,CLIENT-0448,ACC-001321,2025-05-19,OUTBOUND,CARD,EUR,197643.96,MX,SETTLED
PAY-00000643,CLIENT-0439,ACC-001296,2026-04-09,OUTBOUND,CARD,MXN,221651.83,IE,SETTLED
PAY-00000644,CLIENT-0136,ACC-000407,2025-12-26,INBOUND,WIRE,USD,24219.75,MX,SETTLED
PAY-00000645,CLIENT-0196,ACC-000583,2024-08-27,OUTBOUND,ACH,USD,52222.84,JP,SETTLED
PAY-00000646,CLIENT-0012,ACC-000028,2026-07-17,OUTBOUND,WIRE,JPY,961.88,AU,SETTLED
PAY-00000647,CLIENT-0311,ACC-000920,2024-05-10,INBOUND,CARD,USD,141215.13,CH,SETTLED
PAY-00000648,CLIENT-0414,ACC-001220,2026-06-16,INBOUND,REAL_TIME_PAYMENT,USD,107857.63,JP,REJECTED
PAY-00000649,CLIENT-0215,ACC-000641,2025-09-01,INBOUND,ACH,EUR,4080.30,BR,SETTLED
PAY-00000650,CLIENT-0260,ACC-000780,2026-03-24,OUTBOUND,REAL_TIME_PAYMENT,USD,120693.62,GB,SETTLED
PAY-00000651,CLIENT-0389,ACC-001129,2024-06-26,INBOUND,REAL_TIME_PAYMENT,USD,11601.32,SG,RETURNED
PAY-00000652,CLIENT-0379,ACC-001104,2026-07-17,INBOUND,SEPA,EUR,13289.01,NL,SETTLED
PAY-00000653,CLIENT-0253,ACC-000760,2025-05-29,INBOUND,SWIFT,USD,44836.62,IE,RETURNED
PAY-00000654,CLIENT-0260,ACC-000780,2026-02-03,INBOUND,FX_TRANSFER,USD,62611.32,BR,SETTLED
PAY-00000655,CLIENT-0038,ACC-000103,2026-06-23,OUTBOUND,SEPA,USD,185168.15,MX,SETTLED
PAY-00000656,CLIENT-0393,ACC-001144,2026-04-09,OUTBOUND,ACH,USD,143141.47,AE,SETTLED
PAY-00000657,CLIENT-0369,ACC-001078,2025-06-07,OUTBOUND,ACH,USD,195619.54,FR,SETTLED
PAY-00000658,CLIENT-0188,ACC-000561,2025-07-24,INBOUND,WIRE,GBP,224660.74,DE,SETTLED
PAY-00000659,CLIENT-0187,ACC-000556,2026-07-30,INBOUND,SWIFT,JPY,13519.20,US,SETTLED
PAY-00000660,CLIENT-0092,ACC-000261,2025-05-22,INBOUND,REAL_TIME_PAYMENT,AUD,133512.78,DE,SETTLED
PAY-00000661,CLIENT-0064,ACC-000178,2024-05-11,INBOUND,ACH,USD,116405.70,US,SETTLED
PAY-00000662,CLIENT-0406,ACC-001194,2024-12-28,INBOUND,BOOK_TRANSFER,EUR,119310.28,US,SETTLED
PAY-00000663,CLIENT-0027,ACC-000073,2024-10-18,INBOUND,CARD,USD,147873.36,AU,SETTLED
PAY-00000664,CLIENT-0012,ACC-000026,2026-07-13,INBOUND,SWIFT,JPY,8520.30,CH,SETTLED
PAY-00000665,CLIENT-0481,ACC-001427,2025-10-16,INBOUND,REAL_TIME_PAYMENT,USD,237805.15,MX,SETTLED
PAY-00000666,CLIENT-0117,ACC-000343,2024-07-19,INBOUND,BOOK_TRANSFER,USD,197108.84,AU,SETTLED
PAY-00000667,CLIENT-0027,ACC-000072,2025-10-11,INBOUND,SWIFT,USD,204758.65,AE,SETTLED
PAY-00000668,CLIENT-0045,ACC-000119,2025-06-26,INBOUND,REAL_TIME_PAYMENT,USD,133149.96,AE,SETTLED
PAY-00000669,CLIENT-0024,ACC-000064,2026-06-05,OUTBOUND,CARD,BRL,2522.44,AE,PENDING
PAY-00000670,CLIENT-0237,ACC-000713,2026-07-01,INBOUND,SWIFT,CAD,126634.03,SG,PENDING
PAY-00000671,CLIENT-0151,ACC-000454,2025-05-06,INBOUND,ACH,USD,6901.96,CA,SETTLED
PAY-00000672,CLIENT-0179,ACC-000538,2025-11-04,OUTBOUND,WIRE,AUD,203009.49,AU,SETTLED
PAY-00000673,CLIENT-0405,ACC-001189,2025-11-19,OUTBOUND,REAL_TIME_PAYMENT,AUD,62872.11,BR,PENDING
PAY-00000674,CLIENT-0488,ACC-001453,2026-01-28,INBOUND,SEPA,USD,49114.59,CA,SETTLED
PAY-00000675,CLIENT-0381,ACC-001106,2024-05-08,INBOUND,SEPA,CHF,7129.63,BR,SETTLED
PAY-00000676,CLIENT-0222,ACC-000663,2025-12-10,INBOUND,WIRE,EUR,123312.61,NL,SETTLED
PAY-00000677,CLIENT-0315,ACC-000925,2024-10-19,INBOUND,WIRE,USD,64694.91,NL,REJECTED
PAY-00000678,CLIENT-0440,ACC-001301,2026-07-08,OUTBOUND,BOOK_TRANSFER,USD,5190.53,DE,SETTLED
PAY-00000679,CLIENT-0474,ACC-001404,2026-04-29,INBOUND,SWIFT,USD,231218.59,BR,SETTLED
PAY-00000680,CLIENT-0092,ACC-000260,2026-06-18,OUTBOUND,ACH,AUD,26063.92,FR,SETTLED
PAY-00000681,CLIENT-0173,ACC-000524,2026-04-22,INBOUND,SWIFT,SGD,5925.21,IE,SETTLED
PAY-00000682,CLIENT-0397,ACC-001160,2025-08-28,INBOUND,WIRE,USD,105883.23,US,SETTLED
PAY-00000683,CLIENT-0059,ACC-000164,2026-07-17,OUTBOUND,FX_TRANSFER,MXN,92132.12,US,SETTLED
PAY-00000684,CLIENT-0362,ACC-001058,2024-11-03,OUTBOUND,WIRE,USD,81493.37,GB,SETTLED
PAY-00000685,CLIENT-0023,ACC-000061,2024-09-17,INBOUND,BOOK_TRANSFER,USD,248870.58,FR,SETTLED
PAY-00000686,CLIENT-0187,ACC-000559,2026-01-21,INBOUND,FX_TRANSFER,AED,65.89,BR,SETTLED
PAY-00000687,CLIENT-0231,ACC-000690,2026-07-31,INBOUND,BOOK_TRANSFER,EUR,238023.81,BR,SETTLED
PAY-00000688,CLIENT-0165,ACC-000498,2024-06-22,INBOUND,SEPA,USD,948.08,SG,SETTLED
PAY-00000689,CLIENT-0500,ACC-001488,2026-07-24,OUTBOUND,ACH,MXN,6783.87,MX,SETTLED
PAY-00000690,CLIENT-0399,ACC-001168,2025-03-30,OUTBOUND,WIRE,EUR,1516.14,AE,SETTLED
PAY-00000691,CLIENT-0282,ACC-000837,2024-09-30,OUTBOUND,CARD,EUR,14812.32,CH,RETURNED
PAY-00000692,CLIENT-0271,ACC-000810,2026-03-28,INBOUND,SEPA,EUR,174606.89,IE,SETTLED
PAY-00000693,CLIENT-0285,ACC-000843,2025-09-24,INBOUND,CARD,BRL,10289.97,CA,SETTLED
PAY-00000694,CLIENT-0461,ACC-001360,2025-10-16,INBOUND,WIRE,EUR,128134.82,BR,SETTLED
PAY-00000695,CLIENT-0073,ACC-000204,2025-06-11,OUTBOUND,SEPA,USD,2374.93,MX,SETTLED
PAY-00000696,CLIENT-0362,ACC-001058,2024-11-15,OUTBOUND,SEPA,USD,232904.92,GB,SETTLED
PAY-00000697,CLIENT-0500,ACC-001490,2024-05-12,INBOUND,BOOK_TRANSFER,USD,3948.00,GB,SETTLED
PAY-00000698,CLIENT-0174,ACC-000527,2025-11-17,OUTBOUND,ACH,USD,122592.14,US,SETTLED
PAY-00000699,CLIENT-0157,ACC-000474,2024-12-22,OUTBOUND,FX_TRANSFER,USD,201518.30,AU,SETTLED
PAY-00000700,CLIENT-0107,ACC-000307,2026-06-22,INBOUND,CARD,JPY,52139.15,FR,SETTLED
PAY-00000701,CLIENT-0006,ACC-000012,2026-07-09,OUTBOUND,ACH,AED,4849.11,AE,SETTLED
PAY-00000702,CLIENT-0237,ACC-000712,2026-02-23,INBOUND,SWIFT,USD,155348.02,AE,SETTLED
PAY-00000703,CLIENT-0165,ACC-000497,2026-04-11,INBOUND,FX_TRANSFER,USD,13027.75,DE,SETTLED
PAY-00000704,CLIENT-0457,ACC-001351,2026-05-06,INBOUND,SWIFT,EUR,6613.84,US,SETTLED
PAY-00000705,CLIENT-0167,ACC-000507,2026-03-15,OUTBOUND,FX_TRANSFER,USD,27418.17,IE,SETTLED
PAY-00000706,CLIENT-0189,ACC-000568,2025-10-07,OUTBOUND,WIRE,USD,13310.55,NL,SETTLED
PAY-00000707,CLIENT-0275,ACC-000821,2025-12-04,INBOUND,FX_TRANSFER,EUR,198735.66,SG,SETTLED
PAY-00000708,CLIENT-0269,ACC-000803,2026-07-05,OUTBOUND,SEPA,AUD,25723.52,NL,SETTLED
PAY-00000709,CLIENT-0099,ACC-000286,2026-06-10,OUTBOUND,BOOK_TRANSFER,USD,88047.98,IE,REJECTED
PAY-00000710,CLIENT-0278,ACC-000830,2025-09-10,OUTBOUND,SWIFT,EUR,5102.14,FR,SETTLED
PAY-00000711,CLIENT-0249,ACC-000752,2024-10-28,INBOUND,SEPA,USD,77080.38,FR,SETTLED
PAY-00000712,CLIENT-0259,ACC-000779,2025-03-14,INBOUND,FX_TRANSFER,EUR,115246.97,CH,SETTLED
PAY-00000713,CLIENT-0278,ACC-000829,2024-03-29,OUTBOUND,BOOK_TRANSFER,USD,4193.25,IE,SETTLED
PAY-00000714,CLIENT-0464,ACC-001371,2025-08-09,INBOUND,BOOK_TRANSFER,USD,161976.04,AE,SETTLED
PAY-00000715,CLIENT-0159,ACC-000480,2026-05-20,INBOUND,FX_TRANSFER,BRL,240264.31,NL,SETTLED
PAY-00000716,CLIENT-0190,ACC-000569,2026-05-02,OUTBOUND,FX_TRANSFER,AUD,3373.56,MX,PENDING
PAY-00000717,CLIENT-0139,ACC-000417,2025-08-01,OUTBOUND,SEPA,USD,18914.89,JP,SETTLED
PAY-00000718,CLIENT-0436,ACC-001290,2026-05-18,OUTBOUND,WIRE,BRL,21310.20,MX,SETTLED
PAY-00000719,CLIENT-0020,ACC-000056,2026-07-06,OUTBOUND,SWIFT,USD,226822.76,CH,SETTLED
PAY-00000720,CLIENT-0139,ACC-000416,2026-04-21,INBOUND,FX_TRANSFER,INR,156400.89,NL,SETTLED
PAY-00000721,CLIENT-0477,ACC-001410,2025-07-10,OUTBOUND,REAL_TIME_PAYMENT,USD,4330.69,SG,SETTLED
PAY-00000722,CLIENT-0488,ACC-001451,2026-02-17,INBOUND,BOOK_TRANSFER,EUR,10266.32,GB,SETTLED
PAY-00000723,CLIENT-0232,ACC-000693,2025-07-21,INBOUND,FX_TRANSFER,USD,62290.19,DE,SETTLED
PAY-00000724,CLIENT-0015,ACC-000037,2025-05-08,INBOUND,CARD,EUR,98403.93,MX,SETTLED
PAY-00000725,CLIENT-0103,ACC-000296,2025-05-27,OUTBOUND,ACH,USD,55634.43,IE,SETTLED
PAY-00000726,CLIENT-0059,ACC-000163,2026-06-13,INBOUND,SEPA,MXN,19564.47,BR,PENDING
PAY-00000727,CLIENT-0446,ACC-001314,2024-03-08,OUTBOUND,ACH,USD,228267.15,JP,SETTLED
PAY-00000728,CLIENT-0411,ACC-001209,2026-04-25,OUTBOUND,REAL_TIME_PAYMENT,USD,42682.92,IN,SETTLED
PAY-00000729,CLIENT-0096,ACC-000272,2025-03-01,INBOUND,SEPA,USD,2629.57,JP,SETTLED
PAY-00000730,CLIENT-0019,ACC-000052,2026-07-29,OUTBOUND,WIRE,USD,5836.17,CH,SETTLED
PAY-00000731,CLIENT-0081,ACC-000225,2026-01-28,INBOUND,REAL_TIME_PAYMENT,INR,113444.43,AE,SETTLED
PAY-00000732,CLIENT-0346,ACC-001014,2025-10-08,OUTBOUND,FX_TRANSFER,AUD,162533.05,DE,SETTLED
PAY-00000733,CLIENT-0157,ACC-000475,2025-08-26,INBOUND,ACH,EUR,135404.20,GB,SETTLED
PAY-00000734,CLIENT-0080,ACC-000221,2026-07-15,INBOUND,FX_TRANSFER,EUR,98217.06,AE,RETURNED
PAY-00000735,CLIENT-0200,ACC-000601,2025-08-05,OUTBOUND,SEPA,AUD,8480.48,BR,RETURNED
PAY-00000736,CLIENT-0184,ACC-000553,2026-07-19,OUTBOUND,CARD,EUR,14057.24,JP,SETTLED
PAY-00000737,CLIENT-0047,ACC-000126,2024-06-10,INBOUND,SWIFT,USD,226795.84,US,SETTLED
PAY-00000738,CLIENT-0316,ACC-000929,2024-08-14,OUTBOUND,WIRE,USD,71152.89,FR,SETTLED
PAY-00000739,CLIENT-0112,ACC-000324,2026-03-23,OUTBOUND,REAL_TIME_PAYMENT,USD,203518.22,AE,SETTLED
PAY-00000740,CLIENT-0430,ACC-001268,2024-10-24,OUTBOUND,CARD,INR,4422.55,US,SETTLED
PAY-00000741,CLIENT-0116,ACC-000338,2026-01-31,INBOUND,BOOK_TRANSFER,USD,2869.24,SG,SETTLED
PAY-00000742,CLIENT-0397,ACC-001163,2024-05-11,OUTBOUND,ACH,USD,102130.61,US,PENDING
PAY-00000743,CLIENT-0326,ACC-000960,2025-08-07,OUTBOUND,SWIFT,USD,149051.57,DE,SETTLED
PAY-00000744,CLIENT-0282,ACC-000836,2024-01-07,OUTBOUND,REAL_TIME_PAYMENT,USD,11920.47,CA,SETTLED
PAY-00000745,CLIENT-0495,ACC-001477,2026-04-02,INBOUND,ACH,USD,13591.74,GB,PENDING
PAY-00000746,CLIENT-0328,ACC-000964,2025-12-13,INBOUND,REAL_TIME_PAYMENT,USD,152308.28,DE,SETTLED
PAY-00000747,CLIENT-0016,ACC-000040,2025-10-04,INBOUND,SWIFT,USD,13746.28,SG,SETTLED
PAY-00000748,CLIENT-0067,ACC-000187,2026-07-24,OUTBOUND,REAL_TIME_PAYMENT,USD,128990.61,DE,SETTLED
PAY-00000749,CLIENT-0413,ACC-001216,2024-04-20,OUTBOUND,FX_TRANSFER,USD,172045.19,AU,SETTLED
PAY-00000750,CLIENT-0465,ACC-001375,2024-06-01,OUTBOUND,REAL_TIME_PAYMENT,USD,2512.71,JP,SETTLED
PAY-00000751,CLIENT-0220,ACC-000654,2025-04-18,OUTBOUND,CARD,USD,186902.00,IE,SETTLED
PAY-00000752,CLIENT-0074,ACC-000209,2025-05-05,OUTBOUND,SWIFT,EUR,216102.34,SG,SETTLED
PAY-00000753,CLIENT-0120,ACC-000352,2026-07-21,OUTBOUND,REAL_TIME_PAYMENT,CHF,63923.74,DE,SETTLED
PAY-00000754,CLIENT-0125,ACC-000374,2025-07-28,OUTBOUND,WIRE,USD,35979.42,CA,SETTLED
PAY-00000755,CLIENT-0500,ACC-001486,2026-05-09,OUTBOUND,SWIFT,MXN,2850.28,IE,SETTLED
PAY-00000756,CLIENT-0172,ACC-000519,2026-07-28,OUTBOUND,SWIFT,USD,161632.57,IE,SETTLED
PAY-00000757,CLIENT-0028,ACC-000077,2025-10-07,INBOUND,WIRE,USD,51192.80,AE,SETTLED
PAY-00000758,CLIENT-0375,ACC-001088,2024-10-27,OUTBOUND,SEPA,USD,19271.99,IE,SETTLED
PAY-00000759,CLIENT-0205,ACC-000612,2025-12-19,OUTBOUND,REAL_TIME_PAYMENT,USD,11120.74,AE,SETTLED
PAY-00000760,CLIENT-0105,ACC-000300,2026-05-27,OUTBOUND,SWIFT,USD,12783.96,JP,SETTLED
PAY-00000761,CLIENT-0307,ACC-000906,2024-05-26,INBOUND,WIRE,USD,123840.56,JP,SETTLED
PAY-00000762,CLIENT-0346,ACC-001013,2025-06-02,OUTBOUND,REAL_TIME_PAYMENT,USD,51985.34,GB,SETTLED
PAY-00000763,CLIENT-0028,ACC-000075,2026-05-20,INBOUND,ACH,EUR,120360.10,DE,SETTLED
PAY-00000764,CLIENT-0287,ACC-000850,2026-02-05,OUTBOUND,REAL_TIME_PAYMENT,USD,1264.16,IE,SETTLED
PAY-00000765,CLIENT-0137,ACC-000408,2026-07-07,OUTBOUND,ACH,JPY,147883.45,CH,PENDING
PAY-00000766,CLIENT-0473,ACC-001399,2026-06-18,OUTBOUND,SEPA,EUR,220146.03,US,RETURNED
PAY-00000767,CLIENT-0399,ACC-001167,2026-02-17,OUTBOUND,REAL_TIME_PAYMENT,EUR,1842.98,MX,SETTLED
PAY-00000768,CLIENT-0364,ACC-001063,2025-06-30,INBOUND,REAL_TIME_PAYMENT,JPY,7558.90,AE,SETTLED
PAY-00000769,CLIENT-0016,ACC-000042,2024-09-10,OUTBOUND,CARD,EUR,13514.79,BR,SETTLED
PAY-00000770,CLIENT-0435,ACC-001284,2026-01-06,INBOUND,BOOK_TRANSFER,USD,5880.96,US,SETTLED
PAY-00000771,CLIENT-0051,ACC-000138,2026-04-27,INBOUND,SWIFT,USD,39353.61,FR,SETTLED
PAY-00000772,CLIENT-0493,ACC-001471,2024-03-28,INBOUND,CARD,USD,9462.91,GB,SETTLED
PAY-00000773,CLIENT-0375,ACC-001091,2026-04-21,INBOUND,CARD,USD,193924.09,IE,SETTLED
PAY-00000774,CLIENT-0015,ACC-000038,2026-01-13,INBOUND,ACH,USD,59119.65,US,SETTLED
PAY-00000775,CLIENT-0420,ACC-001242,2026-03-22,INBOUND,SWIFT,AUD,65560.21,CH,SETTLED
PAY-00000776,CLIENT-0027,ACC-000072,2026-04-01,OUTBOUND,FX_TRANSFER,USD,104727.57,AE,PENDING
PAY-00000777,CLIENT-0217,ACC-000647,2026-04-13,OUTBOUND,BOOK_TRANSFER,USD,50704.93,NL,PENDING
PAY-00000778,CLIENT-0187,ACC-000560,2024-09-15,INBOUND,BOOK_TRANSFER,USD,4714.94,CH,SETTLED
PAY-00000779,CLIENT-0457,ACC-001352,2025-12-06,OUTBOUND,ACH,EUR,13059.96,JP,SETTLED
PAY-00000780,CLIENT-0333,ACC-000975,2024-08-12,OUTBOUND,REAL_TIME_PAYMENT,EUR,97299.74,BR,RETURNED
PAY-00000781,CLIENT-0334,ACC-000977,2026-05-14,INBOUND,ACH,USD,196250.56,MX,PENDING
PAY-00000782,CLIENT-0180,ACC-000542,2025-12-03,INBOUND,ACH,USD,98397.97,DE,SETTLED
PAY-00000783,CLIENT-0476,ACC-001408,2024-05-12,INBOUND,WIRE,USD,196007.18,AU,SETTLED
PAY-00000784,CLIENT-0436,ACC-001288,2026-01-07,INBOUND,WIRE,USD,146593.75,CH,SETTLED
PAY-00000785,CLIENT-0472,ACC-001398,2024-07-12,INBOUND,ACH,USD,17176.91,AU,SETTLED
PAY-00000786,CLIENT-0090,ACC-000253,2024-08-02,OUTBOUND,CARD,EUR,126502.30,CH,RETURNED
PAY-00000787,CLIENT-0086,ACC-000242,2025-03-24,INBOUND,BOOK_TRANSFER,USD,741.49,IN,SETTLED
PAY-00000788,CLIENT-0015,ACC-000037,2025-09-22,OUTBOUND,REAL_TIME_PAYMENT,EUR,171873.52,FR,SETTLED
PAY-00000789,CLIENT-0399,ACC-001167,2025-12-05,OUTBOUND,SWIFT,EUR,6972.10,US,SETTLED
PAY-00000790,CLIENT-0346,ACC-001015,2025-07-01,INBOUND,ACH,USD,28371.12,DE,SETTLED
PAY-00000791,CLIENT-0158,ACC-000477,2025-10-07,OUTBOUND,SWIFT,EUR,227992.94,JP,SETTLED
PAY-00000792,CLIENT-0167,ACC-000507,2026-01-10,OUTBOUND,CARD,USD,154837.68,CA,SETTLED
PAY-00000793,CLIENT-0440,ACC-001300,2026-07-05,OUTBOUND,WIRE,USD,10200.90,AU,SETTLED
PAY-00000794,CLIENT-0066,ACC-000183,2024-04-05,OUTBOUND,FX_TRANSFER,USD,131726.95,US,SETTLED
PAY-00000795,CLIENT-0489,ACC-001458,2026-07-05,OUTBOUND,BOOK_TRANSFER,GBP,71711.46,GB,PENDING
PAY-00000796,CLIENT-0181,ACC-000547,2024-08-06,OUTBOUND,ACH,CAD,9997.13,JP,PENDING
PAY-00000797,CLIENT-0321,ACC-000944,2026-06-10,INBOUND,BOOK_TRANSFER,USD,36278.43,US,PENDING
PAY-00000798,CLIENT-0189,ACC-000566,2026-06-14,OUTBOUND,ACH,USD,4749.81,NL,REJECTED
PAY-00000799,CLIENT-0048,ACC-000128,2026-07-31,INBOUND,BOOK_TRANSFER,USD,96106.32,FR,SETTLED
PAY-00000800,CLIENT-0421,ACC-001243,2025-07-07,INBOUND,SWIFT,EUR,175269.12,FR,SETTLED
PAY-00000801,CLIENT-0368,ACC-001075,2026-07-11,OUTBOUND,REAL_TIME_PAYMENT,USD,66852.37,SG,SETTLED
PAY-00000802,CLIENT-0346,ACC-001014,2025-04-02,OUTBOUND,SEPA,AUD,78760.20,SG,SETTLED
PAY-00000803,CLIENT-0392,ACC-001138,2026-07-14,INBOUND,SEPA,USD,138812.56,CH,SETTLED
PAY-00000804,CLIENT-0271,ACC-000810,2026-04-28,INBOUND,BOOK_TRANSFER,EUR,126890.76,AE,SETTLED
PAY-00000805,CLIENT-0379,ACC-001103,2025-08-01,INBOUND,CARD,USD,2601.91,CA,REJECTED
PAY-00000806,CLIENT-0189,ACC-000568,2025-09-10,OUTBOUND,CARD,USD,1797.15,MX,SETTLED
PAY-00000807,CLIENT-0436,ACC-001287,2026-01-16,OUTBOUND,FX_TRANSFER,USD,209851.37,BR,PENDING
PAY-00000808,CLIENT-0186,ACC-000555,2025-12-27,INBOUND,SEPA,USD,72808.17,AU,SETTLED
PAY-00000809,CLIENT-0010,ACC-000021,2026-07-21,INBOUND,WIRE,CAD,57822.07,NL,SETTLED
PAY-00000810,CLIENT-0442,ACC-001304,2025-05-20,OUTBOUND,ACH,USD,7993.53,AU,PENDING
PAY-00000811,CLIENT-0288,ACC-000855,2025-03-02,INBOUND,FX_TRANSFER,BRL,32093.60,AE,SETTLED
PAY-00000812,CLIENT-0145,ACC-000431,2024-03-18,INBOUND,REAL_TIME_PAYMENT,USD,206951.81,CA,SETTLED
PAY-00000813,CLIENT-0237,ACC-000713,2026-06-06,INBOUND,ACH,CAD,27764.58,CH,SETTLED
PAY-00000814,CLIENT-0134,ACC-000399,2025-04-19,INBOUND,SWIFT,USD,127069.62,JP,PENDING
PAY-00000815,CLIENT-0189,ACC-000566,2026-03-05,OUTBOUND,SEPA,USD,14240.11,US,SETTLED
PAY-00000816,CLIENT-0006,ACC-000011,2024-08-19,OUTBOUND,ACH,EUR,3860.56,DE,SETTLED
PAY-00000817,CLIENT-0301,ACC-000887,2025-09-28,INBOUND,CARD,USD,24083.83,BR,SETTLED
PAY-00000818,CLIENT-0187,ACC-000559,2026-02-07,INBOUND,REAL_TIME_PAYMENT,AED,6926.40,BR,SETTLED
PAY-00000819,CLIENT-0271,ACC-000807,2024-12-18,INBOUND,SWIFT,GBP,6006.55,DE,SETTLED
PAY-00000820,CLIENT-0272,ACC-000813,2026-04-02,OUTBOUND,REAL_TIME_PAYMENT,USD,196098.92,DE,SETTLED
PAY-00000821,CLIENT-0105,ACC-000300,2026-06-30,OUTBOUND,WIRE,USD,6298.42,MX,PENDING
PAY-00000822,CLIENT-0490,ACC-001465,2026-05-06,INBOUND,ACH,BRL,4972.29,GB,SETTLED
PAY-00000823,CLIENT-0408,ACC-001199,2026-03-12,INBOUND,ACH,EUR,183316.57,AE,SETTLED
PAY-00000824,CLIENT-0455,ACC-001341,2025-03-17,OUTBOUND,SWIFT,SGD,154878.42,IN,SETTLED
PAY-00000825,CLIENT-0125,ACC-000371,2024-03-07,OUTBOUND,REAL_TIME_PAYMENT,MXN,7485.86,US,SETTLED
PAY-00000826,CLIENT-0378,ACC-001097,2025-12-30,INBOUND,ACH,EUR,30643.61,JP,SETTLED
PAY-00000827,CLIENT-0096,ACC-000271,2026-06-20,OUTBOUND,REAL_TIME_PAYMENT,JPY,9468.93,SG,SETTLED
PAY-00000828,CLIENT-0386,ACC-001121,2024-08-01,OUTBOUND,REAL_TIME_PAYMENT,USD,150549.36,NL,SETTLED
PAY-00000829,CLIENT-0125,ACC-000371,2024-05-22,INBOUND,WIRE,MXN,32211.55,BR,RETURNED
PAY-00000830,CLIENT-0238,ACC-000717,2026-07-30,INBOUND,CARD,USD,35130.96,SG,SETTLED
PAY-00000831,CLIENT-0445,ACC-001311,2026-01-17,OUTBOUND,SWIFT,USD,74805.05,SG,SETTLED
PAY-00000832,CLIENT-0031,ACC-000083,2026-03-13,INBOUND,SWIFT,USD,61395.83,MX,RETURNED
PAY-00000833,CLIENT-0389,ACC-001129,2024-09-01,INBOUND,CARD,USD,586.71,CA,SETTLED
PAY-00000834,CLIENT-0155,ACC-000468,2025-03-27,OUTBOUND,CARD,JPY,185454.09,CA,REJECTED
PAY-00000835,CLIENT-0222,ACC-000665,2024-04-01,INBOUND,WIRE,EUR,38630.47,JP,SETTLED
PAY-00000836,CLIENT-0396,ACC-001155,2024-10-22,OUTBOUND,SEPA,USD,7860.21,GB,SETTLED
PAY-00000837,CLIENT-0396,ACC-001157,2024-12-04,INBOUND,ACH,USD,233438.81,FR,SETTLED
PAY-00000838,CLIENT-0415,ACC-001225,2025-10-30,OUTBOUND,SEPA,USD,13158.37,AU,SETTLED
PAY-00000839,CLIENT-0092,ACC-000260,2026-06-08,OUTBOUND,FX_TRANSFER,AUD,148836.22,IN,SETTLED
PAY-00000840,CLIENT-0451,ACC-001332,2026-02-05,INBOUND,REAL_TIME_PAYMENT,GBP,3237.61,NL,SETTLED
PAY-00000841,CLIENT-0327,ACC-000962,2025-11-20,OUTBOUND,WIRE,USD,22900.66,CA,RETURNED
PAY-00000842,CLIENT-0030,ACC-000081,2024-09-17,OUTBOUND,SEPA,EUR,34776.34,AU,SETTLED
PAY-00000843,CLIENT-0134,ACC-000398,2025-11-27,INBOUND,CARD,USD,93320.41,CA,REJECTED
PAY-00000844,CLIENT-0043,ACC-000116,2025-11-21,OUTBOUND,REAL_TIME_PAYMENT,USD,25838.00,CH,SETTLED
PAY-00000845,CLIENT-0347,ACC-001018,2026-04-13,INBOUND,WIRE,INR,216623.16,US,SETTLED
PAY-00000846,CLIENT-0417,ACC-001232,2025-11-27,OUTBOUND,WIRE,JPY,27899.03,NL,SETTLED
PAY-00000847,CLIENT-0066,ACC-000180,2024-09-29,INBOUND,WIRE,USD,54412.84,US,PENDING
PAY-00000848,CLIENT-0018,ACC-000045,2026-07-24,INBOUND,SWIFT,SGD,23071.46,MX,SETTLED
PAY-00000849,CLIENT-0106,ACC-000302,2026-05-18,OUTBOUND,SWIFT,USD,182456.67,DE,SETTLED
PAY-00000850,CLIENT-0401,ACC-001174,2026-03-12,INBOUND,REAL_TIME_PAYMENT,EUR,13762.61,AE,SETTLED
PAY-00000851,CLIENT-0140,ACC-000418,2026-03-19,INBOUND,SEPA,USD,206837.52,US,SETTLED
PAY-00000852,CLIENT-0011,ACC-000024,2026-07-15,OUTBOUND,WIRE,USD,9063.70,CH,SETTLED
PAY-00000853,CLIENT-0093,ACC-000263,2026-07-24,OUTBOUND,SEPA,MXN,99133.68,AU,SETTLED
PAY-00000854,CLIENT-0235,ACC-000704,2025-04-24,OUTBOUND,CARD,MXN,107043.22,GB,SETTLED
PAY-00000855,CLIENT-0500,ACC-001487,2025-06-07,INBOUND,FX_TRANSFER,MXN,11153.18,FR,SETTLED
PAY-00000856,CLIENT-0064,ACC-000175,2024-10-04,INBOUND,REAL_TIME_PAYMENT,USD,173935.14,AE,REJECTED
PAY-00000857,CLIENT-0279,ACC-000831,2024-04-30,OUTBOUND,FX_TRANSFER,USD,138661.05,IE,SETTLED
PAY-00000858,CLIENT-0017,ACC-000043,2026-04-06,OUTBOUND,SWIFT,CAD,6798.39,IN,SETTLED
PAY-00000859,CLIENT-0080,ACC-000222,2025-06-27,INBOUND,REAL_TIME_PAYMENT,EUR,211712.07,FR,SETTLED
PAY-00000860,CLIENT-0045,ACC-000118,2026-06-02,INBOUND,SEPA,USD,31735.88,NL,SETTLED
PAY-00000861,CLIENT-0015,ACC-000037,2026-05-08,INBOUND,CARD,EUR,89783.87,CH,PENDING
PAY-00000862,CLIENT-0480,ACC-001426,2026-04-18,OUTBOUND,WIRE,USD,4389.83,IN,SETTLED
PAY-00000863,CLIENT-0349,ACC-001022,2026-03-03,INBOUND,ACH,GBP,80139.52,CH,SETTLED
PAY-00000864,CLIENT-0240,ACC-000722,2024-08-15,INBOUND,CARD,USD,7277.65,CA,SETTLED
PAY-00000865,CLIENT-0205,ACC-000612,2025-08-17,OUTBOUND,REAL_TIME_PAYMENT,USD,9033.99,BR,PENDING
PAY-00000866,CLIENT-0364,ACC-001063,2026-02-09,INBOUND,REAL_TIME_PAYMENT,JPY,98644.00,IE,SETTLED
PAY-00000867,CLIENT-0158,ACC-000477,2024-09-23,OUTBOUND,REAL_TIME_PAYMENT,EUR,65223.86,MX,SETTLED
PAY-00000868,CLIENT-0475,ACC-001405,2025-04-14,INBOUND,FX_TRANSFER,EUR,93962.49,CH,SETTLED
PAY-00000869,CLIENT-0488,ACC-001455,2025-08-18,OUTBOUND,WIRE,USD,143265.77,AE,SETTLED
PAY-00000870,CLIENT-0354,ACC-001039,2026-02-09,OUTBOUND,SEPA,USD,195041.89,CA,SETTLED
PAY-00000871,CLIENT-0200,ACC-000601,2025-01-20,INBOUND,CARD,AUD,12026.56,AU,SETTLED
PAY-00000872,CLIENT-0136,ACC-000404,2026-06-13,OUTBOUND,FX_TRANSFER,CHF,181959.14,AE,SETTLED
PAY-00000873,CLIENT-0054,ACC-000150,2026-06-19,INBOUND,FX_TRANSFER,USD,12899.32,CH,SETTLED
PAY-00000874,CLIENT-0420,ACC-001242,2025-07-15,INBOUND,BOOK_TRANSFER,AUD,13262.54,AE,SETTLED
PAY-00000875,CLIENT-0226,ACC-000675,2024-11-20,INBOUND,BOOK_TRANSFER,USD,16106.41,DE,SETTLED
PAY-00000876,CLIENT-0403,ACC-001184,2026-07-09,OUTBOUND,BOOK_TRANSFER,USD,103202.53,AU,SETTLED
PAY-00000877,CLIENT-0141,ACC-000420,2025-02-10,OUTBOUND,CARD,CAD,99298.43,JP,SETTLED
PAY-00000878,CLIENT-0222,ACC-000664,2025-06-19,OUTBOUND,WIRE,USD,184758.98,IE,PENDING
PAY-00000879,CLIENT-0007,ACC-000013,2026-07-24,INBOUND,WIRE,USD,199332.97,SG,PENDING
PAY-00000880,CLIENT-0320,ACC-000939,2024-10-17,OUTBOUND,SEPA,INR,236496.44,GB,SETTLED
PAY-00000881,CLIENT-0409,ACC-001201,2025-11-10,INBOUND,SWIFT,MXN,216281.61,BR,SETTLED
PAY-00000882,CLIENT-0440,ACC-001299,2026-04-16,OUTBOUND,REAL_TIME_PAYMENT,CAD,2268.33,SG,SETTLED
PAY-00000883,CLIENT-0387,ACC-001123,2026-04-02,OUTBOUND,ACH,EUR,3764.46,GB,SETTLED
PAY-00000884,CLIENT-0114,ACC-000332,2026-07-06,OUTBOUND,CARD,USD,443.39,CA,SETTLED
PAY-00000885,CLIENT-0095,ACC-000267,2025-11-27,OUTBOUND,REAL_TIME_PAYMENT,USD,53871.49,IN,RETURNED
PAY-00000886,CLIENT-0261,ACC-000782,2025-01-09,INBOUND,REAL_TIME_PAYMENT,BRL,132062.04,CH,SETTLED
PAY-00000887,CLIENT-0092,ACC-000261,2025-02-20,INBOUND,WIRE,AUD,186311.08,DE,SETTLED
PAY-00000888,CLIENT-0243,ACC-000731,2026-07-18,INBOUND,CARD,USD,58310.90,NL,SETTLED
PAY-00000889,CLIENT-0202,ACC-000606,2026-05-06,OUTBOUND,CARD,USD,227906.38,US,SETTLED
PAY-00000890,CLIENT-0047,ACC-000125,2025-08-21,INBOUND,BOOK_TRANSFER,USD,93143.61,AU,SETTLED
PAY-00000891,CLIENT-0355,ACC-001041,2025-10-26,INBOUND,WIRE,USD,110794.95,DE,SETTLED
PAY-00000892,CLIENT-0456,ACC-001347,2025-09-16,OUTBOUND,SEPA,BRL,57059.96,GB,SETTLED
PAY-00000893,CLIENT-0362,ACC-001058,2025-04-01,OUTBOUND,REAL_TIME_PAYMENT,USD,45682.10,JP,SETTLED
PAY-00000894,CLIENT-0399,ACC-001168,2026-07-12,OUTBOUND,SEPA,EUR,6331.44,CA,SETTLED
PAY-00000895,CLIENT-0049,ACC-000135,2026-04-16,OUTBOUND,SWIFT,USD,210031.52,IN,SETTLED
PAY-00000896,CLIENT-0120,ACC-000352,2026-01-24,OUTBOUND,FX_TRANSFER,CHF,13125.46,AU,RETURNED
PAY-00000897,CLIENT-0286,ACC-000846,2024-09-09,INBOUND,CARD,USD,94579.81,BR,SETTLED
PAY-00000898,CLIENT-0031,ACC-000085,2026-07-10,INBOUND,SWIFT,EUR,240493.15,MX,SETTLED
PAY-00000899,CLIENT-0194,ACC-000575,2026-04-21,INBOUND,CARD,EUR,87494.50,AU,SETTLED
PAY-00000900,CLIENT-0035,ACC-000094,2026-06-21,OUTBOUND,BOOK_TRANSFER,EUR,240918.33,JP,SETTLED
PAY-00000901,CLIENT-0477,ACC-001412,2026-01-11,INBOUND,FX_TRANSFER,USD,10183.58,AU,SETTLED
PAY-00000902,CLIENT-0029,ACC-000078,2026-06-24,INBOUND,WIRE,USD,33602.12,AU,SETTLED
PAY-00000903,CLIENT-0381,ACC-001109,2025-05-02,INBOUND,BOOK_TRANSFER,CHF,103767.74,IE,SETTLED
PAY-00000904,CLIENT-0381,ACC-001108,2026-01-18,OUTBOUND,WIRE,EUR,77742.98,CA,SETTLED
PAY-00000905,CLIENT-0021,ACC-000058,2026-06-07,OUTBOUND,REAL_TIME_PAYMENT,GBP,229584.63,AE,SETTLED
PAY-00000906,CLIENT-0310,ACC-000914,2026-03-09,INBOUND,SWIFT,USD,189475.73,AE,SETTLED
PAY-00000907,CLIENT-0440,ACC-001299,2026-04-24,INBOUND,WIRE,CAD,9271.31,IE,SETTLED
PAY-00000908,CLIENT-0155,ACC-000465,2025-07-13,INBOUND,REAL_TIME_PAYMENT,USD,122219.13,NL,SETTLED
PAY-00000909,CLIENT-0417,ACC-001231,2025-01-16,OUTBOUND,CARD,BRL,7262.26,US,SETTLED
PAY-00000910,CLIENT-0465,ACC-001373,2024-06-04,OUTBOUND,WIRE,USD,1089.67,BR,SETTLED
PAY-00000911,CLIENT-0270,ACC-000806,2024-05-30,OUTBOUND,BOOK_TRANSFER,CHF,9886.95,IN,SETTLED
PAY-00000912,CLIENT-0110,ACC-000319,2025-04-17,INBOUND,WIRE,CAD,6839.54,DE,SETTLED
PAY-00000913,CLIENT-0270,ACC-000804,2025-01-14,INBOUND,REAL_TIME_PAYMENT,USD,9915.61,CH,SETTLED
PAY-00000914,CLIENT-0155,ACC-000465,2026-05-10,INBOUND,ACH,USD,59642.60,US,SETTLED
PAY-00000915,CLIENT-0040,ACC-000110,2026-06-25,OUTBOUND,BOOK_TRANSFER,USD,49209.68,SG,SETTLED
PAY-00000916,CLIENT-0351,ACC-001029,2026-07-15,OUTBOUND,BOOK_TRANSFER,EUR,13225.57,IE,REJECTED
PAY-00000917,CLIENT-0301,ACC-000887,2025-10-10,OUTBOUND,CARD,USD,61292.06,AE,SETTLED
PAY-00000918,CLIENT-0027,ACC-000072,2025-06-29,OUTBOUND,ACH,USD,36901.40,SG,SETTLED
PAY-00000919,CLIENT-0495,ACC-001478,2024-09-27,INBOUND,SWIFT,USD,3388.72,IN,PENDING
PAY-00000920,CLIENT-0430,ACC-001268,2025-11-25,INBOUND,SWIFT,INR,10510.92,IE,SETTLED
PAY-00000921,CLIENT-0203,ACC-000609,2025-01-15,INBOUND,ACH,EUR,14751.46,SG,SETTLED
PAY-00000922,CLIENT-0110,ACC-000319,2026-03-04,OUTBOUND,WIRE,CAD,12904.47,JP,SETTLED
PAY-00000923,CLIENT-0378,ACC-001099,2026-05-22,OUTBOUND,SWIFT,SGD,203879.06,US,SETTLED
PAY-00000924,CLIENT-0340,ACC-000993,2026-05-19,INBOUND,FX_TRANSFER,USD,13104.86,BR,SETTLED
PAY-00000925,CLIENT-0076,ACC-000214,2025-03-22,OUTBOUND,BOOK_TRANSFER,USD,167316.55,IN,SETTLED
PAY-00000926,CLIENT-0152,ACC-000456,2024-01-13,OUTBOUND,REAL_TIME_PAYMENT,INR,12962.17,IN,SETTLED
PAY-00000927,CLIENT-0400,ACC-001172,2025-11-27,INBOUND,REAL_TIME_PAYMENT,USD,77723.63,BR,SETTLED
PAY-00000928,CLIENT-0400,ACC-001172,2025-05-07,INBOUND,BOOK_TRANSFER,USD,182768.70,AU,SETTLED
PAY-00000929,CLIENT-0200,ACC-000598,2025-11-05,INBOUND,ACH,AUD,5277.24,FR,SETTLED
PAY-00000930,CLIENT-0233,ACC-000698,2025-05-09,OUTBOUND,ACH,USD,181261.40,BR,SETTLED
PAY-00000931,CLIENT-0214,ACC-000637,2025-07-26,OUTBOUND,SEPA,USD,161196.25,IN,SETTLED
PAY-00000932,CLIENT-0326,ACC-000956,2026-05-12,INBOUND,SEPA,USD,55991.12,NL,SETTLED
PAY-00000933,CLIENT-0247,ACC-000745,2025-11-08,OUTBOUND,FX_TRANSFER,MXN,114255.50,US,SETTLED
PAY-00000934,CLIENT-0337,ACC-000984,2026-07-30,INBOUND,BOOK_TRANSFER,CAD,8446.30,CA,SETTLED
PAY-00000935,CLIENT-0498,ACC-001484,2024-08-28,OUTBOUND,ACH,USD,61232.09,BR,SETTLED
PAY-00000936,CLIENT-0037,ACC-000097,2025-09-03,OUTBOUND,SEPA,USD,173084.15,US,SETTLED
PAY-00000937,CLIENT-0105,ACC-000300,2026-06-01,INBOUND,WIRE,USD,4076.27,US,SETTLED
PAY-00000938,CLIENT-0398,ACC-001164,2025-10-05,OUTBOUND,ACH,USD,1686.34,AE,SETTLED
PAY-00000939,CLIENT-0388,ACC-001128,2025-02-26,INBOUND,BOOK_TRANSFER,EUR,85389.89,NL,RETURNED
PAY-00000940,CLIENT-0403,ACC-001183,2024-12-25,OUTBOUND,WIRE,USD,63366.16,JP,SETTLED
PAY-00000941,CLIENT-0198,ACC-000592,2025-12-02,INBOUND,SWIFT,USD,3011.51,CH,SETTLED
PAY-00000942,CLIENT-0150,ACC-000452,2026-03-29,OUTBOUND,ACH,USD,3950.86,IN,SETTLED
PAY-00000943,CLIENT-0121,ACC-000357,2026-04-02,OUTBOUND,FX_TRANSFER,USD,8048.63,BR,SETTLED
PAY-00000944,CLIENT-0356,ACC-001048,2024-06-13,INBOUND,WIRE,SGD,84763.68,US,SETTLED
PAY-00000945,CLIENT-0351,ACC-001030,2026-07-30,INBOUND,BOOK_TRANSFER,EUR,6666.69,FR,SETTLED
PAY-00000946,CLIENT-0433,ACC-001275,2026-02-10,INBOUND,ACH,EUR,39623.14,GB,PENDING
PAY-00000947,CLIENT-0052,ACC-000144,2025-08-24,INBOUND,ACH,EUR,130456.11,NL,SETTLED
PAY-00000948,CLIENT-0401,ACC-001176,2025-03-14,OUTBOUND,ACH,EUR,1096.55,AU,SETTLED
PAY-00000949,CLIENT-0116,ACC-000338,2026-07-26,OUTBOUND,SEPA,USD,11939.62,IE,SETTLED
PAY-00000950,CLIENT-0052,ACC-000144,2024-04-13,OUTBOUND,SEPA,EUR,61403.95,CH,SETTLED
PAY-00000951,CLIENT-0252,ACC-000757,2025-07-21,INBOUND,REAL_TIME_PAYMENT,USD,14629.20,GB,SETTLED
PAY-00000952,CLIENT-0427,ACC-001262,2025-11-21,OUTBOUND,SEPA,USD,144141.58,DE,SETTLED
PAY-00000953,CLIENT-0317,ACC-000932,2025-05-19,OUTBOUND,CARD,USD,42522.66,CH,SETTLED
PAY-00000954,CLIENT-0150,ACC-000452,2025-12-02,INBOUND,CARD,USD,234126.69,US,SETTLED
PAY-00000955,CLIENT-0201,ACC-000603,2025-10-23,INBOUND,REAL_TIME_PAYMENT,USD,12261.80,IN,PENDING
PAY-00000956,CLIENT-0483,ACC-001435,2026-02-23,OUTBOUND,SEPA,CAD,13672.10,JP,SETTLED
PAY-00000957,CLIENT-0138,ACC-000411,2026-03-29,INBOUND,CARD,MXN,238395.65,NL,SETTLED
PAY-00000958,CLIENT-0326,ACC-000957,2025-05-28,INBOUND,REAL_TIME_PAYMENT,USD,165000.61,US,SETTLED
PAY-00000959,CLIENT-0198,ACC-000592,2026-07-09,INBOUND,BOOK_TRANSFER,USD,3782.11,SG,PENDING
PAY-00000960,CLIENT-0125,ACC-000370,2025-02-14,OUTBOUND,ACH,EUR,240522.59,IN,SETTLED
PAY-00000961,CLIENT-0277,ACC-000827,2025-11-15,INBOUND,FX_TRANSFER,CAD,14460.94,AE,SETTLED
PAY-00000962,CLIENT-0076,ACC-000211,2024-06-23,OUTBOUND,CARD,USD,243426.71,DE,SETTLED
PAY-00000963,CLIENT-0037,ACC-000097,2026-01-14,INBOUND,BOOK_TRANSFER,USD,67524.37,SG,SETTLED
PAY-00000964,CLIENT-0232,ACC-000693,2026-02-09,OUTBOUND,ACH,USD,51566.34,NL,SETTLED
PAY-00000965,CLIENT-0005,ACC-000010,2026-02-06,OUTBOUND,BOOK_TRANSFER,CAD,158556.76,AE,SETTLED
PAY-00000966,CLIENT-0348,ACC-001020,2026-02-05,OUTBOUND,CARD,USD,119585.57,IE,SETTLED
PAY-00000967,CLIENT-0214,ACC-000639,2026-05-21,OUTBOUND,SWIFT,USD,192408.01,BR,SETTLED
PAY-00000968,CLIENT-0152,ACC-000456,2024-05-26,OUTBOUND,SEPA,INR,9705.94,BR,SETTLED
PAY-00000969,CLIENT-0037,ACC-000098,2026-06-26,INBOUND,BOOK_TRANSFER,USD,31496.65,AE,SETTLED
PAY-00000970,CLIENT-0062,ACC-000170,2026-07-18,INBOUND,REAL_TIME_PAYMENT,USD,218264.41,NL,SETTLED
PAY-00000971,CLIENT-0129,ACC-000381,2026-05-19,OUTBOUND,BOOK_TRANSFER,EUR,5055.99,MX,REJECTED
PAY-00000972,CLIENT-0130,ACC-000386,2024-07-13,OUTBOUND,ACH,USD,18017.69,AE,SETTLED
PAY-00000973,CLIENT-0349,ACC-001022,2026-07-05,OUTBOUND,FX_TRANSFER,GBP,69550.33,NL,SETTLED
PAY-00000974,CLIENT-0343,ACC-001006,2025-05-12,INBOUND,CARD,USD,243927.45,CA,PENDING
PAY-00000975,CLIENT-0067,ACC-000184,2026-06-22,OUTBOUND,SEPA,USD,17967.60,AU,SETTLED
PAY-00000976,CLIENT-0284,ACC-000841,2026-07-06,OUTBOUND,REAL_TIME_PAYMENT,USD,65444.68,CA,SETTLED
PAY-00000977,CLIENT-0288,ACC-000853,2025-12-20,INBOUND,BOOK_TRANSFER,USD,5455.75,MX,SETTLED
PAY-00000978,CLIENT-0226,ACC-000672,2025-04-01,INBOUND,WIRE,USD,84173.44,CA,SETTLED
PAY-00000979,CLIENT-0011,ACC-000025,2026-05-14,INBOUND,FX_TRANSFER,USD,6141.72,BR,SETTLED
PAY-00000980,CLIENT-0178,ACC-000536,2026-06-19,INBOUND,REAL_TIME_PAYMENT,CAD,79321.36,GB,REJECTED
PAY-00000981,CLIENT-0162,ACC-000490,2025-03-07,OUTBOUND,ACH,EUR,9612.63,IN,SETTLED
PAY-00000982,CLIENT-0329,ACC-000968,2026-05-31,OUTBOUND,ACH,USD,68444.78,IN,SETTLED
PAY-00000983,CLIENT-0263,ACC-000790,2025-11-27,OUTBOUND,SEPA,EUR,2574.29,AU,SETTLED
PAY-00000984,CLIENT-0097,ACC-000279,2024-08-21,OUTBOUND,BOOK_TRANSFER,EUR,249493.13,MX,SETTLED
PAY-00000985,CLIENT-0165,ACC-000498,2025-07-13,INBOUND,SWIFT,USD,1978.28,MX,SETTLED
PAY-00000986,CLIENT-0343,ACC-001004,2024-06-21,INBOUND,SWIFT,USD,15804.61,AU,SETTLED
PAY-00000987,CLIENT-0488,ACC-001455,2024-06-30,INBOUND,BOOK_TRANSFER,USD,69320.41,NL,SETTLED
PAY-00000988,CLIENT-0200,ACC-000598,2025-05-15,INBOUND,WIRE,AUD,6067.65,CH,SETTLED
PAY-00000989,CLIENT-0391,ACC-001136,2025-02-08,OUTBOUND,FX_TRANSFER,USD,14120.00,NL,SETTLED
PAY-00000990,CLIENT-0290,ACC-000859,2026-02-19,INBOUND,SWIFT,EUR,6678.73,DE,SETTLED
PAY-00000991,CLIENT-0413,ACC-001218,2026-07-21,OUTBOUND,REAL_TIME_PAYMENT,EUR,165902.76,DE,SETTLED
PAY-00000992,CLIENT-0305,ACC-000895,2024-04-26,OUTBOUND,SEPA,USD,7239.69,NL,SETTLED
PAY-00000993,CLIENT-0449,ACC-001322,2025-08-13,OUTBOUND,ACH,USD,119675.20,IN,SETTLED
PAY-00000994,CLIENT-0165,ACC-000499,2026-03-07,OUTBOUND,CARD,INR,8675.89,CH,SETTLED
PAY-00000995,CLIENT-0236,ACC-000709,2026-07-15,OUTBOUND,BOOK_TRANSFER,USD,67.95,IN,SETTLED
PAY-00000996,CLIENT-0372,ACC-001084,2026-07-25,OUTBOUND,ACH,EUR,10223.02,AU,SETTLED
PAY-00000997,CLIENT-0125,ACC-000371,2024-09-01,INBOUND,SWIFT,MXN,237683.48,CH,SETTLED
PAY-00000998,CLIENT-0198,ACC-000592,2026-03-03,INBOUND,SEPA,USD,12243.37,DE,SETTLED
PAY-00000999,CLIENT-0389,ACC-001132,2025-12-25,INBOUND,REAL_TIME_PAYMENT,USD,5216.71,IE,SETTLED
PAY-00001000,CLIENT-0433,ACC-001276,2024-02-28,INBOUND,ACH,USD,1669.21,DE,SETTLED
PAY-00001001,CLIENT-0404,ACC-001187,2024-05-05,OUTBOUND,REAL_TIME_PAYMENT,USD,107577.26,AU,SETTLED
PAY-00001002,CLIENT-0272,ACC-000813,2026-01-03,INBOUND,FX_TRANSFER,USD,20429.66,SG,SETTLED
PAY-00001003,CLIENT-0414,ACC-001221,2024-03-29,INBOUND,WIRE,USD,46185.62,CH,SETTLED
PAY-00001004,CLIENT-0401,ACC-001173,2025-06-26,OUTBOUND,FX_TRANSFER,EUR,11030.12,FR,PENDING
PAY-00001005,CLIENT-0114,ACC-000332,2026-06-14,INBOUND,ACH,USD,123830.82,AE,SETTLED
PAY-00001006,CLIENT-0430,ACC-001268,2025-07-20,INBOUND,ACH,INR,174114.07,JP,SETTLED
PAY-00001007,CLIENT-0420,ACC-001242,2026-07-08,INBOUND,SEPA,AUD,225184.63,SG,REJECTED
PAY-00001008,CLIENT-0244,ACC-000739,2026-03-12,OUTBOUND,CARD,EUR,2087.51,IN,PENDING
PAY-00001009,CLIENT-0229,ACC-000680,2024-04-28,OUTBOUND,SWIFT,INR,241893.31,BR,SETTLED
PAY-00001010,CLIENT-0266,ACC-000794,2026-04-22,OUTBOUND,REAL_TIME_PAYMENT,EUR,14937.07,DE,REJECTED
PAY-00001011,CLIENT-0477,ACC-001412,2026-07-10,OUTBOUND,SWIFT,USD,11977.37,JP,SETTLED
PAY-00001012,CLIENT-0445,ACC-001311,2026-03-31,OUTBOUND,SWIFT,USD,71815.22,US,SETTLED
PAY-00001013,CLIENT-0154,ACC-000462,2026-06-02,INBOUND,ACH,GBP,13891.99,BR,PENDING
PAY-00001014,CLIENT-0300,ACC-000884,2024-06-19,OUTBOUND,BOOK_TRANSFER,USD,79989.45,MX,SETTLED
PAY-00001015,CLIENT-0445,ACC-001311,2024-08-09,INBOUND,WIRE,USD,212474.76,SG,SETTLED
PAY-00001016,CLIENT-0326,ACC-000956,2025-08-10,INBOUND,CARD,USD,86808.00,AE,SETTLED
PAY-00001017,CLIENT-0155,ACC-000467,2025-03-16,INBOUND,SEPA,JPY,3962.48,NL,SETTLED
PAY-00001018,CLIENT-0051,ACC-000139,2026-02-21,INBOUND,WIRE,CAD,138497.35,IN,SETTLED
PAY-00001019,CLIENT-0489,ACC-001456,2026-04-05,OUTBOUND,FX_TRANSFER,GBP,246850.45,AE,PENDING
PAY-00001020,CLIENT-0057,ACC-000160,2024-10-14,OUTBOUND,BOOK_TRANSFER,SGD,13213.01,SG,SETTLED
PAY-00001021,CLIENT-0123,ACC-000365,2025-06-18,OUTBOUND,WIRE,INR,161097.23,NL,SETTLED
PAY-00001022,CLIENT-0314,ACC-000924,2026-06-17,INBOUND,FX_TRANSFER,EUR,44759.30,AE,SETTLED
PAY-00001023,CLIENT-0418,ACC-001238,2026-03-18,OUTBOUND,WIRE,USD,218207.66,MX,SETTLED
PAY-00001024,CLIENT-0306,ACC-000901,2025-06-11,OUTBOUND,FX_TRANSFER,EUR,786.98,CA,SETTLED
PAY-00001025,CLIENT-0096,ACC-000273,2025-02-23,INBOUND,WIRE,JPY,8203.34,IN,SETTLED
PAY-00001026,CLIENT-0331,ACC-000971,2026-07-04,OUTBOUND,REAL_TIME_PAYMENT,USD,78007.59,NL,SETTLED
PAY-00001027,CLIENT-0146,ACC-000436,2026-03-25,OUTBOUND,REAL_TIME_PAYMENT,CAD,227934.41,FR,REJECTED
PAY-00001028,CLIENT-0237,ACC-000713,2026-03-25,OUTBOUND,SEPA,CAD,110668.67,MX,SETTLED
PAY-00001029,CLIENT-0012,ACC-000029,2026-01-12,OUTBOUND,BOOK_TRANSFER,USD,4619.45,CA,SETTLED
PAY-00001030,CLIENT-0478,ACC-001415,2026-03-12,OUTBOUND,REAL_TIME_PAYMENT,SGD,183611.95,IN,SETTLED
PAY-00001031,CLIENT-0341,ACC-001000,2026-07-19,OUTBOUND,BOOK_TRANSFER,USD,4242.50,BR,SETTLED
PAY-00001032,CLIENT-0068,ACC-000190,2026-05-22,INBOUND,BOOK_TRANSFER,MXN,196659.10,MX,SETTLED
PAY-00001033,CLIENT-0117,ACC-000342,2026-01-19,OUTBOUND,SEPA,USD,132315.43,CA,SETTLED
PAY-00001034,CLIENT-0479,ACC-001421,2026-07-25,OUTBOUND,ACH,EUR,80707.12,IE,SETTLED
PAY-00001035,CLIENT-0198,ACC-000590,2026-01-31,INBOUND,SEPA,USD,12699.34,MX,SETTLED
PAY-00001036,CLIENT-0014,ACC-000033,2026-07-14,OUTBOUND,FX_TRANSFER,USD,62748.34,AU,SETTLED
PAY-00001037,CLIENT-0484,ACC-001438,2026-05-28,OUTBOUND,SWIFT,USD,33380.57,CH,PENDING
PAY-00001038,CLIENT-0057,ACC-000160,2024-03-28,OUTBOUND,SEPA,SGD,4391.40,IN,SETTLED
PAY-00001039,CLIENT-0356,ACC-001044,2025-02-04,INBOUND,REAL_TIME_PAYMENT,USD,159045.55,AU,SETTLED
PAY-00001040,CLIENT-0314,ACC-000923,2026-06-09,OUTBOUND,ACH,EUR,207068.62,CA,SETTLED
PAY-00001041,CLIENT-0112,ACC-000325,2026-04-12,INBOUND,SWIFT,USD,54286.07,BR,SETTLED
PAY-00001042,CLIENT-0317,ACC-000930,2026-06-04,INBOUND,ACH,USD,235898.60,BR,SETTLED
PAY-00001043,CLIENT-0103,ACC-000294,2025-05-07,OUTBOUND,REAL_TIME_PAYMENT,USD,63227.46,IN,SETTLED
PAY-00001044,CLIENT-0499,ACC-001485,2025-10-23,INBOUND,REAL_TIME_PAYMENT,USD,7731.19,US,SETTLED
PAY-00001045,CLIENT-0271,ACC-000810,2026-05-26,INBOUND,SWIFT,EUR,229726.62,JP,SETTLED
PAY-00001046,CLIENT-0173,ACC-000525,2026-04-08,INBOUND,ACH,SGD,1345.22,FR,SETTLED
PAY-00001047,CLIENT-0498,ACC-001484,2024-04-10,INBOUND,WIRE,USD,83242.07,FR,SETTLED
PAY-00001048,CLIENT-0248,ACC-000748,2024-09-23,INBOUND,SEPA,INR,127181.66,CA,SETTLED
PAY-00001049,CLIENT-0209,ACC-000621,2026-03-02,INBOUND,BOOK_TRANSFER,CAD,56654.38,BR,SETTLED
PAY-00001050,CLIENT-0271,ACC-000808,2025-10-19,OUTBOUND,ACH,USD,11660.94,US,SETTLED
PAY-00001051,CLIENT-0389,ACC-001131,2024-02-25,OUTBOUND,CARD,USD,8486.74,IE,SETTLED
PAY-00001052,CLIENT-0227,ACC-000678,2026-07-17,OUTBOUND,SWIFT,USD,11384.26,FR,SETTLED
PAY-00001053,CLIENT-0009,ACC-000016,2026-02-05,OUTBOUND,BOOK_TRANSFER,JPY,140.78,IE,SETTLED
PAY-00001054,CLIENT-0194,ACC-000576,2026-05-03,INBOUND,REAL_TIME_PAYMENT,USD,144750.53,AE,SETTLED
PAY-00001055,CLIENT-0313,ACC-000922,2026-06-12,INBOUND,BOOK_TRANSFER,USD,213366.95,IN,PENDING
PAY-00001056,CLIENT-0483,ACC-001432,2026-05-06,OUTBOUND,SWIFT,USD,3565.62,US,SETTLED
PAY-00001057,CLIENT-0066,ACC-000181,2025-07-16,OUTBOUND,ACH,USD,118712.27,FR,SETTLED
PAY-00001058,CLIENT-0177,ACC-000534,2025-04-01,INBOUND,FX_TRANSFER,USD,6250.72,BR,SETTLED
PAY-00001059,CLIENT-0495,ACC-001477,2026-05-04,OUTBOUND,SEPA,USD,11208.74,BR,SETTLED
PAY-00001060,CLIENT-0214,ACC-000636,2026-02-01,INBOUND,FX_TRANSFER,USD,110652.88,CH,SETTLED
PAY-00001061,CLIENT-0450,ACC-001327,2026-07-25,INBOUND,WIRE,EUR,95327.24,CA,SETTLED
PAY-00001062,CLIENT-0361,ACC-001056,2025-05-08,OUTBOUND,WIRE,EUR,1393.55,BR,SETTLED
PAY-00001063,CLIENT-0195,ACC-000577,2026-03-18,OUTBOUND,REAL_TIME_PAYMENT,USD,3504.37,CH,SETTLED
PAY-00001064,CLIENT-0379,ACC-001104,2026-07-10,OUTBOUND,CARD,EUR,1891.86,DE,SETTLED
PAY-00001065,CLIENT-0386,ACC-001121,2025-06-17,OUTBOUND,SEPA,USD,49005.01,US,SETTLED
PAY-00001066,CLIENT-0465,ACC-001372,2026-03-01,INBOUND,WIRE,USD,12970.76,IN,SETTLED
PAY-00001067,CLIENT-0494,ACC-001474,2025-09-24,INBOUND,WIRE,USD,131880.27,GB,SETTLED
PAY-00001068,CLIENT-0303,ACC-000891,2024-11-05,INBOUND,REAL_TIME_PAYMENT,MXN,43808.37,AE,SETTLED
PAY-00001069,CLIENT-0178,ACC-000537,2026-05-06,OUTBOUND,BOOK_TRANSFER,CAD,138996.93,CH,SETTLED
PAY-00001070,CLIENT-0196,ACC-000580,2025-10-15,OUTBOUND,CARD,USD,55909.61,AE,SETTLED
PAY-00001071,CLIENT-0400,ACC-001171,2025-10-29,INBOUND,REAL_TIME_PAYMENT,USD,50244.29,SG,SETTLED
PAY-00001072,CLIENT-0244,ACC-000736,2025-04-27,OUTBOUND,WIRE,CHF,569.92,MX,SETTLED
PAY-00001073,CLIENT-0146,ACC-000439,2025-11-01,OUTBOUND,REAL_TIME_PAYMENT,USD,190419.68,GB,SETTLED
PAY-00001074,CLIENT-0337,ACC-000985,2026-04-09,OUTBOUND,CARD,CAD,9634.25,IE,SETTLED
PAY-00001075,CLIENT-0016,ACC-000039,2024-01-27,OUTBOUND,CARD,USD,5949.80,AU,SETTLED
PAY-00001076,CLIENT-0302,ACC-000889,2026-06-19,OUTBOUND,FX_TRANSFER,EUR,8194.33,DE,SETTLED
PAY-00001077,CLIENT-0106,ACC-000301,2026-01-26,INBOUND,REAL_TIME_PAYMENT,USD,135214.84,AE,SETTLED
PAY-00001078,CLIENT-0198,ACC-000592,2026-07-19,OUTBOUND,FX_TRANSFER,USD,3376.83,DE,PENDING
PAY-00001079,CLIENT-0103,ACC-000294,2025-03-06,INBOUND,ACH,USD,204901.50,IN,SETTLED
PAY-00001080,CLIENT-0103,ACC-000292,2024-10-15,OUTBOUND,CARD,USD,203476.48,IN,REJECTED
PAY-00001081,CLIENT-0450,ACC-001328,2025-08-31,OUTBOUND,CARD,EUR,117488.07,MX,SETTLED
PAY-00001082,CLIENT-0185,ACC-000554,2026-07-14,INBOUND,CARD,EUR,167089.10,AE,SETTLED
PAY-00001083,CLIENT-0030,ACC-000080,2026-01-13,OUTBOUND,WIRE,EUR,84838.41,AU,SETTLED
PAY-00001084,CLIENT-0051,ACC-000140,2026-01-16,INBOUND,SEPA,USD,208516.61,IE,SETTLED
PAY-00001085,CLIENT-0220,ACC-000653,2025-02-16,INBOUND,WIRE,EUR,88272.03,IE,SETTLED
PAY-00001086,CLIENT-0197,ACC-000586,2025-12-03,OUTBOUND,REAL_TIME_PAYMENT,USD,81263.91,GB,SETTLED
PAY-00001087,CLIENT-0341,ACC-000997,2026-07-04,OUTBOUND,FX_TRANSFER,MXN,6262.28,FR,SETTLED
PAY-00001088,CLIENT-0467,ACC-001383,2026-01-04,OUTBOUND,SWIFT,USD,10690.83,FR,SETTLED
PAY-00001089,CLIENT-0162,ACC-000490,2024-06-01,INBOUND,WIRE,EUR,6176.12,CA,SETTLED
PAY-00001090,CLIENT-0232,ACC-000694,2026-03-03,OUTBOUND,WIRE,EUR,67975.77,JP,SETTLED
PAY-00001091,CLIENT-0243,ACC-000733,2026-07-11,OUTBOUND,WIRE,USD,223423.81,IN,SETTLED
PAY-00001092,CLIENT-0397,ACC-001160,2025-06-20,INBOUND,SWIFT,USD,155593.43,AE,SETTLED
PAY-00001093,CLIENT-0142,ACC-000424,2024-01-11,OUTBOUND,CARD,USD,193156.97,FR,SETTLED
PAY-00001094,CLIENT-0291,ACC-000862,2024-08-14,INBOUND,FX_TRANSFER,GBP,181783.80,IN,PENDING
PAY-00001095,CLIENT-0110,ACC-000317,2026-03-17,OUTBOUND,WIRE,USD,3060.43,BR,SETTLED
PAY-00001096,CLIENT-0452,ACC-001336,2025-03-19,OUTBOUND,WIRE,USD,29213.40,GB,RETURNED
PAY-00001097,CLIENT-0412,ACC-001213,2025-09-01,INBOUND,FX_TRANSFER,USD,3341.85,IE,SETTLED
PAY-00001098,CLIENT-0146,ACC-000436,2025-12-31,OUTBOUND,SEPA,CAD,13016.23,CA,SETTLED
PAY-00001099,CLIENT-0419,ACC-001239,2025-08-14,OUTBOUND,SWIFT,USD,195815.40,NL,SETTLED
PAY-00001100,CLIENT-0103,ACC-000295,2026-07-23,INBOUND,SWIFT,USD,205280.23,CA,SETTLED
PAY-00001101,CLIENT-0216,ACC-000646,2025-06-22,OUTBOUND,ACH,AUD,5869.32,SG,REJECTED
PAY-00001102,CLIENT-0039,ACC-000106,2025-08-25,INBOUND,ACH,GBP,27986.00,IN,SETTLED
PAY-00001103,CLIENT-0020,ACC-000054,2026-07-10,OUTBOUND,BOOK_TRANSFER,USD,96981.00,NL,SETTLED
PAY-00001104,CLIENT-0226,ACC-000674,2026-04-19,OUTBOUND,WIRE,USD,87448.79,IN,SETTLED
PAY-00001105,CLIENT-0301,ACC-000886,2024-08-01,INBOUND,FX_TRANSFER,JPY,62188.31,AE,SETTLED
PAY-00001106,CLIENT-0083,ACC-000233,2024-03-22,INBOUND,BOOK_TRANSFER,EUR,137192.08,DE,SETTLED
PAY-00001107,CLIENT-0410,ACC-001205,2026-07-12,OUTBOUND,CARD,USD,20376.74,CA,PENDING
PAY-00001108,CLIENT-0278,ACC-000829,2024-07-03,OUTBOUND,FX_TRANSFER,USD,10683.92,NL,PENDING
PAY-00001109,CLIENT-0311,ACC-000917,2025-04-15,OUTBOUND,FX_TRANSFER,INR,126388.93,BR,SETTLED
PAY-00001110,CLIENT-0035,ACC-000095,2026-06-28,OUTBOUND,ACH,EUR,61589.09,AU,SETTLED
PAY-00001111,CLIENT-0449,ACC-001326,2026-06-10,INBOUND,CARD,USD,16615.52,CA,SETTLED
PAY-00001112,CLIENT-0197,ACC-000587,2024-09-20,OUTBOUND,ACH,USD,58739.28,JP,SETTLED
PAY-00001113,CLIENT-0208,ACC-000618,2024-11-05,OUTBOUND,ACH,AED,138895.06,FR,PENDING
PAY-00001114,CLIENT-0021,ACC-000057,2024-04-24,OUTBOUND,SEPA,GBP,12861.55,GB,SETTLED
PAY-00001115,CLIENT-0466,ACC-001379,2026-04-03,OUTBOUND,SWIFT,INR,169686.85,AE,SETTLED
PAY-00001116,CLIENT-0197,ACC-000586,2026-04-17,OUTBOUND,SEPA,USD,233079.13,AE,SETTLED
PAY-00001117,CLIENT-0278,ACC-000829,2025-11-19,OUTBOUND,BOOK_TRANSFER,USD,8520.53,AU,SETTLED
PAY-00001118,CLIENT-0301,ACC-000887,2026-05-05,OUTBOUND,CARD,USD,110071.49,CH,SETTLED
PAY-00001119,CLIENT-0161,ACC-000485,2025-10-23,OUTBOUND,REAL_TIME_PAYMENT,EUR,5336.48,AE,SETTLED
PAY-00001120,CLIENT-0040,ACC-000111,2025-12-16,INBOUND,REAL_TIME_PAYMENT,USD,230431.34,BR,PENDING
PAY-00001121,CLIENT-0497,ACC-001480,2026-04-04,OUTBOUND,BOOK_TRANSFER,USD,119852.70,IN,REJECTED
PAY-00001122,CLIENT-0012,ACC-000028,2026-06-13,INBOUND,FX_TRANSFER,JPY,10230.28,SG,PENDING
PAY-00001123,CLIENT-0179,ACC-000538,2026-02-15,OUTBOUND,ACH,AUD,78322.98,IE,SETTLED
PAY-00001124,CLIENT-0059,ACC-000162,2024-12-08,OUTBOUND,CARD,USD,59082.06,US,SETTLED
PAY-00001125,CLIENT-0041,ACC-000112,2024-07-09,OUTBOUND,WIRE,USD,10647.40,IN,REJECTED
PAY-00001126,CLIENT-0069,ACC-000191,2025-06-08,OUTBOUND,ACH,USD,22735.52,SG,SETTLED
PAY-00001127,CLIENT-0264,ACC-000792,2025-05-26,OUTBOUND,SEPA,USD,9273.55,IN,SETTLED
PAY-00001128,CLIENT-0118,ACC-000347,2024-06-29,OUTBOUND,REAL_TIME_PAYMENT,CAD,11695.95,JP,SETTLED
PAY-00001129,CLIENT-0375,ACC-001090,2026-04-17,INBOUND,SEPA,INR,248572.60,MX,SETTLED
PAY-00001130,CLIENT-0238,ACC-000717,2024-06-17,OUTBOUND,CARD,USD,216925.00,IE,SETTLED
PAY-00001131,CLIENT-0387,ACC-001123,2025-09-19,INBOUND,BOOK_TRANSFER,EUR,6639.59,CH,SETTLED
PAY-00001132,CLIENT-0306,ACC-000899,2024-07-13,OUTBOUND,SEPA,GBP,8346.58,NL,SETTLED
PAY-00001133,CLIENT-0180,ACC-000542,2026-04-08,INBOUND,CARD,USD,98191.60,CH,PENDING
PAY-00001134,CLIENT-0055,ACC-000156,2026-07-30,INBOUND,SEPA,BRL,188598.34,MX,SETTLED
PAY-00001135,CLIENT-0288,ACC-000855,2024-09-12,INBOUND,SEPA,BRL,73678.03,AU,SETTLED
PAY-00001136,CLIENT-0483,ACC-001436,2026-04-01,OUTBOUND,CARD,USD,14965.40,IN,SETTLED
PAY-00001137,CLIENT-0026,ACC-000071,2026-04-28,INBOUND,REAL_TIME_PAYMENT,EUR,90836.34,US,SETTLED
PAY-00001138,CLIENT-0179,ACC-000539,2025-06-05,INBOUND,SWIFT,USD,62749.81,IE,SETTLED
PAY-00001139,CLIENT-0321,ACC-000943,2026-06-03,INBOUND,REAL_TIME_PAYMENT,USD,33440.64,BR,SETTLED
PAY-00001140,CLIENT-0464,ACC-001367,2025-02-06,OUTBOUND,SEPA,USD,47556.36,CA,SETTLED
PAY-00001141,CLIENT-0139,ACC-000413,2025-11-11,OUTBOUND,REAL_TIME_PAYMENT,INR,30078.57,US,SETTLED
PAY-00001142,CLIENT-0284,ACC-000840,2026-01-19,OUTBOUND,FX_TRANSFER,USD,73415.60,FR,SETTLED
PAY-00001143,CLIENT-0201,ACC-000605,2025-12-10,INBOUND,BOOK_TRANSFER,USD,12287.46,AE,SETTLED
PAY-00001144,CLIENT-0416,ACC-001229,2024-09-30,OUTBOUND,SWIFT,USD,139067.08,SG,SETTLED
PAY-00001145,CLIENT-0187,ACC-000558,2024-04-09,OUTBOUND,FX_TRANSFER,USD,4951.90,IE,SETTLED
PAY-00001146,CLIENT-0295,ACC-000869,2025-12-28,OUTBOUND,ACH,GBP,64663.91,AU,SETTLED
PAY-00001147,CLIENT-0370,ACC-001080,2025-12-19,INBOUND,WIRE,USD,138301.91,IE,SETTLED
PAY-00001148,CLIENT-0112,ACC-000326,2026-01-24,OUTBOUND,FX_TRANSFER,USD,66313.27,MX,SETTLED
PAY-00001149,CLIENT-0238,ACC-000716,2025-12-08,OUTBOUND,CARD,USD,34864.55,IN,SETTLED
PAY-00001150,CLIENT-0055,ACC-000156,2026-05-26,INBOUND,SWIFT,BRL,240422.46,NL,SETTLED
PAY-00001151,CLIENT-0403,ACC-001184,2024-02-19,INBOUND,WIRE,USD,112114.11,AU,SETTLED
PAY-00001152,CLIENT-0019,ACC-000052,2026-01-02,INBOUND,SWIFT,USD,8917.61,GB,SETTLED
PAY-00001153,CLIENT-0365,ACC-001067,2025-10-18,OUTBOUND,WIRE,JPY,3108.53,BR,SETTLED
PAY-00001154,CLIENT-0071,ACC-000196,2024-06-18,OUTBOUND,WIRE,GBP,184545.38,MX,SETTLED
PAY-00001155,CLIENT-0427,ACC-001261,2025-01-28,INBOUND,WIRE,USD,224536.39,AE,SETTLED
PAY-00001156,CLIENT-0447,ACC-001317,2024-01-02,OUTBOUND,SEPA,USD,233476.51,CA,SETTLED
PAY-00001157,CLIENT-0064,ACC-000178,2024-05-06,INBOUND,CARD,USD,161065.40,CH,PENDING
PAY-00001158,CLIENT-0469,ACC-001387,2025-09-04,OUTBOUND,SEPA,USD,163530.90,JP,PENDING
PAY-00001159,CLIENT-0041,ACC-000112,2026-05-20,INBOUND,BOOK_TRANSFER,USD,5590.19,IN,SETTLED
PAY-00001160,CLIENT-0303,ACC-000890,2025-08-04,INBOUND,SWIFT,EUR,91801.42,GB,SETTLED
PAY-00001161,CLIENT-0299,ACC-000883,2025-01-12,OUTBOUND,CARD,EUR,93954.55,BR,SETTLED
PAY-00001162,CLIENT-0466,ACC-001379,2026-07-21,INBOUND,REAL_TIME_PAYMENT,INR,32023.16,JP,SETTLED
PAY-00001163,CLIENT-0296,ACC-000874,2026-05-14,OUTBOUND,ACH,EUR,222622.04,AU,SETTLED
PAY-00001164,CLIENT-0106,ACC-000301,2025-07-07,INBOUND,REAL_TIME_PAYMENT,USD,183708.11,MX,SETTLED
PAY-00001165,CLIENT-0396,ACC-001158,2026-06-13,OUTBOUND,REAL_TIME_PAYMENT,USD,23869.96,US,SETTLED
PAY-00001166,CLIENT-0211,ACC-000629,2026-07-03,OUTBOUND,BOOK_TRANSFER,USD,52110.18,US,SETTLED
PAY-00001167,CLIENT-0221,ACC-000661,2024-12-08,OUTBOUND,BOOK_TRANSFER,USD,81339.10,IN,SETTLED
PAY-00001168,CLIENT-0070,ACC-000195,2026-03-26,OUTBOUND,FX_TRANSFER,USD,74769.94,AU,SETTLED
PAY-00001169,CLIENT-0369,ACC-001076,2025-05-30,OUTBOUND,ACH,USD,9857.46,SG,SETTLED
PAY-00001170,CLIENT-0199,ACC-000595,2025-04-13,INBOUND,FX_TRANSFER,EUR,13014.45,AE,SETTLED
PAY-00001171,CLIENT-0464,ACC-001367,2025-04-08,INBOUND,ACH,USD,51403.75,MX,SETTLED
PAY-00001172,CLIENT-0363,ACC-001062,2026-04-21,OUTBOUND,REAL_TIME_PAYMENT,EUR,99709.55,SG,SETTLED
PAY-00001173,CLIENT-0321,ACC-000943,2024-02-11,OUTBOUND,ACH,USD,160865.01,US,SETTLED
PAY-00001174,CLIENT-0215,ACC-000644,2026-04-09,OUTBOUND,BOOK_TRANSFER,SGD,2619.18,US,REJECTED
PAY-00001175,CLIENT-0446,ACC-001314,2025-03-06,OUTBOUND,WIRE,USD,85008.70,AU,SETTLED
PAY-00001176,CLIENT-0142,ACC-000425,2024-01-19,INBOUND,SEPA,JPY,23870.33,NL,SETTLED
PAY-00001177,CLIENT-0322,ACC-000946,2025-11-29,OUTBOUND,WIRE,CHF,14715.62,GB,SETTLED
PAY-00001178,CLIENT-0431,ACC-001272,2024-10-16,INBOUND,SEPA,USD,8326.56,GB,PENDING
PAY-00001179,CLIENT-0347,ACC-001017,2025-08-30,OUTBOUND,REAL_TIME_PAYMENT,INR,192848.36,BR,SETTLED
PAY-00001180,CLIENT-0446,ACC-001316,2024-12-11,INBOUND,SWIFT,USD,142453.55,NL,SETTLED
PAY-00001181,CLIENT-0109,ACC-000313,2026-01-28,OUTBOUND,BOOK_TRANSFER,USD,213304.68,CA,SETTLED
PAY-00001182,CLIENT-0071,ACC-000196,2025-05-25,OUTBOUND,SWIFT,GBP,170859.88,NL,SETTLED
PAY-00001183,CLIENT-0340,ACC-000993,2026-05-30,OUTBOUND,BOOK_TRANSFER,USD,9724.64,BR,PENDING
PAY-00001184,CLIENT-0065,ACC-000179,2026-05-18,INBOUND,REAL_TIME_PAYMENT,JPY,12516.57,MX,SETTLED
PAY-00001185,CLIENT-0355,ACC-001041,2025-11-06,OUTBOUND,REAL_TIME_PAYMENT,USD,230141.45,SG,SETTLED
PAY-00001186,CLIENT-0219,ACC-000651,2026-03-07,INBOUND,SWIFT,USD,85050.94,BR,SETTLED
PAY-00001187,CLIENT-0217,ACC-000647,2025-11-08,INBOUND,BOOK_TRANSFER,USD,21537.63,US,SETTLED
PAY-00001188,CLIENT-0469,ACC-001388,2026-06-30,OUTBOUND,SWIFT,USD,220454.29,IN,SETTLED
PAY-00001189,CLIENT-0305,ACC-000894,2026-05-14,OUTBOUND,REAL_TIME_PAYMENT,CAD,5705.17,GB,SETTLED
PAY-00001190,CLIENT-0389,ACC-001130,2025-09-14,INBOUND,SWIFT,USD,4771.25,FR,SETTLED
PAY-00001191,CLIENT-0035,ACC-000093,2025-08-06,INBOUND,CARD,EUR,141607.40,SG,SETTLED
PAY-00001192,CLIENT-0174,ACC-000528,2024-08-27,OUTBOUND,BOOK_TRANSFER,USD,184212.33,CH,SETTLED
PAY-00001193,CLIENT-0463,ACC-001366,2026-04-09,INBOUND,SEPA,EUR,1483.18,IE,SETTLED
PAY-00001194,CLIENT-0341,ACC-000996,2025-03-22,INBOUND,ACH,USD,13434.86,DE,SETTLED
PAY-00001195,CLIENT-0394,ACC-001145,2026-07-10,INBOUND,ACH,CAD,52372.63,IE,REJECTED
PAY-00001196,CLIENT-0074,ACC-000208,2024-03-18,OUTBOUND,WIRE,USD,109736.25,AE,SETTLED
PAY-00001197,CLIENT-0051,ACC-000138,2026-06-12,INBOUND,SEPA,USD,99720.99,IE,SETTLED
PAY-00001198,CLIENT-0128,ACC-000380,2026-04-13,OUTBOUND,CARD,USD,6518.98,SG,SETTLED
PAY-00001199,CLIENT-0477,ACC-001411,2026-06-09,INBOUND,SEPA,USD,610.33,BR,SETTLED
PAY-00001200,CLIENT-0172,ACC-000520,2026-07-31,OUTBOUND,REAL_TIME_PAYMENT,EUR,225339.17,DE,SETTLED
PAY-00001201,CLIENT-0006,ACC-000011,2024-11-16,INBOUND,SEPA,EUR,11228.58,JP,SETTLED
PAY-00001202,CLIENT-0114,ACC-000333,2025-08-09,OUTBOUND,SWIFT,USD,57367.32,BR,RETURNED
PAY-00001203,CLIENT-0323,ACC-000950,2025-10-24,OUTBOUND,FX_TRANSFER,USD,148068.84,GB,SETTLED
PAY-00001204,CLIENT-0238,ACC-000716,2026-05-21,OUTBOUND,SWIFT,USD,35965.62,CA,SETTLED
PAY-00001205,CLIENT-0398,ACC-001164,2026-01-12,INBOUND,SWIFT,USD,2278.19,GB,SETTLED
PAY-00001206,CLIENT-0364,ACC-001063,2025-10-31,OUTBOUND,FX_TRANSFER,JPY,107316.90,FR,SETTLED
PAY-00001207,CLIENT-0156,ACC-000470,2026-07-22,INBOUND,REAL_TIME_PAYMENT,USD,213583.77,JP,REJECTED
PAY-00001208,CLIENT-0171,ACC-000518,2024-11-29,INBOUND,ACH,EUR,67926.05,NL,SETTLED
PAY-00001209,CLIENT-0449,ACC-001324,2025-12-31,OUTBOUND,REAL_TIME_PAYMENT,USD,188723.90,JP,SETTLED
PAY-00001210,CLIENT-0423,ACC-001248,2026-07-29,OUTBOUND,ACH,EUR,234484.53,JP,SETTLED
PAY-00001211,CLIENT-0464,ACC-001370,2026-01-04,OUTBOUND,FX_TRANSFER,USD,35105.08,DE,SETTLED
PAY-00001212,CLIENT-0202,ACC-000608,2026-01-27,INBOUND,WIRE,USD,218148.25,NL,SETTLED
PAY-00001213,CLIENT-0490,ACC-001464,2025-08-01,INBOUND,CARD,BRL,11114.87,IN,SETTLED
PAY-00001214,CLIENT-0376,ACC-001092,2026-05-18,OUTBOUND,ACH,EUR,38061.97,CH,SETTLED
PAY-00001215,CLIENT-0238,ACC-000714,2024-03-03,INBOUND,ACH,USD,111131.52,CH,SETTLED
PAY-00001216,CLIENT-0391,ACC-001137,2026-05-15,INBOUND,BOOK_TRANSFER,USD,803.92,MX,SETTLED
PAY-00001217,CLIENT-0373,ACC-001086,2025-12-16,OUTBOUND,SWIFT,USD,236757.50,CH,SETTLED
PAY-00001218,CLIENT-0254,ACC-000764,2026-05-19,OUTBOUND,CARD,USD,31251.99,IN,RETURNED
PAY-00001219,CLIENT-0218,ACC-000650,2025-02-13,OUTBOUND,SEPA,USD,54592.92,IE,SETTLED
PAY-00001220,CLIENT-0071,ACC-000197,2026-04-15,OUTBOUND,REAL_TIME_PAYMENT,EUR,216117.56,IN,PENDING
PAY-00001221,CLIENT-0412,ACC-001212,2025-08-11,INBOUND,BOOK_TRANSFER,SGD,13796.30,JP,SETTLED
PAY-00001222,CLIENT-0170,ACC-000515,2026-05-29,INBOUND,SEPA,USD,42692.10,NL,SETTLED
PAY-00001223,CLIENT-0414,ACC-001220,2025-09-26,INBOUND,WIRE,USD,65744.93,JP,SETTLED
PAY-00001224,CLIENT-0188,ACC-000562,2025-10-25,INBOUND,WIRE,GBP,110541.72,IE,SETTLED
PAY-00001225,CLIENT-0331,ACC-000971,2026-06-23,INBOUND,FX_TRANSFER,USD,105458.17,US,SETTLED
PAY-00001226,CLIENT-0343,ACC-001004,2025-06-12,OUTBOUND,FX_TRANSFER,USD,181959.33,NL,SETTLED
PAY-00001227,CLIENT-0083,ACC-000232,2024-06-13,INBOUND,CARD,EUR,33373.19,AU,SETTLED
PAY-00001228,CLIENT-0052,ACC-000144,2024-09-03,OUTBOUND,SWIFT,EUR,246520.16,AE,SETTLED
PAY-00001229,CLIENT-0044,ACC-000117,2026-02-17,OUTBOUND,CARD,BRL,69440.78,JP,SETTLED
PAY-00001230,CLIENT-0051,ACC-000140,2026-02-08,INBOUND,ACH,USD,32895.47,NL,SETTLED
PAY-00001231,CLIENT-0066,ACC-000180,2025-05-18,INBOUND,BOOK_TRANSFER,USD,61021.75,FR,SETTLED
PAY-00001232,CLIENT-0447,ACC-001317,2026-01-17,OUTBOUND,SEPA,USD,212093.34,NL,SETTLED
PAY-00001233,CLIENT-0378,ACC-001097,2025-12-01,INBOUND,ACH,EUR,44961.03,CA,SETTLED
PAY-00001234,CLIENT-0306,ACC-000902,2025-04-24,OUTBOUND,REAL_TIME_PAYMENT,GBP,12923.24,FR,SETTLED
PAY-00001235,CLIENT-0252,ACC-000757,2026-01-09,INBOUND,CARD,USD,2264.66,BR,SETTLED
PAY-00001236,CLIENT-0187,ACC-000560,2025-01-03,OUTBOUND,WIRE,USD,10699.10,US,SETTLED
PAY-00001237,CLIENT-0055,ACC-000152,2026-05-10,OUTBOUND,FX_TRANSFER,EUR,231483.05,IE,SETTLED
PAY-00001238,CLIENT-0270,ACC-000806,2024-03-06,OUTBOUND,CARD,CHF,1346.34,CH,SETTLED
PAY-00001239,CLIENT-0220,ACC-000654,2025-04-05,OUTBOUND,BOOK_TRANSFER,USD,129047.66,AE,SETTLED
PAY-00001240,CLIENT-0201,ACC-000604,2024-04-09,INBOUND,BOOK_TRANSFER,USD,10244.06,AU,SETTLED
PAY-00001241,CLIENT-0486,ACC-001447,2024-09-02,INBOUND,ACH,CHF,114318.52,AE,SETTLED
PAY-00001242,CLIENT-0123,ACC-000365,2026-07-27,OUTBOUND,BOOK_TRANSFER,INR,111188.95,AE,SETTLED
PAY-00001243,CLIENT-0363,ACC-001062,2026-01-23,INBOUND,CARD,EUR,201704.52,US,SETTLED
PAY-00001244,CLIENT-0268,ACC-000801,2026-07-23,INBOUND,ACH,EUR,217416.87,FR,SETTLED
PAY-00001245,CLIENT-0197,ACC-000589,2026-02-16,OUTBOUND,WIRE,USD,202927.82,FR,SETTLED
PAY-00001246,CLIENT-0484,ACC-001437,2025-12-08,INBOUND,FX_TRANSFER,USD,124551.54,AU,PENDING
PAY-00001247,CLIENT-0255,ACC-000768,2026-06-07,OUTBOUND,SEPA,INR,209882.97,BR,SETTLED
PAY-00001248,CLIENT-0297,ACC-000876,2025-12-07,OUTBOUND,FX_TRANSFER,USD,230612.33,DE,SETTLED
PAY-00001249,CLIENT-0326,ACC-000959,2025-09-26,OUTBOUND,SEPA,USD,58047.22,FR,SETTLED
PAY-00001250,CLIENT-0351,ACC-001027,2024-12-18,INBOUND,SWIFT,EUR,5464.23,AU,SETTLED
PAY-00001251,CLIENT-0238,ACC-000715,2026-01-30,OUTBOUND,CARD,JPY,128143.63,AE,REJECTED
PAY-00001252,CLIENT-0297,ACC-000877,2024-10-22,OUTBOUND,REAL_TIME_PAYMENT,USD,110595.46,SG,REJECTED
PAY-00001253,CLIENT-0162,ACC-000491,2026-04-22,OUTBOUND,FX_TRANSFER,EUR,2919.73,IN,SETTLED
PAY-00001254,CLIENT-0487,ACC-001450,2025-11-16,OUTBOUND,FX_TRANSFER,USD,88318.94,AU,RETURNED
PAY-00001255,CLIENT-0351,ACC-001026,2025-03-29,INBOUND,ACH,EUR,11633.10,DE,SETTLED
PAY-00001256,CLIENT-0300,ACC-000885,2025-10-13,OUTBOUND,REAL_TIME_PAYMENT,USD,168878.74,AE,SETTLED
PAY-00001257,CLIENT-0431,ACC-001269,2025-04-14,OUTBOUND,WIRE,USD,1249.77,BR,SETTLED
PAY-00001258,CLIENT-0259,ACC-000777,2026-01-20,INBOUND,REAL_TIME_PAYMENT,EUR,38805.15,AU,SETTLED
PAY-00001259,CLIENT-0135,ACC-000401,2026-04-12,INBOUND,SEPA,CAD,5303.51,MX,SETTLED
PAY-00001260,CLIENT-0419,ACC-001240,2024-07-05,OUTBOUND,WIRE,USD,230291.40,BR,SETTLED
PAY-00001261,CLIENT-0256,ACC-000773,2026-06-16,OUTBOUND,FX_TRANSFER,EUR,6945.05,CA,SETTLED
PAY-00001262,CLIENT-0485,ACC-001439,2026-03-26,INBOUND,FX_TRANSFER,BRL,8502.70,AU,PENDING
PAY-00001263,CLIENT-0329,ACC-000967,2025-05-27,INBOUND,REAL_TIME_PAYMENT,USD,74294.97,JP,SETTLED
PAY-00001264,CLIENT-0356,ACC-001044,2025-12-15,OUTBOUND,CARD,USD,5768.36,NL,SETTLED
PAY-00001265,CLIENT-0304,ACC-000892,2026-06-30,INBOUND,REAL_TIME_PAYMENT,USD,11835.08,DE,SETTLED
PAY-00001266,CLIENT-0272,ACC-000814,2024-12-09,INBOUND,SWIFT,EUR,185657.91,AE,SETTLED
PAY-00001267,CLIENT-0450,ACC-001328,2025-09-30,OUTBOUND,BOOK_TRANSFER,EUR,222583.81,IE,SETTLED
PAY-00001268,CLIENT-0249,ACC-000749,2025-07-09,OUTBOUND,BOOK_TRANSFER,USD,172705.41,AE,SETTLED
PAY-00001269,CLIENT-0019,ACC-000050,2026-06-17,OUTBOUND,ACH,USD,733.24,AE,SETTLED
PAY-00001270,CLIENT-0132,ACC-000394,2026-06-09,INBOUND,FX_TRANSFER,USD,12302.56,BR,SETTLED
PAY-00001271,CLIENT-0363,ACC-001062,2026-07-27,INBOUND,REAL_TIME_PAYMENT,EUR,59845.50,IN,SETTLED
PAY-00001272,CLIENT-0327,ACC-000963,2024-07-27,OUTBOUND,WIRE,USD,155178.74,FR,SETTLED
PAY-00001273,CLIENT-0448,ACC-001319,2026-02-09,OUTBOUND,FX_TRANSFER,EUR,205496.82,US,RETURNED
PAY-00001274,CLIENT-0248,ACC-000746,2025-09-13,OUTBOUND,CARD,GBP,242345.26,AE,SETTLED
PAY-00001275,CLIENT-0005,ACC-000010,2025-05-26,INBOUND,SWIFT,CAD,123478.90,NL,SETTLED
PAY-00001276,CLIENT-0273,ACC-000816,2026-02-15,OUTBOUND,WIRE,CHF,11169.67,IN,SETTLED
PAY-00001277,CLIENT-0319,ACC-000935,2025-11-12,OUTBOUND,SEPA,MXN,11582.64,US,SETTLED
PAY-00001278,CLIENT-0383,ACC-001114,2024-07-24,OUTBOUND,CARD,CHF,199442.75,CH,SETTLED
PAY-00001279,CLIENT-0177,ACC-000533,2025-01-24,INBOUND,CARD,USD,3327.11,AE,SETTLED
PAY-00001280,CLIENT-0032,ACC-000088,2026-06-23,OUTBOUND,REAL_TIME_PAYMENT,USD,246346.68,IE,SETTLED
PAY-00001281,CLIENT-0482,ACC-001431,2026-02-03,OUTBOUND,REAL_TIME_PAYMENT,USD,208285.97,AE,SETTLED
PAY-00001282,CLIENT-0464,ACC-001368,2025-09-25,INBOUND,CARD,USD,228130.20,BR,PENDING
PAY-00001283,CLIENT-0163,ACC-000494,2024-11-18,OUTBOUND,BOOK_TRANSFER,USD,239344.36,CA,SETTLED
PAY-00001284,CLIENT-0263,ACC-000789,2025-03-31,OUTBOUND,ACH,USD,13500.87,FR,SETTLED
PAY-00001285,CLIENT-0015,ACC-000036,2025-02-12,INBOUND,SEPA,USD,33482.63,AE,SETTLED
PAY-00001286,CLIENT-0169,ACC-000513,2026-07-20,OUTBOUND,ACH,USD,7432.43,FR,SETTLED
PAY-00001287,CLIENT-0345,ACC-001010,2025-04-11,OUTBOUND,SEPA,USD,11287.52,JP,SETTLED
PAY-00001288,CLIENT-0051,ACC-000142,2026-03-23,INBOUND,REAL_TIME_PAYMENT,USD,30425.66,AU,SETTLED
PAY-00001289,CLIENT-0058,ACC-000161,2024-04-03,INBOUND,SWIFT,USD,2050.99,GB,SETTLED
PAY-00001290,CLIENT-0427,ACC-001261,2025-07-28,INBOUND,SEPA,USD,68361.47,SG,SETTLED
PAY-00001291,CLIENT-0083,ACC-000233,2024-01-13,INBOUND,ACH,EUR,244041.94,SG,SETTLED
PAY-00001292,CLIENT-0141,ACC-000420,2026-01-15,OUTBOUND,WIRE,CAD,236140.73,IE,SETTLED
PAY-00001293,CLIENT-0256,ACC-000773,2026-04-22,OUTBOUND,ACH,EUR,868.13,SG,SETTLED
PAY-00001294,CLIENT-0275,ACC-000822,2026-07-01,INBOUND,REAL_TIME_PAYMENT,USD,207938.36,MX,REJECTED
PAY-00001295,CLIENT-0229,ACC-000683,2024-11-09,INBOUND,SWIFT,EUR,225861.60,AE,SETTLED
PAY-00001296,CLIENT-0056,ACC-000158,2024-03-27,OUTBOUND,FX_TRANSFER,AUD,247834.57,IN,SETTLED
PAY-00001297,CLIENT-0010,ACC-000021,2025-06-21,OUTBOUND,ACH,CAD,209799.51,JP,SETTLED
PAY-00001298,CLIENT-0323,ACC-000949,2026-02-03,INBOUND,CARD,USD,165818.31,AU,SETTLED
PAY-00001299,CLIENT-0227,ACC-000678,2025-06-17,OUTBOUND,SWIFT,USD,8710.62,DE,SETTLED
PAY-00001300,CLIENT-0116,ACC-000340,2026-03-06,OUTBOUND,SEPA,SGD,10776.53,DE,SETTLED
PAY-00001301,CLIENT-0127,ACC-000377,2024-10-26,INBOUND,WIRE,USD,232138.82,SG,SETTLED
PAY-00001302,CLIENT-0004,ACC-000009,2025-10-08,INBOUND,WIRE,JPY,17800.11,IE,SETTLED
PAY-00001303,CLIENT-0440,ACC-001301,2026-04-16,OUTBOUND,BOOK_TRANSFER,USD,3953.09,IE,SETTLED
PAY-00001304,CLIENT-0220,ACC-000656,2026-05-01,OUTBOUND,BOOK_TRANSFER,USD,145545.66,DE,SETTLED
PAY-00001305,CLIENT-0155,ACC-000467,2025-04-24,OUTBOUND,REAL_TIME_PAYMENT,JPY,131442.01,AU,SETTLED
PAY-00001306,CLIENT-0393,ACC-001144,2026-07-07,OUTBOUND,SEPA,USD,163933.69,IN,PENDING
PAY-00001307,CLIENT-0489,ACC-001456,2025-08-12,OUTBOUND,WIRE,GBP,27715.71,BR,SETTLED
PAY-00001308,CLIENT-0225,ACC-000671,2025-02-14,INBOUND,WIRE,AED,141242.76,BR,SETTLED
PAY-00001309,CLIENT-0250,ACC-000753,2026-07-04,OUTBOUND,BOOK_TRANSFER,EUR,12450.50,IE,SETTLED
PAY-00001310,CLIENT-0125,ACC-000373,2025-04-02,OUTBOUND,SWIFT,USD,74332.99,SG,SETTLED
PAY-00001311,CLIENT-0262,ACC-000786,2026-06-17,INBOUND,CARD,USD,12592.32,CA,SETTLED
PAY-00001312,CLIENT-0259,ACC-000777,2024-12-06,OUTBOUND,SEPA,EUR,245590.67,BR,SETTLED
PAY-00001313,CLIENT-0248,ACC-000748,2025-09-28,INBOUND,REAL_TIME_PAYMENT,INR,179820.98,MX,REJECTED
PAY-00001314,CLIENT-0251,ACC-000756,2025-10-15,OUTBOUND,BOOK_TRANSFER,USD,5444.02,JP,SETTLED
PAY-00001315,CLIENT-0064,ACC-000176,2026-03-29,INBOUND,SWIFT,USD,84491.45,SG,SETTLED
PAY-00001316,CLIENT-0082,ACC-000230,2025-04-28,INBOUND,SWIFT,USD,13210.33,DE,SETTLED
PAY-00001317,CLIENT-0015,ACC-000034,2026-07-01,OUTBOUND,ACH,USD,139863.95,MX,SETTLED
PAY-00001318,CLIENT-0036,ACC-000096,2026-06-15,OUTBOUND,SEPA,USD,14293.02,BR,SETTLED
PAY-00001319,CLIENT-0127,ACC-000376,2026-05-20,INBOUND,WIRE,USD,1428.96,FR,SETTLED
PAY-00001320,CLIENT-0154,ACC-000461,2026-02-28,OUTBOUND,SEPA,GBP,9231.94,BR,SETTLED
PAY-00001321,CLIENT-0147,ACC-000442,2025-03-09,INBOUND,CARD,USD,77072.15,SG,SETTLED
PAY-00001322,CLIENT-0237,ACC-000712,2025-11-10,INBOUND,BOOK_TRANSFER,USD,117742.29,CH,SETTLED
PAY-00001323,CLIENT-0427,ACC-001258,2026-07-08,OUTBOUND,SEPA,USD,65983.70,MX,SETTLED
PAY-00001324,CLIENT-0387,ACC-001124,2025-12-10,OUTBOUND,SEPA,USD,14148.62,BR,SETTLED
PAY-00001325,CLIENT-0209,ACC-000620,2025-08-10,INBOUND,ACH,USD,62275.67,CA,REJECTED
PAY-00001326,CLIENT-0035,ACC-000093,2026-04-03,INBOUND,ACH,EUR,122397.18,IN,SETTLED
PAY-00001327,CLIENT-0365,ACC-001066,2024-12-28,INBOUND,SWIFT,JPY,3997.39,GB,SETTLED
PAY-00001328,CLIENT-0396,ACC-001155,2026-04-15,OUTBOUND,SWIFT,USD,25237.18,AU,PENDING
PAY-00001329,CLIENT-0429,ACC-001267,2026-03-17,OUTBOUND,SEPA,USD,123476.63,DE,SETTLED
PAY-00001330,CLIENT-0282,ACC-000837,2025-08-21,INBOUND,REAL_TIME_PAYMENT,EUR,8861.76,IN,SETTLED
PAY-00001331,CLIENT-0099,ACC-000286,2026-06-11,INBOUND,REAL_TIME_PAYMENT,USD,233813.09,CH,RETURNED
PAY-00001332,CLIENT-0222,ACC-000662,2025-11-01,OUTBOUND,SEPA,EUR,138599.21,MX,SETTLED
PAY-00001333,CLIENT-0086,ACC-000242,2026-07-22,INBOUND,CARD,USD,1901.09,AU,SETTLED
PAY-00001334,CLIENT-0150,ACC-000451,2026-07-14,OUTBOUND,SWIFT,USD,226117.48,IE,SETTLED
PAY-00001335,CLIENT-0259,ACC-000778,2025-05-08,OUTBOUND,SEPA,EUR,160842.21,NL,REJECTED
PAY-00001336,CLIENT-0414,ACC-001222,2026-03-10,INBOUND,CARD,EUR,246635.24,FR,SETTLED
PAY-00001337,CLIENT-0273,ACC-000818,2025-12-07,INBOUND,SEPA,USD,4592.32,FR,SETTLED
PAY-00001338,CLIENT-0391,ACC-001136,2025-11-30,OUTBOUND,SEPA,USD,2470.83,NL,SETTLED
PAY-00001339,CLIENT-0313,ACC-000922,2026-06-23,INBOUND,ACH,USD,186295.01,DE,SETTLED
PAY-00001340,CLIENT-0180,ACC-000542,2024-05-22,OUTBOUND,REAL_TIME_PAYMENT,USD,51993.12,DE,RETURNED
PAY-00001341,CLIENT-0368,ACC-001074,2024-09-12,INBOUND,WIRE,USD,109917.05,US,SETTLED
PAY-00001342,CLIENT-0123,ACC-000368,2026-04-16,OUTBOUND,SEPA,USD,39623.53,SG,SETTLED
PAY-00001343,CLIENT-0389,ACC-001132,2026-01-21,OUTBOUND,SEPA,USD,6106.39,AE,SETTLED
PAY-00001344,CLIENT-0477,ACC-001410,2025-08-05,OUTBOUND,ACH,USD,13992.17,AU,SETTLED
PAY-00001345,CLIENT-0476,ACC-001409,2025-12-14,INBOUND,BOOK_TRANSFER,USD,51905.89,GB,SETTLED
PAY-00001346,CLIENT-0090,ACC-000253,2024-08-28,INBOUND,FX_TRANSFER,EUR,188409.03,AE,SETTLED
PAY-00001347,CLIENT-0464,ACC-001371,2026-05-09,INBOUND,BOOK_TRANSFER,USD,157452.87,DE,SETTLED
PAY-00001348,CLIENT-0158,ACC-000477,2025-08-20,INBOUND,BOOK_TRANSFER,EUR,71835.32,SG,SETTLED
PAY-00001349,CLIENT-0199,ACC-000596,2025-03-26,INBOUND,SEPA,USD,9274.19,CA,PENDING
PAY-00001350,CLIENT-0035,ACC-000093,2025-11-26,OUTBOUND,WIRE,EUR,68448.35,FR,SETTLED
PAY-00001351,CLIENT-0160,ACC-000482,2024-10-25,OUTBOUND,ACH,CAD,10621.00,AE,SETTLED
PAY-00001352,CLIENT-0377,ACC-001095,2026-04-16,OUTBOUND,REAL_TIME_PAYMENT,AED,106963.89,CA,SETTLED
PAY-00001353,CLIENT-0150,ACC-000453,2025-04-07,OUTBOUND,FX_TRANSFER,USD,246185.32,DE,SETTLED
PAY-00001354,CLIENT-0134,ACC-000397,2025-06-10,INBOUND,REAL_TIME_PAYMENT,USD,59787.02,SG,SETTLED
PAY-00001355,CLIENT-0134,ACC-000398,2026-03-29,INBOUND,CARD,USD,107735.32,AU,SETTLED
PAY-00001356,CLIENT-0235,ACC-000704,2024-12-17,OUTBOUND,SWIFT,MXN,97668.15,GB,SETTLED
PAY-00001357,CLIENT-0054,ACC-000149,2024-06-17,OUTBOUND,WIRE,USD,8887.85,AE,SETTLED
PAY-00001358,CLIENT-0106,ACC-000305,2026-06-01,INBOUND,WIRE,GBP,38359.67,MX,SETTLED
PAY-00001359,CLIENT-0074,ACC-000208,2024-11-11,OUTBOUND,REAL_TIME_PAYMENT,USD,42089.69,CH,SETTLED
PAY-00001360,CLIENT-0074,ACC-000207,2024-10-10,INBOUND,WIRE,AED,70575.00,CH,SETTLED
PAY-00001361,CLIENT-0053,ACC-000148,2025-05-15,INBOUND,BOOK_TRANSFER,USD,116267.83,SG,SETTLED
PAY-00001362,CLIENT-0132,ACC-000393,2026-06-18,INBOUND,CARD,USD,9458.11,AE,SETTLED
PAY-00001363,CLIENT-0049,ACC-000135,2026-05-14,OUTBOUND,CARD,USD,241019.87,GB,SETTLED
PAY-00001364,CLIENT-0187,ACC-000560,2026-02-18,OUTBOUND,SWIFT,USD,1831.14,IN,SETTLED
PAY-00001365,CLIENT-0402,ACC-001179,2026-06-22,INBOUND,SWIFT,EUR,2334.08,JP,SETTLED
PAY-00001366,CLIENT-0112,ACC-000327,2026-04-17,OUTBOUND,BOOK_TRANSFER,EUR,228573.92,SG,SETTLED
PAY-00001367,CLIENT-0034,ACC-000091,2024-12-18,INBOUND,SEPA,USD,77160.62,US,SETTLED
PAY-00001368,CLIENT-0288,ACC-000851,2026-04-11,OUTBOUND,SEPA,BRL,36142.82,IN,SETTLED
PAY-00001369,CLIENT-0317,ACC-000930,2026-03-14,OUTBOUND,SEPA,USD,228899.31,AE,SETTLED
PAY-00001370,CLIENT-0089,ACC-000250,2026-07-01,OUTBOUND,REAL_TIME_PAYMENT,USD,122938.46,DE,SETTLED
PAY-00001371,CLIENT-0478,ACC-001415,2026-02-19,INBOUND,BOOK_TRANSFER,SGD,208306.87,JP,REJECTED
PAY-00001372,CLIENT-0195,ACC-000579,2026-07-19,OUTBOUND,BOOK_TRANSFER,USD,272.99,MX,SETTLED
PAY-00001373,CLIENT-0141,ACC-000420,2025-08-18,INBOUND,REAL_TIME_PAYMENT,CAD,80635.35,NL,PENDING
PAY-00001374,CLIENT-0015,ACC-000037,2026-01-26,INBOUND,REAL_TIME_PAYMENT,EUR,115420.90,US,SETTLED
PAY-00001375,CLIENT-0493,ACC-001470,2024-08-09,OUTBOUND,CARD,USD,14840.10,IE,SETTLED
PAY-00001376,CLIENT-0046,ACC-000121,2025-08-12,INBOUND,WIRE,USD,9454.94,NL,SETTLED
PAY-00001377,CLIENT-0233,ACC-000699,2025-06-12,INBOUND,BOOK_TRANSFER,AUD,170827.72,DE,SETTLED
PAY-00001378,CLIENT-0431,ACC-001269,2024-06-02,OUTBOUND,ACH,USD,6394.13,NL,SETTLED
PAY-00001379,CLIENT-0095,ACC-000268,2025-02-18,OUTBOUND,CARD,SGD,127896.48,AE,SETTLED
PAY-00001380,CLIENT-0200,ACC-000600,2025-04-08,INBOUND,BOOK_TRANSFER,GBP,2250.30,DE,SETTLED
PAY-00001381,CLIENT-0172,ACC-000521,2026-05-12,INBOUND,WIRE,USD,166054.85,AU,PENDING
PAY-00001382,CLIENT-0146,ACC-000436,2026-01-05,OUTBOUND,WIRE,CAD,97272.22,MX,SETTLED
PAY-00001383,CLIENT-0231,ACC-000692,2026-03-25,OUTBOUND,SEPA,EUR,192488.85,GB,SETTLED
PAY-00001384,CLIENT-0484,ACC-001438,2025-04-01,OUTBOUND,ACH,USD,45293.08,FR,SETTLED
PAY-00001385,CLIENT-0488,ACC-001452,2024-12-09,OUTBOUND,WIRE,USD,216801.30,JP,SETTLED
PAY-00001386,CLIENT-0048,ACC-000131,2026-07-14,OUTBOUND,CARD,USD,123763.32,BR,SETTLED
PAY-00001387,CLIENT-0046,ACC-000121,2025-08-04,OUTBOUND,WIRE,USD,12555.10,DE,SETTLED
PAY-00001388,CLIENT-0090,ACC-000254,2025-06-08,INBOUND,SWIFT,EUR,216328.14,FR,PENDING
PAY-00001389,CLIENT-0064,ACC-000176,2025-04-10,OUTBOUND,FX_TRANSFER,USD,86972.15,MX,SETTLED
PAY-00001390,CLIENT-0161,ACC-000485,2026-01-24,INBOUND,REAL_TIME_PAYMENT,EUR,10736.30,GB,SETTLED
PAY-00001391,CLIENT-0468,ACC-001386,2024-05-02,INBOUND,BOOK_TRANSFER,USD,3080.90,IN,SETTLED
PAY-00001392,CLIENT-0047,ACC-000125,2024-04-09,OUTBOUND,FX_TRANSFER,USD,212783.07,IE,SETTLED
PAY-00001393,CLIENT-0470,ACC-001390,2025-09-21,OUTBOUND,SEPA,INR,3622.85,IE,SETTLED
PAY-00001394,CLIENT-0087,ACC-000245,2026-05-22,OUTBOUND,FX_TRANSFER,EUR,139871.32,CH,SETTLED
PAY-00001395,CLIENT-0336,ACC-000980,2025-11-10,INBOUND,WIRE,USD,18130.36,AE,SETTLED
PAY-00001396,CLIENT-0179,ACC-000539,2024-09-27,OUTBOUND,BOOK_TRANSFER,USD,16127.35,NL,SETTLED
PAY-00001397,CLIENT-0021,ACC-000059,2025-06-01,OUTBOUND,REAL_TIME_PAYMENT,USD,106139.13,US,SETTLED
PAY-00001398,CLIENT-0270,ACC-000804,2024-09-30,INBOUND,WIRE,USD,10183.71,JP,SETTLED
PAY-00001399,CLIENT-0346,ACC-001015,2024-07-10,INBOUND,SEPA,USD,208564.02,NL,PENDING
PAY-00001400,CLIENT-0494,ACC-001475,2024-12-05,INBOUND,CARD,EUR,133757.68,AE,SETTLED
PAY-00001401,CLIENT-0059,ACC-000166,2026-06-22,INBOUND,ACH,USD,143380.70,NL,SETTLED
PAY-00001402,CLIENT-0268,ACC-000799,2025-12-19,OUTBOUND,ACH,EUR,165127.95,GB,SETTLED
PAY-00001403,CLIENT-0288,ACC-000855,2026-04-30,OUTBOUND,CARD,BRL,5116.16,IN,SETTLED
PAY-00001404,CLIENT-0197,ACC-000588,2026-02-24,OUTBOUND,CARD,USD,17074.92,BR,SETTLED
PAY-00001405,CLIENT-0406,ACC-001193,2026-03-20,OUTBOUND,REAL_TIME_PAYMENT,EUR,66342.86,DE,SETTLED
PAY-00001406,CLIENT-0478,ACC-001416,2024-01-12,INBOUND,CARD,CAD,114248.91,AU,PENDING
PAY-00001407,CLIENT-0083,ACC-000232,2025-04-24,INBOUND,CARD,EUR,68990.43,GB,SETTLED
PAY-00001408,CLIENT-0366,ACC-001070,2025-03-04,INBOUND,SEPA,EUR,65194.71,JP,SETTLED
PAY-00001409,CLIENT-0324,ACC-000951,2025-03-25,INBOUND,BOOK_TRANSFER,EUR,128018.37,CA,PENDING
PAY-00001410,CLIENT-0048,ACC-000128,2025-11-23,OUTBOUND,SEPA,USD,125279.81,MX,SETTLED
PAY-00001411,CLIENT-0103,ACC-000296,2025-10-04,OUTBOUND,SEPA,USD,65141.79,AU,SETTLED
PAY-00001412,CLIENT-0095,ACC-000269,2026-04-06,INBOUND,REAL_TIME_PAYMENT,USD,55061.43,AE,REJECTED
PAY-00001413,CLIENT-0016,ACC-000042,2025-06-25,OUTBOUND,ACH,EUR,10236.79,CA,SETTLED
PAY-00001414,CLIENT-0087,ACC-000244,2024-04-01,OUTBOUND,SEPA,GBP,64568.69,CA,SETTLED
PAY-00001415,CLIENT-0267,ACC-000797,2026-01-09,OUTBOUND,SEPA,USD,566.03,BR,SETTLED
PAY-00001416,CLIENT-0148,ACC-000443,2024-12-15,OUTBOUND,SEPA,USD,117940.73,IE,SETTLED
PAY-00001417,CLIENT-0472,ACC-001398,2024-09-28,INBOUND,REAL_TIME_PAYMENT,USD,145402.77,AE,SETTLED
PAY-00001418,CLIENT-0123,ACC-000368,2026-07-17,INBOUND,SEPA,USD,151208.74,BR,SETTLED
PAY-00001419,CLIENT-0440,ACC-001299,2026-02-19,INBOUND,ACH,CAD,10912.93,BR,SETTLED
PAY-00001420,CLIENT-0208,ACC-000619,2025-03-12,OUTBOUND,CARD,AED,244915.78,AE,SETTLED
PAY-00001421,CLIENT-0304,ACC-000893,2025-06-30,INBOUND,SWIFT,USD,11270.29,FR,SETTLED
PAY-00001422,CLIENT-0041,ACC-000113,2026-04-17,OUTBOUND,SWIFT,USD,10351.13,SG,PENDING
PAY-00001423,CLIENT-0476,ACC-001408,2026-07-01,INBOUND,REAL_TIME_PAYMENT,USD,144150.77,NL,SETTLED
PAY-00001424,CLIENT-0466,ACC-001380,2025-10-27,INBOUND,REAL_TIME_PAYMENT,INR,121386.43,CA,SETTLED
PAY-00001425,CLIENT-0398,ACC-001164,2025-06-03,INBOUND,WIRE,USD,10369.55,IN,SETTLED
PAY-00001426,CLIENT-0362,ACC-001059,2025-08-26,OUTBOUND,ACH,USD,162712.37,DE,PENDING
PAY-00001427,CLIENT-0439,ACC-001296,2026-06-01,INBOUND,SWIFT,MXN,127783.66,GB,SETTLED
PAY-00001428,CLIENT-0125,ACC-000374,2024-11-04,OUTBOUND,CARD,USD,108943.78,AU,SETTLED
PAY-00001429,CLIENT-0474,ACC-001403,2026-01-24,OUTBOUND,ACH,CHF,82527.97,GB,SETTLED
PAY-00001430,CLIENT-0153,ACC-000460,2026-07-30,OUTBOUND,BOOK_TRANSFER,USD,97294.88,IN,SETTLED
PAY-00001431,CLIENT-0150,ACC-000451,2026-07-06,INBOUND,WIRE,USD,201542.35,BR,SETTLED
PAY-00001432,CLIENT-0201,ACC-000602,2025-12-30,INBOUND,CARD,USD,1824.72,GB,SETTLED
PAY-00001433,CLIENT-0165,ACC-000497,2024-07-22,INBOUND,REAL_TIME_PAYMENT,USD,1298.40,MX,SETTLED
PAY-00001434,CLIENT-0347,ACC-001016,2026-06-29,INBOUND,BOOK_TRANSFER,USD,181999.62,MX,SETTLED
PAY-00001435,CLIENT-0187,ACC-000560,2025-05-03,OUTBOUND,REAL_TIME_PAYMENT,USD,13169.85,GB,RETURNED
PAY-00001436,CLIENT-0256,ACC-000772,2026-07-24,OUTBOUND,FX_TRANSFER,USD,10243.14,US,SETTLED
PAY-00001437,CLIENT-0445,ACC-001312,2025-06-23,INBOUND,WIRE,USD,42846.42,SG,REJECTED
PAY-00001438,CLIENT-0434,ACC-001280,2026-01-08,OUTBOUND,REAL_TIME_PAYMENT,USD,85148.05,IE,SETTLED
PAY-00001439,CLIENT-0307,ACC-000904,2024-03-21,OUTBOUND,BOOK_TRANSFER,USD,215674.48,CH,SETTLED
PAY-00001440,CLIENT-0229,ACC-000681,2025-08-04,OUTBOUND,WIRE,USD,122257.66,MX,SETTLED
PAY-00001441,CLIENT-0227,ACC-000678,2024-06-26,INBOUND,FX_TRANSFER,USD,654.80,FR,SETTLED
PAY-00001442,CLIENT-0291,ACC-000863,2025-12-12,OUTBOUND,REAL_TIME_PAYMENT,EUR,121417.31,GB,SETTLED
PAY-00001443,CLIENT-0341,ACC-000999,2025-09-06,INBOUND,REAL_TIME_PAYMENT,USD,14905.17,MX,REJECTED
PAY-00001444,CLIENT-0451,ACC-001334,2026-05-17,OUTBOUND,CARD,USD,4515.01,CA,SETTLED
PAY-00001445,CLIENT-0128,ACC-000380,2024-10-06,INBOUND,BOOK_TRANSFER,USD,11927.57,US,SETTLED
PAY-00001446,CLIENT-0138,ACC-000411,2024-12-29,OUTBOUND,BOOK_TRANSFER,MXN,237195.85,CH,SETTLED
PAY-00001447,CLIENT-0367,ACC-001072,2026-05-31,OUTBOUND,REAL_TIME_PAYMENT,GBP,27483.62,IE,SETTLED
PAY-00001448,CLIENT-0223,ACC-000667,2026-05-25,OUTBOUND,CARD,USD,42503.89,CA,SETTLED
PAY-00001449,CLIENT-0263,ACC-000789,2025-06-28,OUTBOUND,FX_TRANSFER,USD,282.97,IE,PENDING
PAY-00001450,CLIENT-0209,ACC-000621,2026-06-09,INBOUND,WIRE,CAD,165988.42,SG,SETTLED
PAY-00001451,CLIENT-0244,ACC-000737,2026-04-06,OUTBOUND,SEPA,USD,16.93,GB,SETTLED
PAY-00001452,CLIENT-0077,ACC-000216,2025-12-08,OUTBOUND,CARD,EUR,10035.72,AU,SETTLED
PAY-00001453,CLIENT-0207,ACC-000617,2024-08-23,OUTBOUND,CARD,EUR,156960.22,NL,SETTLED
PAY-00001454,CLIENT-0392,ACC-001141,2026-06-05,INBOUND,FX_TRANSFER,USD,137625.71,SG,SETTLED
PAY-00001455,CLIENT-0038,ACC-000104,2026-07-23,INBOUND,BOOK_TRANSFER,USD,104006.54,US,SETTLED
PAY-00001456,CLIENT-0221,ACC-000658,2025-03-06,OUTBOUND,SWIFT,EUR,1766.57,US,SETTLED
PAY-00001457,CLIENT-0249,ACC-000751,2026-07-02,INBOUND,SWIFT,USD,69251.29,SG,SETTLED
PAY-00001458,CLIENT-0434,ACC-001280,2025-09-08,OUTBOUND,BOOK_TRANSFER,USD,12020.95,AE,SETTLED
PAY-00001459,CLIENT-0352,ACC-001033,2025-02-08,OUTBOUND,FX_TRANSFER,INR,229145.88,NL,SETTLED
PAY-00001460,CLIENT-0424,ACC-001251,2026-04-22,OUTBOUND,REAL_TIME_PAYMENT,EUR,2056.29,JP,SETTLED
PAY-00001461,CLIENT-0146,ACC-000435,2025-09-18,OUTBOUND,CARD,CAD,178975.73,JP,SETTLED
PAY-00001462,CLIENT-0366,ACC-001069,2025-05-16,INBOUND,ACH,EUR,113291.03,MX,SETTLED
PAY-00001463,CLIENT-0134,ACC-000397,2025-12-13,INBOUND,BOOK_TRANSFER,USD,16340.02,SG,SETTLED
PAY-00001464,CLIENT-0170,ACC-000515,2026-04-12,INBOUND,ACH,USD,186550.58,FR,SETTLED
PAY-00001465,CLIENT-0442,ACC-001304,2026-07-22,INBOUND,FX_TRANSFER,USD,249.79,US,SETTLED
PAY-00001466,CLIENT-0396,ACC-001157,2026-07-13,INBOUND,REAL_TIME_PAYMENT,USD,38291.44,SG,SETTLED
PAY-00001467,CLIENT-0123,ACC-000367,2026-05-12,OUTBOUND,BOOK_TRANSFER,USD,190808.65,NL,SETTLED
PAY-00001468,CLIENT-0114,ACC-000330,2026-03-05,OUTBOUND,REAL_TIME_PAYMENT,AUD,140768.27,MX,PENDING
PAY-00001469,CLIENT-0076,ACC-000211,2025-12-19,INBOUND,SEPA,USD,121019.81,GB,SETTLED
PAY-00001470,CLIENT-0085,ACC-000241,2024-04-21,OUTBOUND,CARD,USD,7388.49,AU,SETTLED
PAY-00001471,CLIENT-0066,ACC-000180,2024-09-14,OUTBOUND,CARD,USD,206807.17,FR,SETTLED
PAY-00001472,CLIENT-0483,ACC-001435,2026-02-25,OUTBOUND,SEPA,CAD,4942.13,SG,SETTLED
PAY-00001473,CLIENT-0121,ACC-000358,2024-03-05,OUTBOUND,REAL_TIME_PAYMENT,USD,14302.51,CA,SETTLED
PAY-00001474,CLIENT-0393,ACC-001144,2026-04-09,OUTBOUND,REAL_TIME_PAYMENT,USD,211746.19,JP,SETTLED
PAY-00001475,CLIENT-0015,ACC-000035,2026-06-04,INBOUND,CARD,USD,14981.60,GB,SETTLED
PAY-00001476,CLIENT-0418,ACC-001237,2025-07-08,INBOUND,ACH,USD,107260.94,CH,SETTLED
PAY-00001477,CLIENT-0001,ACC-000001,2025-02-18,INBOUND,WIRE,AED,153139.12,IE,SETTLED
PAY-00001478,CLIENT-0076,ACC-000214,2025-12-14,OUTBOUND,REAL_TIME_PAYMENT,USD,56787.33,NL,SETTLED
PAY-00001479,CLIENT-0201,ACC-000603,2025-06-18,INBOUND,FX_TRANSFER,USD,12139.05,AE,SETTLED
PAY-00001480,CLIENT-0240,ACC-000722,2024-09-09,OUTBOUND,BOOK_TRANSFER,USD,12678.23,IN,SETTLED
PAY-00001481,CLIENT-0049,ACC-000136,2026-07-06,INBOUND,WIRE,EUR,112259.39,GB,SETTLED
PAY-00001482,CLIENT-0326,ACC-000957,2025-01-16,INBOUND,CARD,USD,234281.51,AU,SETTLED
PAY-00001483,CLIENT-0317,ACC-000930,2025-06-01,INBOUND,CARD,USD,248295.64,JP,SETTLED
PAY-00001484,CLIENT-0489,ACC-001458,2026-06-17,OUTBOUND,SWIFT,GBP,9058.64,IN,SETTLED
PAY-00001485,CLIENT-0031,ACC-000087,2026-07-15,OUTBOUND,BOOK_TRANSFER,EUR,127373.49,FR,SETTLED
PAY-00001486,CLIENT-0215,ACC-000642,2026-07-19,INBOUND,WIRE,EUR,14617.08,AE,PENDING
PAY-00001487,CLIENT-0475,ACC-001405,2025-05-05,INBOUND,REAL_TIME_PAYMENT,EUR,80343.21,NL,RETURNED
PAY-00001488,CLIENT-0434,ACC-001278,2026-07-03,INBOUND,SWIFT,USD,214886.94,IE,SETTLED
PAY-00001489,CLIENT-0226,ACC-000672,2024-03-18,OUTBOUND,SWIFT,USD,4358.30,IE,SETTLED
PAY-00001490,CLIENT-0171,ACC-000517,2025-04-08,OUTBOUND,ACH,EUR,226919.01,GB,SETTLED
PAY-00001491,CLIENT-0449,ACC-001323,2026-04-02,INBOUND,SEPA,USD,19811.99,FR,SETTLED
PAY-00001492,CLIENT-0489,ACC-001460,2025-03-10,OUTBOUND,CARD,AED,145133.26,IE,SETTLED
PAY-00001493,CLIENT-0048,ACC-000130,2024-06-05,OUTBOUND,BOOK_TRANSFER,USD,23708.00,CH,PENDING
PAY-00001494,CLIENT-0396,ACC-001155,2025-01-20,OUTBOUND,REAL_TIME_PAYMENT,USD,141208.88,IE,SETTLED
PAY-00001495,CLIENT-0117,ACC-000344,2024-11-08,INBOUND,CARD,USD,131804.13,US,SETTLED
PAY-00001496,CLIENT-0038,ACC-000102,2026-07-27,OUTBOUND,REAL_TIME_PAYMENT,USD,177023.44,NL,SETTLED
PAY-00001497,CLIENT-0054,ACC-000149,2025-04-22,OUTBOUND,BOOK_TRANSFER,USD,13410.35,CH,SETTLED
PAY-00001498,CLIENT-0434,ACC-001280,2025-11-18,INBOUND,ACH,USD,25546.45,CA,SETTLED
PAY-00001499,CLIENT-0437,ACC-001292,2026-04-05,OUTBOUND,ACH,USD,229234.30,MX,REJECTED
PAY-00001500,CLIENT-0394,ACC-001148,2026-04-14,INBOUND,SWIFT,USD,219450.15,US,SETTLED
PAY-00001501,CLIENT-0095,ACC-000269,2026-07-31,OUTBOUND,WIRE,USD,20081.17,SG,SETTLED
PAY-00001502,CLIENT-0040,ACC-000110,2026-06-26,INBOUND,BOOK_TRANSFER,USD,156773.10,NL,SETTLED
PAY-00001503,CLIENT-0446,ACC-001314,2024-02-08,OUTBOUND,SWIFT,USD,140546.81,CH,SETTLED
PAY-00001504,CLIENT-0322,ACC-000945,2026-05-10,INBOUND,REAL_TIME_PAYMENT,CHF,5446.58,MX,SETTLED
PAY-00001505,CLIENT-0079,ACC-000219,2026-03-15,OUTBOUND,WIRE,USD,92009.69,IE,SETTLED
PAY-00001506,CLIENT-0156,ACC-000471,2025-01-29,INBOUND,WIRE,USD,114240.89,AE,SETTLED
PAY-00001507,CLIENT-0046,ACC-000124,2024-10-24,INBOUND,SEPA,USD,11914.84,NL,SETTLED
PAY-00001508,CLIENT-0200,ACC-000600,2024-03-16,INBOUND,WIRE,GBP,9871.91,NL,SETTLED
PAY-00001509,CLIENT-0435,ACC-001283,2026-04-25,OUTBOUND,WIRE,USD,10570.04,CA,SETTLED
PAY-00001510,CLIENT-0143,ACC-000427,2025-12-12,INBOUND,WIRE,USD,160587.47,GB,SETTLED
PAY-00001511,CLIENT-0136,ACC-000405,2024-11-11,INBOUND,WIRE,USD,43107.10,AU,SETTLED
PAY-00001512,CLIENT-0097,ACC-000277,2026-07-08,OUTBOUND,BOOK_TRANSFER,EUR,74121.17,SG,SETTLED
PAY-00001513,CLIENT-0384,ACC-001117,2026-05-19,OUTBOUND,ACH,USD,9659.05,CH,PENDING
PAY-00001514,CLIENT-0446,ACC-001315,2025-12-02,INBOUND,FX_TRANSFER,SGD,38149.81,AE,SETTLED
PAY-00001515,CLIENT-0112,ACC-000326,2024-10-02,OUTBOUND,FX_TRANSFER,USD,33758.81,IN,SETTLED
PAY-00001516,CLIENT-0392,ACC-001142,2025-10-31,INBOUND,SEPA,USD,88752.87,SG,SETTLED
PAY-00001517,CLIENT-0215,ACC-000640,2026-07-20,INBOUND,SEPA,EUR,11503.78,FR,REJECTED
PAY-00001518,CLIENT-0344,ACC-001008,2026-07-25,OUTBOUND,SEPA,EUR,95460.18,US,SETTLED
PAY-00001519,CLIENT-0321,ACC-000944,2026-02-12,INBOUND,BOOK_TRANSFER,USD,73950.50,US,SETTLED
PAY-00001520,CLIENT-0410,ACC-001204,2026-03-21,INBOUND,ACH,USD,127348.58,JP,SETTLED
PAY-00001521,CLIENT-0229,ACC-000683,2025-05-08,INBOUND,SWIFT,EUR,203627.84,IN,SETTLED
PAY-00001522,CLIENT-0314,ACC-000924,2024-10-17,INBOUND,SEPA,EUR,235641.34,FR,SETTLED
PAY-00001523,CLIENT-0104,ACC-000297,2026-07-09,INBOUND,REAL_TIME_PAYMENT,USD,243163.16,IE,SETTLED
PAY-00001524,CLIENT-0218,ACC-000649,2026-06-25,OUTBOUND,REAL_TIME_PAYMENT,MXN,177492.10,CA,SETTLED
PAY-00001525,CLIENT-0435,ACC-001284,2026-07-01,OUTBOUND,WIRE,USD,14620.48,DE,SETTLED
PAY-00001526,CLIENT-0038,ACC-000101,2026-02-27,INBOUND,REAL_TIME_PAYMENT,USD,16659.39,US,SETTLED
PAY-00001527,CLIENT-0466,ACC-001380,2025-10-07,OUTBOUND,SEPA,INR,150609.46,IE,SETTLED
PAY-00001528,CLIENT-0222,ACC-000665,2025-02-13,INBOUND,SWIFT,EUR,215879.05,BR,SETTLED
PAY-00001529,CLIENT-0356,ACC-001046,2025-04-02,OUTBOUND,FX_TRANSFER,SGD,20221.94,DE,SETTLED
PAY-00001530,CLIENT-0248,ACC-000747,2026-07-01,OUTBOUND,WIRE,USD,214441.12,IN,SETTLED
PAY-00001531,CLIENT-0237,ACC-000710,2026-03-08,INBOUND,BOOK_TRANSFER,USD,190037.21,MX,SETTLED
PAY-00001532,CLIENT-0238,ACC-000717,2024-03-07,OUTBOUND,BOOK_TRANSFER,USD,198482.50,IN,SETTLED
PAY-00001533,CLIENT-0129,ACC-000381,2024-11-09,OUTBOUND,SEPA,EUR,1836.22,DE,SETTLED
PAY-00001534,CLIENT-0478,ACC-001417,2025-08-16,INBOUND,ACH,USD,73831.53,NL,SETTLED
PAY-00001535,CLIENT-0207,ACC-000616,2025-07-08,OUTBOUND,FX_TRANSFER,EUR,159023.91,IE,SETTLED
PAY-00001536,CLIENT-0221,ACC-000659,2025-12-31,OUTBOUND,WIRE,USD,27520.12,IE,SETTLED
PAY-00001537,CLIENT-0419,ACC-001240,2025-01-15,OUTBOUND,SEPA,USD,206408.20,BR,SETTLED
PAY-00001538,CLIENT-0418,ACC-001235,2026-03-21,OUTBOUND,SEPA,EUR,175298.07,AU,SETTLED
PAY-00001539,CLIENT-0109,ACC-000312,2024-04-27,INBOUND,BOOK_TRANSFER,INR,221039.72,AU,SETTLED
PAY-00001540,CLIENT-0455,ACC-001342,2025-12-01,OUTBOUND,SEPA,USD,230583.98,CH,SETTLED
PAY-00001541,CLIENT-0384,ACC-001116,2025-07-05,OUTBOUND,REAL_TIME_PAYMENT,EUR,12201.29,NL,SETTLED
PAY-00001542,CLIENT-0319,ACC-000935,2026-04-03,INBOUND,FX_TRANSFER,MXN,818.41,CH,PENDING
PAY-00001543,CLIENT-0488,ACC-001451,2026-03-07,OUTBOUND,CARD,EUR,26526.71,CH,SETTLED
PAY-00001544,CLIENT-0290,ACC-000857,2025-02-14,OUTBOUND,SEPA,EUR,1540.03,IN,SETTLED
PAY-00001545,CLIENT-0076,ACC-000215,2025-08-08,INBOUND,BOOK_TRANSFER,USD,112292.32,DE,PENDING
PAY-00001546,CLIENT-0396,ACC-001155,2025-03-31,INBOUND,SWIFT,USD,217199.02,NL,SETTLED
PAY-00001547,CLIENT-0359,ACC-001053,2026-03-24,OUTBOUND,SEPA,USD,57374.71,AU,SETTLED
PAY-00001548,CLIENT-0238,ACC-000716,2026-01-09,OUTBOUND,SWIFT,USD,117485.24,MX,REJECTED
PAY-00001549,CLIENT-0269,ACC-000802,2025-10-26,INBOUND,SEPA,BRL,178741.24,SG,PENDING
PAY-00001550,CLIENT-0055,ACC-000155,2025-11-15,INBOUND,SWIFT,EUR,24617.55,CA,SETTLED
PAY-00001551,CLIENT-0054,ACC-000150,2026-06-30,OUTBOUND,ACH,USD,1748.01,GB,SETTLED
PAY-00001552,CLIENT-0066,ACC-000183,2026-03-17,INBOUND,CARD,USD,43112.09,CH,SETTLED
PAY-00001553,CLIENT-0386,ACC-001120,2024-02-23,OUTBOUND,BOOK_TRANSFER,USD,145168.26,IN,SETTLED
PAY-00001554,CLIENT-0031,ACC-000084,2025-12-14,OUTBOUND,REAL_TIME_PAYMENT,EUR,60760.42,SG,SETTLED
PAY-00001555,CLIENT-0218,ACC-000650,2025-07-16,OUTBOUND,SWIFT,USD,232491.66,FR,PENDING
PAY-00001556,CLIENT-0388,ACC-001128,2026-02-05,INBOUND,CARD,EUR,227507.34,SG,SETTLED
PAY-00001557,CLIENT-0405,ACC-001189,2026-04-04,OUTBOUND,BOOK_TRANSFER,AUD,79558.04,MX,SETTLED
PAY-00001558,CLIENT-0390,ACC-001134,2026-07-16,INBOUND,BOOK_TRANSFER,USD,13623.94,FR,SETTLED
PAY-00001559,CLIENT-0434,ACC-001277,2026-05-30,OUTBOUND,REAL_TIME_PAYMENT,USD,190987.77,BR,PENDING
PAY-00001560,CLIENT-0133,ACC-000396,2025-02-03,INBOUND,ACH,USD,4576.29,IN,PENDING
PAY-00001561,CLIENT-0398,ACC-001164,2025-01-07,INBOUND,CARD,USD,9562.29,IE,SETTLED
PAY-00001562,CLIENT-0328,ACC-000965,2026-05-06,OUTBOUND,SEPA,USD,96999.10,BR,PENDING
PAY-00001563,CLIENT-0127,ACC-000378,2024-11-01,OUTBOUND,SEPA,EUR,19628.75,GB,SETTLED
PAY-00001564,CLIENT-0464,ACC-001370,2024-02-26,INBOUND,ACH,USD,152658.67,IE,SETTLED
PAY-00001565,CLIENT-0339,ACC-000988,2026-03-12,OUTBOUND,SEPA,EUR,201804.15,IE,SETTLED
PAY-00001566,CLIENT-0123,ACC-000368,2026-04-08,INBOUND,FX_TRANSFER,USD,135386.75,US,SETTLED
PAY-00001567,CLIENT-0359,ACC-001054,2024-12-16,INBOUND,SWIFT,USD,208431.47,AE,SETTLED
PAY-00001568,CLIENT-0148,ACC-000447,2024-10-11,OUTBOUND,BOOK_TRANSFER,SGD,110448.25,DE,SETTLED
PAY-00001569,CLIENT-0429,ACC-001267,2026-07-04,OUTBOUND,FX_TRANSFER,USD,226534.37,MX,SETTLED
PAY-00001570,CLIENT-0346,ACC-001014,2026-05-15,INBOUND,WIRE,AUD,186835.57,GB,SETTLED
PAY-00001571,CLIENT-0402,ACC-001180,2026-04-06,OUTBOUND,WIRE,EUR,207088.12,CH,SETTLED
PAY-00001572,CLIENT-0240,ACC-000722,2026-07-01,OUTBOUND,SWIFT,USD,8764.92,DE,SETTLED
PAY-00001573,CLIENT-0277,ACC-000827,2026-01-18,INBOUND,ACH,CAD,8874.54,IE,SETTLED
PAY-00001574,CLIENT-0349,ACC-001022,2026-06-13,INBOUND,SEPA,GBP,67664.24,GB,SETTLED
PAY-00001575,CLIENT-0362,ACC-001060,2024-11-08,INBOUND,CARD,USD,237826.05,US,SETTLED
PAY-00001576,CLIENT-0210,ACC-000624,2026-07-08,INBOUND,WIRE,MXN,146158.99,CA,SETTLED
PAY-00001577,CLIENT-0236,ACC-000708,2025-09-24,OUTBOUND,BOOK_TRANSFER,USD,8158.48,DE,SETTLED
PAY-00001578,CLIENT-0263,ACC-000790,2026-02-25,OUTBOUND,BOOK_TRANSFER,EUR,7928.79,NL,SETTLED
PAY-00001579,CLIENT-0106,ACC-000303,2025-12-08,INBOUND,WIRE,EUR,196935.01,MX,SETTLED
PAY-00001580,CLIENT-0236,ACC-000709,2026-06-24,INBOUND,BOOK_TRANSFER,USD,13778.56,GB,SETTLED
PAY-00001581,CLIENT-0087,ACC-000244,2026-03-02,INBOUND,CARD,GBP,45880.28,MX,SETTLED
PAY-00001582,CLIENT-0078,ACC-000218,2026-01-18,INBOUND,CARD,JPY,2393.41,NL,REJECTED
PAY-00001583,CLIENT-0370,ACC-001080,2026-02-09,OUTBOUND,BOOK_TRANSFER,USD,181120.00,CA,SETTLED
PAY-00001584,CLIENT-0194,ACC-000573,2024-11-10,INBOUND,BOOK_TRANSFER,EUR,22617.81,DE,SETTLED
PAY-00001585,CLIENT-0369,ACC-001079,2025-12-14,INBOUND,CARD,USD,235669.74,SG,SETTLED
PAY-00001586,CLIENT-0392,ACC-001141,2026-02-06,OUTBOUND,ACH,USD,179562.97,US,SETTLED
PAY-00001587,CLIENT-0156,ACC-000472,2024-08-29,OUTBOUND,REAL_TIME_PAYMENT,USD,162638.02,DE,PENDING
PAY-00001588,CLIENT-0396,ACC-001157,2024-04-09,INBOUND,SEPA,USD,175748.78,BR,SETTLED
PAY-00001589,CLIENT-0019,ACC-000051,2025-11-03,OUTBOUND,WIRE,BRL,10696.64,AE,SETTLED
PAY-00001590,CLIENT-0366,ACC-001068,2026-05-05,INBOUND,FX_TRANSFER,USD,74990.73,CA,SETTLED
PAY-00001591,CLIENT-0134,ACC-000399,2026-04-08,INBOUND,CARD,USD,51003.13,FR,PENDING
PAY-00001592,CLIENT-0009,ACC-000017,2026-02-06,OUTBOUND,ACH,JPY,11623.24,IE,SETTLED
PAY-00001593,CLIENT-0123,ACC-000368,2026-07-13,INBOUND,BOOK_TRANSFER,USD,82136.12,CH,SETTLED
PAY-00001594,CLIENT-0114,ACC-000332,2026-06-17,INBOUND,CARD,USD,219356.34,DE,SETTLED
PAY-00001595,CLIENT-0014,ACC-000033,2026-07-07,OUTBOUND,CARD,USD,127344.45,AU,SETTLED
PAY-00001596,CLIENT-0232,ACC-000695,2024-12-16,INBOUND,SWIFT,USD,45631.05,AE,SETTLED
PAY-00001597,CLIENT-0322,ACC-000945,2026-05-02,OUTBOUND,BOOK_TRANSFER,CHF,14982.48,DE,PENDING
PAY-00001598,CLIENT-0145,ACC-000431,2025-10-10,OUTBOUND,FX_TRANSFER,USD,54490.22,GB,SETTLED
PAY-00001599,CLIENT-0340,ACC-000995,2024-12-24,INBOUND,REAL_TIME_PAYMENT,USD,4041.54,AE,SETTLED
PAY-00001600,CLIENT-0152,ACC-000457,2026-07-04,INBOUND,SWIFT,USD,5420.09,SG,SETTLED
PAY-00001601,CLIENT-0120,ACC-000353,2024-02-23,INBOUND,BOOK_TRANSFER,EUR,47870.84,IN,SETTLED
PAY-00001602,CLIENT-0433,ACC-001275,2026-06-01,INBOUND,SEPA,EUR,5474.08,US,PENDING
PAY-00001603,CLIENT-0034,ACC-000092,2026-03-22,INBOUND,SWIFT,USD,225632.66,AU,SETTLED
PAY-00001604,CLIENT-0412,ACC-001212,2026-02-24,INBOUND,WIRE,SGD,74.73,AU,SETTLED
PAY-00001605,CLIENT-0446,ACC-001314,2025-12-21,OUTBOUND,WIRE,USD,148361.31,CA,SETTLED
PAY-00001606,CLIENT-0455,ACC-001344,2025-08-31,INBOUND,SEPA,EUR,86861.81,IN,SETTLED
PAY-00001607,CLIENT-0480,ACC-001423,2026-02-26,INBOUND,SWIFT,USD,3268.65,FR,SETTLED
PAY-00001608,CLIENT-0420,ACC-001242,2025-02-18,OUTBOUND,SEPA,AUD,35340.07,MX,PENDING
PAY-00001609,CLIENT-0373,ACC-001086,2025-03-09,OUTBOUND,SEPA,USD,179777.57,SG,SETTLED
PAY-00001610,CLIENT-0410,ACC-001203,2025-09-03,INBOUND,BOOK_TRANSFER,JPY,130850.22,MX,SETTLED
PAY-00001611,CLIENT-0147,ACC-000440,2025-07-30,OUTBOUND,FX_TRANSFER,USD,112674.53,DE,SETTLED
PAY-00001612,CLIENT-0489,ACC-001459,2025-02-28,INBOUND,SEPA,GBP,59504.72,BR,REJECTED
PAY-00001613,CLIENT-0129,ACC-000382,2024-02-17,INBOUND,FX_TRANSFER,USD,9969.13,CA,SETTLED
PAY-00001614,CLIENT-0187,ACC-000558,2025-09-29,INBOUND,WIRE,USD,13649.23,AU,SETTLED
PAY-00001615,CLIENT-0381,ACC-001109,2025-01-25,OUTBOUND,SEPA,CHF,102857.36,NL,SETTLED
PAY-00001616,CLIENT-0366,ACC-001068,2025-11-12,OUTBOUND,WIRE,USD,134713.61,GB,SETTLED
PAY-00001617,CLIENT-0442,ACC-001307,2026-07-16,INBOUND,WIRE,CAD,12418.88,DE,SETTLED
PAY-00001618,CLIENT-0199,ACC-000597,2024-12-08,INBOUND,CARD,USD,3237.81,JP,SETTLED
PAY-00001619,CLIENT-0483,ACC-001434,2025-01-30,INBOUND,BOOK_TRANSFER,CAD,1660.88,MX,SETTLED
PAY-00001620,CLIENT-0145,ACC-000434,2026-05-26,OUTBOUND,ACH,USD,123841.53,MX,PENDING
PAY-00001621,CLIENT-0243,ACC-000733,2026-06-05,OUTBOUND,CARD,USD,167346.73,CA,SETTLED
PAY-00001622,CLIENT-0378,ACC-001098,2026-05-04,OUTBOUND,WIRE,USD,197568.19,FR,SETTLED
PAY-00001623,CLIENT-0408,ACC-001198,2025-09-08,OUTBOUND,WIRE,USD,207728.95,SG,SETTLED
PAY-00001624,CLIENT-0407,ACC-001196,2026-02-04,INBOUND,FX_TRANSFER,USD,11135.57,AE,SETTLED
PAY-00001625,CLIENT-0337,ACC-000983,2024-06-17,INBOUND,FX_TRANSFER,USD,10564.62,AU,SETTLED
PAY-00001626,CLIENT-0094,ACC-000265,2025-02-21,INBOUND,CARD,USD,381.07,BR,PENDING
PAY-00001627,CLIENT-0197,ACC-000585,2026-07-29,INBOUND,ACH,JPY,228874.74,CA,SETTLED
PAY-00001628,CLIENT-0271,ACC-000807,2025-09-14,INBOUND,ACH,GBP,37628.11,IE,PENDING
PAY-00001629,CLIENT-0288,ACC-000851,2026-07-27,INBOUND,BOOK_TRANSFER,BRL,38890.96,IE,SETTLED
PAY-00001630,CLIENT-0127,ACC-000377,2025-02-09,OUTBOUND,WIRE,USD,174013.90,DE,PENDING
PAY-00001631,CLIENT-0330,ACC-000970,2024-12-01,INBOUND,CARD,GBP,8729.70,CH,SETTLED
PAY-00001632,CLIENT-0217,ACC-000647,2026-05-09,OUTBOUND,SEPA,USD,149255.26,NL,SETTLED
PAY-00001633,CLIENT-0450,ACC-001327,2025-02-18,OUTBOUND,WIRE,EUR,237998.62,CA,SETTLED
PAY-00001634,CLIENT-0424,ACC-001251,2026-05-10,INBOUND,WIRE,EUR,4560.23,FR,SETTLED
PAY-00001635,CLIENT-0414,ACC-001220,2026-01-16,OUTBOUND,WIRE,USD,57250.56,AE,PENDING
PAY-00001636,CLIENT-0366,ACC-001068,2026-05-21,INBOUND,ACH,USD,185506.88,DE,SETTLED
PAY-00001637,CLIENT-0048,ACC-000130,2026-07-10,OUTBOUND,ACH,USD,191306.79,GB,SETTLED
PAY-00001638,CLIENT-0471,ACC-001396,2026-02-23,INBOUND,BOOK_TRANSFER,EUR,30959.00,CA,SETTLED
PAY-00001639,CLIENT-0130,ACC-000386,2024-09-02,OUTBOUND,SEPA,USD,46080.57,BR,SETTLED
PAY-00001640,CLIENT-0096,ACC-000271,2025-04-27,INBOUND,SWIFT,JPY,11384.76,FR,SETTLED
PAY-00001641,CLIENT-0148,ACC-000447,2024-10-29,OUTBOUND,FX_TRANSFER,SGD,23517.11,GB,SETTLED
PAY-00001642,CLIENT-0271,ACC-000810,2026-04-03,OUTBOUND,WIRE,EUR,42994.09,US,RETURNED
PAY-00001643,CLIENT-0204,ACC-000611,2026-07-23,OUTBOUND,REAL_TIME_PAYMENT,USD,5741.77,IN,SETTLED
PAY-00001644,CLIENT-0449,ACC-001324,2026-07-29,OUTBOUND,SWIFT,USD,64386.25,US,SETTLED
PAY-00001645,CLIENT-0375,ACC-001089,2024-04-08,OUTBOUND,BOOK_TRANSFER,USD,101664.50,FR,SETTLED
PAY-00001646,CLIENT-0051,ACC-000141,2026-04-27,INBOUND,BOOK_TRANSFER,USD,124711.84,IN,SETTLED
PAY-00001647,CLIENT-0477,ACC-001411,2026-05-15,INBOUND,REAL_TIME_PAYMENT,USD,10167.71,BR,SETTLED
PAY-00001648,CLIENT-0313,ACC-000922,2026-06-25,INBOUND,BOOK_TRANSFER,USD,6016.79,FR,SETTLED
PAY-00001649,CLIENT-0066,ACC-000180,2024-04-25,OUTBOUND,CARD,USD,239755.83,MX,PENDING
PAY-00001650,CLIENT-0431,ACC-001270,2025-02-19,OUTBOUND,FX_TRANSFER,USD,14418.20,AE,SETTLED
PAY-00001651,CLIENT-0231,ACC-000692,2026-01-29,INBOUND,BOOK_TRANSFER,EUR,145715.59,FR,SETTLED
PAY-00001652,CLIENT-0127,ACC-000377,2025-10-27,OUTBOUND,REAL_TIME_PAYMENT,USD,51106.35,CA,SETTLED
PAY-00001653,CLIENT-0253,ACC-000759,2026-04-11,INBOUND,REAL_TIME_PAYMENT,USD,179865.95,US,SETTLED
PAY-00001654,CLIENT-0240,ACC-000723,2025-06-06,OUTBOUND,SWIFT,USD,2563.82,MX,SETTLED
PAY-00001655,CLIENT-0203,ACC-000610,2024-10-31,INBOUND,CARD,EUR,6083.56,CA,REJECTED
PAY-00001656,CLIENT-0392,ACC-001140,2026-07-19,OUTBOUND,WIRE,GBP,82015.29,IN,SETTLED
PAY-00001657,CLIENT-0250,ACC-000754,2025-06-25,INBOUND,CARD,EUR,1286.56,JP,SETTLED
PAY-00001658,CLIENT-0085,ACC-000239,2026-05-01,OUTBOUND,CARD,USD,11794.45,BR,SETTLED
PAY-00001659,CLIENT-0018,ACC-000047,2025-09-27,INBOUND,BOOK_TRANSFER,SGD,115710.34,AU,SETTLED
PAY-00001660,CLIENT-0155,ACC-000468,2026-03-21,INBOUND,SWIFT,JPY,204938.09,CA,SETTLED
PAY-00001661,CLIENT-0434,ACC-001277,2025-11-20,INBOUND,WIRE,USD,133970.48,GB,SETTLED
PAY-00001662,CLIENT-0229,ACC-000680,2024-12-29,OUTBOUND,SWIFT,INR,95784.18,DE,SETTLED
PAY-00001663,CLIENT-0139,ACC-000416,2025-11-12,INBOUND,SWIFT,INR,200068.58,MX,SETTLED
PAY-00001664,CLIENT-0198,ACC-000591,2025-09-22,INBOUND,FX_TRANSFER,GBP,13962.51,AU,SETTLED
PAY-00001665,CLIENT-0465,ACC-001373,2025-06-27,INBOUND,ACH,USD,4125.26,DE,SETTLED
PAY-00001666,CLIENT-0347,ACC-001016,2026-03-30,OUTBOUND,ACH,USD,98816.56,US,PENDING
PAY-00001667,CLIENT-0490,ACC-001463,2024-07-22,OUTBOUND,WIRE,BRL,3890.79,NL,SETTLED
PAY-00001668,CLIENT-0386,ACC-001120,2026-01-01,INBOUND,WIRE,USD,82115.26,CA,SETTLED
PAY-00001669,CLIENT-0304,ACC-000892,2026-03-29,OUTBOUND,FX_TRANSFER,USD,3757.16,JP,SETTLED
PAY-00001670,CLIENT-0396,ACC-001157,2025-02-04,OUTBOUND,FX_TRANSFER,USD,53949.36,GB,SETTLED
PAY-00001671,CLIENT-0415,ACC-001223,2025-06-01,OUTBOUND,SWIFT,USD,1016.40,MX,SETTLED
PAY-00001672,CLIENT-0474,ACC-001403,2025-05-05,INBOUND,FX_TRANSFER,CHF,127217.45,AE,SETTLED
PAY-00001673,CLIENT-0114,ACC-000333,2025-10-07,INBOUND,CARD,USD,226622.87,IN,SETTLED
PAY-00001674,CLIENT-0396,ACC-001158,2025-08-21,OUTBOUND,BOOK_TRANSFER,USD,9745.73,JP,SETTLED
PAY-00001675,CLIENT-0085,ACC-000238,2025-09-03,OUTBOUND,FX_TRANSFER,CAD,11607.26,JP,RETURNED
PAY-00001676,CLIENT-0137,ACC-000410,2024-03-20,INBOUND,WIRE,JPY,11423.40,SG,SETTLED
PAY-00001677,CLIENT-0489,ACC-001456,2024-08-11,INBOUND,REAL_TIME_PAYMENT,GBP,208912.12,GB,SETTLED
PAY-00001678,CLIENT-0324,ACC-000951,2026-03-09,INBOUND,SWIFT,EUR,123717.48,IE,SETTLED
PAY-00001679,CLIENT-0151,ACC-000455,2026-07-18,INBOUND,REAL_TIME_PAYMENT,USD,3565.65,CH,PENDING
PAY-00001680,CLIENT-0424,ACC-001250,2026-06-09,INBOUND,FX_TRANSFER,AUD,8002.38,AE,SETTLED
PAY-00001681,CLIENT-0255,ACC-000767,2026-03-20,OUTBOUND,SWIFT,INR,50904.88,SG,SETTLED
PAY-00001682,CLIENT-0473,ACC-001400,2026-06-28,OUTBOUND,SWIFT,EUR,40121.88,AU,PENDING
PAY-00001683,CLIENT-0449,ACC-001326,2026-06-22,OUTBOUND,CARD,USD,187686.04,IE,PENDING
PAY-00001684,CLIENT-0448,ACC-001320,2025-07-22,INBOUND,WIRE,EUR,143888.78,GB,SETTLED
PAY-00001685,CLIENT-0048,ACC-000129,2026-04-16,OUTBOUND,BOOK_TRANSFER,USD,76150.54,IE,SETTLED
PAY-00001686,CLIENT-0488,ACC-001453,2025-10-19,OUTBOUND,SEPA,USD,137196.27,IE,SETTLED
PAY-00001687,CLIENT-0131,ACC-000390,2024-09-19,INBOUND,SEPA,USD,64822.14,NL,SETTLED
PAY-00001688,CLIENT-0244,ACC-000739,2026-04-23,INBOUND,BOOK_TRANSFER,EUR,5551.59,US,SETTLED
PAY-00001689,CLIENT-0399,ACC-001170,2025-05-31,INBOUND,FX_TRANSFER,GBP,5227.08,US,SETTLED
PAY-00001690,CLIENT-0336,ACC-000980,2026-06-01,INBOUND,FX_TRANSFER,USD,246160.66,CA,SETTLED
PAY-00001691,CLIENT-0196,ACC-000581,2024-12-23,OUTBOUND,ACH,USD,165352.64,DE,PENDING
PAY-00001692,CLIENT-0202,ACC-000608,2026-05-11,OUTBOUND,FX_TRANSFER,USD,226880.10,CA,SETTLED
PAY-00001693,CLIENT-0062,ACC-000172,2026-07-20,OUTBOUND,SEPA,USD,105471.80,AE,SETTLED
PAY-00001694,CLIENT-0037,ACC-000099,2025-11-11,OUTBOUND,FX_TRANSFER,USD,45641.44,AU,SETTLED
PAY-00001695,CLIENT-0140,ACC-000419,2026-05-29,INBOUND,FX_TRANSFER,EUR,79486.40,US,SETTLED
PAY-00001696,CLIENT-0459,ACC-001356,2025-09-21,INBOUND,ACH,USD,11705.41,AE,SETTLED
PAY-00001697,CLIENT-0155,ACC-000467,2026-07-15,INBOUND,CARD,JPY,215682.41,NL,SETTLED
PAY-00001698,CLIENT-0284,ACC-000840,2025-03-18,INBOUND,CARD,USD,70961.31,US,REJECTED
PAY-00001699,CLIENT-0037,ACC-000099,2026-07-13,INBOUND,CARD,USD,146703.13,FR,SETTLED
PAY-00001700,CLIENT-0473,ACC-001399,2025-12-21,INBOUND,WIRE,EUR,28387.17,IE,SETTLED
PAY-00001701,CLIENT-0235,ACC-000705,2026-03-18,OUTBOUND,FX_TRANSFER,USD,219726.51,SG,SETTLED
PAY-00001702,CLIENT-0038,ACC-000104,2026-04-26,OUTBOUND,REAL_TIME_PAYMENT,USD,165707.57,CA,SETTLED
PAY-00001703,CLIENT-0196,ACC-000583,2024-08-25,OUTBOUND,BOOK_TRANSFER,USD,224994.13,JP,SETTLED
PAY-00001704,CLIENT-0114,ACC-000331,2026-01-11,OUTBOUND,SEPA,AUD,110076.60,BR,RETURNED
PAY-00001705,CLIENT-0196,ACC-000582,2024-10-01,OUTBOUND,REAL_TIME_PAYMENT,USD,67771.88,DE,SETTLED
PAY-00001706,CLIENT-0396,ACC-001155,2026-07-24,INBOUND,REAL_TIME_PAYMENT,USD,85367.04,CH,SETTLED
PAY-00001707,CLIENT-0110,ACC-000318,2026-05-02,INBOUND,WIRE,USD,8990.22,DE,SETTLED
PAY-00001708,CLIENT-0230,ACC-000687,2024-06-22,OUTBOUND,ACH,USD,233812.37,GB,SETTLED
PAY-00001709,CLIENT-0424,ACC-001250,2026-07-07,INBOUND,ACH,AUD,8585.91,AE,SETTLED
PAY-00001710,CLIENT-0177,ACC-000534,2024-05-07,INBOUND,SWIFT,USD,1353.53,FR,SETTLED
PAY-00001711,CLIENT-0488,ACC-001455,2025-07-30,OUTBOUND,REAL_TIME_PAYMENT,USD,54226.83,IE,SETTLED
PAY-00001712,CLIENT-0281,ACC-000834,2026-07-16,INBOUND,FX_TRANSFER,USD,196267.46,IN,SETTLED
PAY-00001713,CLIENT-0494,ACC-001474,2026-04-06,INBOUND,SWIFT,USD,56145.58,FR,SETTLED
PAY-00001714,CLIENT-0222,ACC-000666,2026-07-11,INBOUND,FX_TRANSFER,EUR,213634.65,IN,SETTLED
PAY-00001715,CLIENT-0103,ACC-000294,2025-11-22,OUTBOUND,SWIFT,USD,114411.38,DE,SETTLED
PAY-00001716,CLIENT-0231,ACC-000689,2025-10-23,OUTBOUND,REAL_TIME_PAYMENT,USD,148319.93,DE,SETTLED
PAY-00001717,CLIENT-0048,ACC-000128,2026-05-03,OUTBOUND,WIRE,USD,85578.44,JP,REJECTED
PAY-00001718,CLIENT-0340,ACC-000994,2026-03-12,OUTBOUND,BOOK_TRANSFER,USD,12811.24,SG,SETTLED
PAY-00001719,CLIENT-0474,ACC-001401,2026-04-22,OUTBOUND,ACH,CHF,173764.11,CA,SETTLED
PAY-00001720,CLIENT-0214,ACC-000639,2026-04-07,OUTBOUND,FX_TRANSFER,USD,86088.09,JP,SETTLED
PAY-00001721,CLIENT-0263,ACC-000790,2026-05-27,OUTBOUND,SEPA,EUR,7211.03,CA,REJECTED
PAY-00001722,CLIENT-0097,ACC-000278,2024-07-05,INBOUND,BOOK_TRANSFER,EUR,25967.17,US,SETTLED
PAY-00001723,CLIENT-0446,ACC-001316,2024-01-19,OUTBOUND,ACH,USD,145191.59,BR,SETTLED
PAY-00001724,CLIENT-0189,ACC-000567,2025-08-08,OUTBOUND,FX_TRANSFER,USD,1505.32,IN,SETTLED
PAY-00001725,CLIENT-0478,ACC-001414,2025-04-17,OUTBOUND,BOOK_TRANSFER,CAD,159582.65,CH,PENDING
PAY-00001726,CLIENT-0112,ACC-000326,2024-09-08,INBOUND,FX_TRANSFER,USD,40829.18,IE,PENDING
PAY-00001727,CLIENT-0096,ACC-000272,2025-07-23,INBOUND,CARD,USD,1085.98,MX,SETTLED
PAY-00001728,CLIENT-0266,ACC-000794,2025-09-13,OUTBOUND,FX_TRANSFER,EUR,1324.97,NL,SETTLED
PAY-00001729,CLIENT-0457,ACC-001352,2026-07-19,OUTBOUND,WIRE,EUR,2756.66,BR,REJECTED
PAY-00001730,CLIENT-0003,ACC-000007,2026-02-18,OUTBOUND,CARD,EUR,197837.02,FR,SETTLED
PAY-00001731,CLIENT-0246,ACC-000741,2026-03-21,OUTBOUND,CARD,USD,244832.02,FR,SETTLED
PAY-00001732,CLIENT-0471,ACC-001394,2026-02-11,OUTBOUND,CARD,CHF,169187.90,AU,SETTLED
PAY-00001733,CLIENT-0464,ACC-001369,2025-05-29,OUTBOUND,BOOK_TRANSFER,EUR,177592.20,GB,SETTLED
PAY-00001734,CLIENT-0259,ACC-000778,2025-03-19,OUTBOUND,SWIFT,EUR,149260.92,JP,SETTLED
PAY-00001735,CLIENT-0123,ACC-000365,2025-09-12,OUTBOUND,SWIFT,INR,110859.76,BR,PENDING
PAY-00001736,CLIENT-0031,ACC-000085,2026-04-14,OUTBOUND,SWIFT,EUR,168489.93,US,SETTLED
PAY-00001737,CLIENT-0419,ACC-001240,2024-10-05,OUTBOUND,FX_TRANSFER,USD,49973.06,AU,RETURNED
PAY-00001738,CLIENT-0086,ACC-000242,2025-09-21,INBOUND,REAL_TIME_PAYMENT,USD,14075.47,BR,SETTLED
PAY-00001739,CLIENT-0291,ACC-000865,2026-07-01,OUTBOUND,WIRE,EUR,3780.58,BR,SETTLED
PAY-00001740,CLIENT-0220,ACC-000657,2026-05-21,OUTBOUND,CARD,USD,35628.85,GB,SETTLED
PAY-00001741,CLIENT-0031,ACC-000086,2025-08-15,INBOUND,REAL_TIME_PAYMENT,AED,64467.66,IE,SETTLED
PAY-00001742,CLIENT-0381,ACC-001106,2026-03-09,INBOUND,SWIFT,CHF,11315.82,IN,PENDING
PAY-00001743,CLIENT-0423,ACC-001247,2025-11-20,INBOUND,WIRE,USD,75569.27,JP,REJECTED
PAY-00001744,CLIENT-0235,ACC-000706,2026-03-25,OUTBOUND,SWIFT,USD,79052.42,CA,SETTLED
PAY-00001745,CLIENT-0398,ACC-001164,2025-11-01,INBOUND,REAL_TIME_PAYMENT,USD,1211.34,MX,SETTLED
PAY-00001746,CLIENT-0326,ACC-000957,2025-05-08,OUTBOUND,SWIFT,USD,40055.81,NL,SETTLED
PAY-00001747,CLIENT-0344,ACC-001008,2026-07-28,INBOUND,BOOK_TRANSFER,EUR,155329.51,DE,SETTLED
PAY-00001748,CLIENT-0046,ACC-000123,2026-04-03,OUTBOUND,SEPA,USD,10617.13,US,SETTLED
PAY-00001749,CLIENT-0253,ACC-000758,2026-07-22,INBOUND,BOOK_TRANSFER,JPY,194049.22,IN,SETTLED
PAY-00001750,CLIENT-0053,ACC-000148,2026-05-22,OUTBOUND,FX_TRANSFER,USD,117659.87,CA,SETTLED
PAY-00001751,CLIENT-0346,ACC-001014,2025-04-07,OUTBOUND,SWIFT,AUD,219255.78,BR,SETTLED
PAY-00001752,CLIENT-0352,ACC-001035,2026-02-03,INBOUND,ACH,USD,174387.13,JP,SETTLED
PAY-00001753,CLIENT-0489,ACC-001456,2025-05-18,OUTBOUND,BOOK_TRANSFER,GBP,150120.99,CA,SETTLED
PAY-00001754,CLIENT-0034,ACC-000091,2025-06-14,OUTBOUND,CARD,USD,170457.00,SG,SETTLED
PAY-00001755,CLIENT-0376,ACC-001094,2026-04-10,INBOUND,CARD,USD,224463.95,IN,SETTLED
PAY-00001756,CLIENT-0335,ACC-000979,2025-11-22,INBOUND,SEPA,MXN,2743.13,AU,SETTLED
PAY-00001757,CLIENT-0271,ACC-000809,2026-06-09,INBOUND,SWIFT,USD,236423.56,MX,SETTLED
PAY-00001758,CLIENT-0445,ACC-001312,2026-07-02,OUTBOUND,REAL_TIME_PAYMENT,USD,164995.82,GB,SETTLED
PAY-00001759,CLIENT-0110,ACC-000319,2026-05-31,OUTBOUND,REAL_TIME_PAYMENT,CAD,7470.70,BR,SETTLED
PAY-00001760,CLIENT-0258,ACC-000775,2026-06-18,OUTBOUND,BOOK_TRANSFER,USD,11490.87,AE,SETTLED
PAY-00001761,CLIENT-0071,ACC-000196,2026-03-11,INBOUND,SEPA,GBP,8897.60,US,SETTLED
PAY-00001762,CLIENT-0399,ACC-001169,2025-08-11,INBOUND,REAL_TIME_PAYMENT,EUR,13812.34,FR,SETTLED
PAY-00001763,CLIENT-0343,ACC-001003,2024-05-12,INBOUND,SWIFT,USD,185490.67,CA,RETURNED
PAY-00001764,CLIENT-0355,ACC-001041,2024-06-26,INBOUND,BOOK_TRANSFER,USD,108711.31,CA,SETTLED
PAY-00001765,CLIENT-0147,ACC-000440,2026-05-11,INBOUND,WIRE,USD,220730.69,GB,SETTLED
PAY-00001766,CLIENT-0368,ACC-001073,2025-06-24,OUTBOUND,CARD,USD,3582.96,MX,SETTLED
PAY-00001767,CLIENT-0094,ACC-000265,2024-10-12,OUTBOUND,FX_TRANSFER,USD,3895.46,DE,SETTLED
PAY-00001768,CLIENT-0369,ACC-001079,2026-03-23,OUTBOUND,ACH,USD,25756.00,IE,SETTLED
PAY-00001769,CLIENT-0005,ACC-000010,2026-04-04,OUTBOUND,REAL_TIME_PAYMENT,CAD,11362.92,MX,SETTLED
PAY-00001770,CLIENT-0064,ACC-000176,2026-07-05,INBOUND,SEPA,USD,205589.54,CA,SETTLED
PAY-00001771,CLIENT-0157,ACC-000475,2026-01-04,INBOUND,REAL_TIME_PAYMENT,EUR,154982.27,GB,SETTLED
PAY-00001772,CLIENT-0222,ACC-000663,2026-04-22,OUTBOUND,SWIFT,EUR,111576.82,FR,SETTLED
PAY-00001773,CLIENT-0489,ACC-001458,2026-07-31,OUTBOUND,SEPA,GBP,42717.69,CA,PENDING
PAY-00001774,CLIENT-0435,ACC-001286,2026-06-28,INBOUND,REAL_TIME_PAYMENT,USD,14619.66,NL,SETTLED
PAY-00001775,CLIENT-0173,ACC-000526,2026-05-15,INBOUND,CARD,AED,7265.01,US,SETTLED
PAY-00001776,CLIENT-0188,ACC-000562,2026-05-12,INBOUND,FX_TRANSFER,GBP,56559.04,IN,SETTLED
PAY-00001777,CLIENT-0409,ACC-001201,2025-06-29,INBOUND,REAL_TIME_PAYMENT,MXN,241183.46,NL,SETTLED
PAY-00001778,CLIENT-0181,ACC-000546,2025-01-02,OUTBOUND,ACH,USD,11907.89,MX,SETTLED
PAY-00001779,CLIENT-0415,ACC-001226,2026-03-17,INBOUND,REAL_TIME_PAYMENT,USD,12233.93,SG,SETTLED
PAY-00001780,CLIENT-0136,ACC-000407,2024-02-15,OUTBOUND,CARD,USD,200997.57,CA,SETTLED
PAY-00001781,CLIENT-0181,ACC-000546,2025-06-10,OUTBOUND,BOOK_TRANSFER,USD,12798.44,SG,SETTLED
PAY-00001782,CLIENT-0138,ACC-000412,2026-04-07,INBOUND,BOOK_TRANSFER,MXN,159082.61,GB,SETTLED
PAY-00001783,CLIENT-0416,ACC-001228,2025-02-22,INBOUND,ACH,USD,205324.02,AU,SETTLED
PAY-00001784,CLIENT-0275,ACC-000822,2026-03-31,INBOUND,WIRE,USD,137455.28,IN,SETTLED
PAY-00001785,CLIENT-0404,ACC-001186,2026-01-04,INBOUND,SEPA,USD,225367.67,MX,REJECTED
PAY-00001786,CLIENT-0191,ACC-000570,2024-10-21,OUTBOUND,FX_TRANSFER,EUR,36448.29,CA,PENDING
PAY-00001787,CLIENT-0234,ACC-000702,2026-03-06,OUTBOUND,WIRE,EUR,97682.23,NL,SETTLED
PAY-00001788,CLIENT-0405,ACC-001188,2026-02-01,INBOUND,SWIFT,USD,59686.00,NL,PENDING
PAY-00001789,CLIENT-0041,ACC-000113,2026-05-18,INBOUND,SEPA,USD,6573.44,IN,SETTLED
PAY-00001790,CLIENT-0135,ACC-000403,2026-06-09,OUTBOUND,SWIFT,USD,14045.63,JP,SETTLED
PAY-00001791,CLIENT-0046,ACC-000122,2025-07-07,INBOUND,BOOK_TRANSFER,CHF,14872.24,IN,SETTLED
PAY-00001792,CLIENT-0097,ACC-000280,2024-01-14,OUTBOUND,WIRE,EUR,97466.34,JP,SETTLED
PAY-00001793,CLIENT-0139,ACC-000414,2026-02-03,OUTBOUND,ACH,EUR,198229.87,NL,SETTLED
PAY-00001794,CLIENT-0426,ACC-001256,2025-04-13,OUTBOUND,ACH,USD,191459.61,SG,SETTLED
PAY-00001795,CLIENT-0356,ACC-001046,2026-01-14,INBOUND,FX_TRANSFER,SGD,174992.03,US,RETURNED
PAY-00001796,CLIENT-0440,ACC-001302,2026-06-06,INBOUND,BOOK_TRANSFER,CAD,1250.27,AE,SETTLED
PAY-00001797,CLIENT-0138,ACC-000411,2024-06-13,OUTBOUND,WIRE,MXN,79096.77,GB,SETTLED
PAY-00001798,CLIENT-0187,ACC-000560,2024-05-04,INBOUND,FX_TRANSFER,USD,14075.99,IN,SETTLED
PAY-00001799,CLIENT-0052,ACC-000143,2024-02-21,OUTBOUND,WIRE,USD,132685.71,DE,SETTLED
PAY-00001800,CLIENT-0236,ACC-000708,2026-01-01,OUTBOUND,FX_TRANSFER,USD,10724.56,AE,SETTLED
PAY-00001801,CLIENT-0180,ACC-000543,2024-05-06,OUTBOUND,REAL_TIME_PAYMENT,USD,199117.31,AU,SETTLED
PAY-00001802,CLIENT-0346,ACC-001015,2024-07-20,OUTBOUND,WIRE,USD,223414.53,IN,SETTLED
PAY-00001803,CLIENT-0239,ACC-000720,2024-12-28,INBOUND,FX_TRANSFER,EUR,72550.33,SG,SETTLED
PAY-00001804,CLIENT-0025,ACC-000068,2025-11-15,INBOUND,REAL_TIME_PAYMENT,JPY,173459.93,AE,SETTLED
PAY-00001805,CLIENT-0149,ACC-000449,2026-04-03,OUTBOUND,REAL_TIME_PAYMENT,USD,207278.74,DE,SETTLED
PAY-00001806,CLIENT-0317,ACC-000930,2025-08-14,INBOUND,ACH,USD,11954.54,MX,SETTLED
PAY-00001807,CLIENT-0463,ACC-001366,2026-06-02,OUTBOUND,SEPA,EUR,4127.18,CH,SETTLED
PAY-00001808,CLIENT-0243,ACC-000732,2026-02-19,INBOUND,FX_TRANSFER,GBP,111523.81,IE,SETTLED
PAY-00001809,CLIENT-0244,ACC-000739,2025-10-29,OUTBOUND,CARD,EUR,7861.35,BR,SETTLED
PAY-00001810,CLIENT-0211,ACC-000628,2026-03-05,OUTBOUND,FX_TRANSFER,BRL,147765.76,AE,PENDING
PAY-00001811,CLIENT-0348,ACC-001020,2025-10-11,OUTBOUND,SEPA,USD,31620.34,MX,RETURNED
PAY-00001812,CLIENT-0455,ACC-001342,2025-06-08,OUTBOUND,FX_TRANSFER,USD,13926.73,IE,SETTLED
PAY-00001813,CLIENT-0168,ACC-000508,2026-06-07,INBOUND,SEPA,USD,12351.29,DE,SETTLED
PAY-00001814,CLIENT-0139,ACC-000415,2024-07-02,OUTBOUND,SEPA,USD,41233.40,AE,SETTLED
PAY-00001815,CLIENT-0142,ACC-000422,2024-10-20,OUTBOUND,WIRE,JPY,198028.47,CA,SETTLED
PAY-00001816,CLIENT-0222,ACC-000664,2025-11-26,OUTBOUND,CARD,USD,114897.79,IE,REJECTED
PAY-00001817,CLIENT-0337,ACC-000984,2026-07-15,OUTBOUND,BOOK_TRANSFER,CAD,14000.34,AU,SETTLED
PAY-00001818,CLIENT-0269,ACC-000803,2026-07-15,INBOUND,ACH,AUD,42983.32,IN,SETTLED
PAY-00001819,CLIENT-0059,ACC-000166,2024-02-13,INBOUND,FX_TRANSFER,USD,50346.86,GB,SETTLED
PAY-00001820,CLIENT-0323,ACC-000947,2026-01-04,OUTBOUND,WIRE,CHF,90871.63,US,SETTLED
PAY-00001821,CLIENT-0167,ACC-000506,2024-03-29,OUTBOUND,WIRE,EUR,95699.10,SG,SETTLED
PAY-00001822,CLIENT-0249,ACC-000751,2026-05-04,OUTBOUND,CARD,USD,119515.88,IE,SETTLED
PAY-00001823,CLIENT-0122,ACC-000359,2026-02-13,OUTBOUND,FX_TRANSFER,USD,105330.29,MX,SETTLED
PAY-00001824,CLIENT-0232,ACC-000693,2026-03-31,OUTBOUND,WIRE,USD,61174.89,NL,SETTLED
PAY-00001825,CLIENT-0453,ACC-001339,2024-03-15,OUTBOUND,REAL_TIME_PAYMENT,USD,112524.53,CA,SETTLED
PAY-00001826,CLIENT-0170,ACC-000514,2024-11-09,OUTBOUND,SEPA,USD,188795.89,JP,SETTLED
PAY-00001827,CLIENT-0348,ACC-001019,2025-07-26,OUTBOUND,ACH,USD,95910.14,BR,SETTLED
PAY-00001828,CLIENT-0184,ACC-000552,2026-06-08,OUTBOUND,ACH,USD,9789.26,MX,SETTLED
PAY-00001829,CLIENT-0227,ACC-000677,2026-06-09,INBOUND,FX_TRANSFER,USD,841.33,FR,SETTLED
PAY-00001830,CLIENT-0388,ACC-001125,2026-07-19,INBOUND,ACH,EUR,158734.84,AU,SETTLED
PAY-00001831,CLIENT-0021,ACC-000058,2026-07-29,INBOUND,CARD,GBP,211711.70,AE,SETTLED
PAY-00001832,CLIENT-0080,ACC-000222,2025-08-20,OUTBOUND,FX_TRANSFER,EUR,59074.99,FR,SETTLED
PAY-00001833,CLIENT-0012,ACC-000029,2025-04-11,INBOUND,ACH,USD,11828.71,IE,SETTLED
PAY-00001834,CLIENT-0343,ACC-001002,2026-04-08,INBOUND,BOOK_TRANSFER,CAD,23056.79,NL,SETTLED
PAY-00001835,CLIENT-0004,ACC-000009,2025-02-15,OUTBOUND,CARD,JPY,248867.53,CH,SETTLED
PAY-00001836,CLIENT-0284,ACC-000842,2025-10-16,OUTBOUND,BOOK_TRANSFER,USD,119858.97,IE,SETTLED
PAY-00001837,CLIENT-0467,ACC-001385,2025-09-04,OUTBOUND,SEPA,USD,5286.70,CA,RETURNED
PAY-00001838,CLIENT-0069,ACC-000191,2026-04-12,OUTBOUND,CARD,USD,88895.81,AU,SETTLED
PAY-00001839,CLIENT-0465,ACC-001374,2024-04-07,INBOUND,CARD,USD,7134.01,JP,SETTLED
PAY-00001840,CLIENT-0316,ACC-000928,2026-01-02,OUTBOUND,SEPA,USD,42028.45,CA,PENDING
PAY-00001841,CLIENT-0057,ACC-000160,2024-09-29,OUTBOUND,WIRE,SGD,12915.72,MX,SETTLED
PAY-00001842,CLIENT-0212,ACC-000630,2025-01-26,OUTBOUND,ACH,USD,3562.70,CH,SETTLED
PAY-00001843,CLIENT-0240,ACC-000723,2025-03-03,OUTBOUND,REAL_TIME_PAYMENT,USD,10671.64,FR,SETTLED
PAY-00001844,CLIENT-0146,ACC-000436,2026-03-07,INBOUND,ACH,CAD,194205.39,JP,PENDING
PAY-00001845,CLIENT-0356,ACC-001045,2025-11-09,OUTBOUND,SWIFT,SGD,86905.88,AU,SETTLED
PAY-00001846,CLIENT-0437,ACC-001292,2026-03-20,INBOUND,WIRE,USD,182675.61,JP,SETTLED
PAY-00001847,CLIENT-0059,ACC-000162,2025-12-29,INBOUND,SEPA,USD,54531.05,SG,SETTLED
PAY-00001848,CLIENT-0026,ACC-000071,2024-09-17,OUTBOUND,SEPA,EUR,175402.59,BR,PENDING
PAY-00001849,CLIENT-0403,ACC-001185,2024-05-06,OUTBOUND,SEPA,USD,194426.22,AU,SETTLED
PAY-00001850,CLIENT-0069,ACC-000191,2026-03-08,INBOUND,SWIFT,USD,131865.34,MX,SETTLED
PAY-00001851,CLIENT-0082,ACC-000229,2024-01-14,OUTBOUND,WIRE,JPY,14759.18,CA,SETTLED
PAY-00001852,CLIENT-0160,ACC-000483,2024-06-18,OUTBOUND,WIRE,USD,4554.36,JP,SETTLED
PAY-00001853,CLIENT-0085,ACC-000238,2025-11-20,OUTBOUND,ACH,CAD,5444.52,JP,SETTLED
PAY-00001854,CLIENT-0107,ACC-000306,2026-01-28,OUTBOUND,SEPA,EUR,68618.02,US,SETTLED
PAY-00001855,CLIENT-0447,ACC-001318,2024-10-27,OUTBOUND,ACH,USD,205929.99,US,SETTLED
PAY-00001856,CLIENT-0422,ACC-001246,2024-04-30,INBOUND,SEPA,EUR,145095.53,AE,SETTLED
PAY-00001857,CLIENT-0167,ACC-000506,2025-03-20,INBOUND,CARD,EUR,234177.42,DE,SETTLED
PAY-00001858,CLIENT-0426,ACC-001255,2024-03-17,OUTBOUND,CARD,EUR,149572.00,CA,SETTLED
PAY-00001859,CLIENT-0294,ACC-000868,2026-05-22,INBOUND,CARD,EUR,205477.69,SG,SETTLED
PAY-00001860,CLIENT-0408,ACC-001198,2025-12-28,INBOUND,SWIFT,USD,86212.21,IE,SETTLED
PAY-00001861,CLIENT-0096,ACC-000273,2025-07-26,INBOUND,SEPA,JPY,11861.50,SG,SETTLED
PAY-00001862,CLIENT-0164,ACC-000495,2025-07-12,INBOUND,BOOK_TRANSFER,USD,223577.49,IN,REJECTED
PAY-00001863,CLIENT-0156,ACC-000471,2024-07-26,INBOUND,WIRE,USD,13114.58,IE,SETTLED
PAY-00001864,CLIENT-0129,ACC-000383,2024-09-26,OUTBOUND,WIRE,EUR,8320.67,JP,SETTLED
PAY-00001865,CLIENT-0243,ACC-000733,2026-06-28,OUTBOUND,SEPA,USD,89305.12,SG,SETTLED
PAY-00001866,CLIENT-0448,ACC-001320,2026-04-28,INBOUND,ACH,EUR,17717.38,FR,SETTLED
PAY-00001867,CLIENT-0290,ACC-000860,2024-02-25,INBOUND,SWIFT,EUR,13620.08,FR,RETURNED
PAY-00001868,CLIENT-0184,ACC-000553,2026-04-29,OUTBOUND,REAL_TIME_PAYMENT,EUR,13322.86,JP,SETTLED
PAY-00001869,CLIENT-0008,ACC-000015,2025-03-31,OUTBOUND,SWIFT,BRL,18129.91,AU,SETTLED
PAY-00001870,CLIENT-0256,ACC-000770,2026-01-29,INBOUND,REAL_TIME_PAYMENT,EUR,14418.08,FR,SETTLED
PAY-00001871,CLIENT-0226,ACC-000675,2024-06-13,OUTBOUND,CARD,USD,7062.84,BR,SETTLED
PAY-00001872,CLIENT-0387,ACC-001124,2026-03-10,INBOUND,FX_TRANSFER,USD,9801.76,CH,SETTLED
PAY-00001873,CLIENT-0283,ACC-000839,2024-08-25,INBOUND,FX_TRANSFER,GBP,74153.78,NL,PENDING
PAY-00001874,CLIENT-0039,ACC-000108,2026-05-04,OUTBOUND,WIRE,USD,186919.98,BR,SETTLED
PAY-00001875,CLIENT-0317,ACC-000931,2025-04-04,INBOUND,WIRE,USD,104981.52,AE,SETTLED
PAY-00001876,CLIENT-0368,ACC-001075,2025-12-18,INBOUND,ACH,USD,156473.15,IE,SETTLED
PAY-00001877,CLIENT-0442,ACC-001304,2026-05-07,INBOUND,BOOK_TRANSFER,USD,6879.53,FR,SETTLED
PAY-00001878,CLIENT-0252,ACC-000757,2025-03-18,INBOUND,BOOK_TRANSFER,USD,8971.55,US,SETTLED
PAY-00001879,CLIENT-0182,ACC-000548,2026-07-15,INBOUND,SEPA,USD,203302.33,AE,SETTLED
PAY-00001880,CLIENT-0001,ACC-000003,2026-05-31,OUTBOUND,FX_TRANSFER,AED,131527.85,SG,SETTLED
PAY-00001881,CLIENT-0077,ACC-000216,2025-09-13,OUTBOUND,FX_TRANSFER,EUR,8018.87,DE,RETURNED
PAY-00001882,CLIENT-0076,ACC-000212,2025-10-10,OUTBOUND,CARD,USD,52061.10,AU,SETTLED
PAY-00001883,CLIENT-0115,ACC-000335,2026-07-22,OUTBOUND,BOOK_TRANSFER,USD,1949.68,AU,SETTLED
PAY-00001884,CLIENT-0467,ACC-001381,2026-01-02,INBOUND,SEPA,USD,13024.20,CA,SETTLED
PAY-00001885,CLIENT-0161,ACC-000486,2026-05-01,INBOUND,WIRE,EUR,2376.85,IE,SETTLED
PAY-00001886,CLIENT-0295,ACC-000870,2024-09-11,INBOUND,ACH,GBP,3978.30,FR,SETTLED
PAY-00001887,CLIENT-0177,ACC-000532,2025-12-18,OUTBOUND,WIRE,USD,14463.85,BR,PENDING
PAY-00001888,CLIENT-0076,ACC-000214,2024-07-23,INBOUND,SWIFT,USD,78755.47,MX,SETTLED
PAY-00001889,CLIENT-0087,ACC-000247,2026-05-22,OUTBOUND,BOOK_TRANSFER,GBP,139406.18,IN,SETTLED
PAY-00001890,CLIENT-0149,ACC-000450,2024-12-18,OUTBOUND,FX_TRANSFER,USD,116745.56,MX,SETTLED
PAY-00001891,CLIENT-0357,ACC-001049,2025-03-06,OUTBOUND,REAL_TIME_PAYMENT,USD,9246.84,MX,SETTLED
PAY-00001892,CLIENT-0334,ACC-000977,2026-06-07,INBOUND,BOOK_TRANSFER,USD,159369.42,CH,SETTLED
PAY-00001893,CLIENT-0356,ACC-001045,2025-11-14,OUTBOUND,REAL_TIME_PAYMENT,SGD,92018.65,CH,PENDING
PAY-00001894,CLIENT-0485,ACC-001442,2026-07-12,OUTBOUND,SEPA,EUR,14456.24,FR,PENDING
PAY-00001895,CLIENT-0005,ACC-000010,2026-06-01,OUTBOUND,BOOK_TRANSFER,CAD,166060.95,IE,SETTLED
PAY-00001896,CLIENT-0197,ACC-000589,2026-03-22,OUTBOUND,FX_TRANSFER,USD,143318.12,BR,SETTLED
PAY-00001897,CLIENT-0095,ACC-000269,2026-04-04,OUTBOUND,CARD,USD,29945.52,JP,SETTLED
PAY-00001898,CLIENT-0037,ACC-000100,2026-05-23,INBOUND,BOOK_TRANSFER,EUR,92168.14,FR,SETTLED
PAY-00001899,CLIENT-0485,ACC-001442,2026-05-29,INBOUND,SWIFT,EUR,4199.17,FR,SETTLED
PAY-00001900,CLIENT-0381,ACC-001106,2024-04-04,OUTBOUND,SWIFT,CHF,237145.43,US,SETTLED
PAY-00001901,CLIENT-0414,ACC-001221,2024-02-07,INBOUND,ACH,USD,146105.00,GB,SETTLED
PAY-00001902,CLIENT-0289,ACC-000856,2025-06-30,INBOUND,CARD,AUD,38203.72,GB,SETTLED
PAY-00001903,CLIENT-0286,ACC-000849,2024-12-14,OUTBOUND,CARD,CAD,143893.30,CA,SETTLED
PAY-00001904,CLIENT-0305,ACC-000896,2026-07-09,INBOUND,REAL_TIME_PAYMENT,USD,5784.84,CA,SETTLED
PAY-00001905,CLIENT-0062,ACC-000170,2026-05-17,INBOUND,BOOK_TRANSFER,USD,19392.84,IN,SETTLED
PAY-00001906,CLIENT-0210,ACC-000626,2025-04-16,OUTBOUND,FX_TRANSFER,MXN,108921.13,JP,SETTLED
PAY-00001907,CLIENT-0125,ACC-000373,2026-04-08,OUTBOUND,BOOK_TRANSFER,USD,209318.14,GB,SETTLED
PAY-00001908,CLIENT-0005,ACC-000010,2024-12-27,OUTBOUND,SEPA,CAD,228859.07,IE,SETTLED
PAY-00001909,CLIENT-0489,ACC-001457,2024-12-23,INBOUND,REAL_TIME_PAYMENT,EUR,205213.95,GB,SETTLED
PAY-00001910,CLIENT-0041,ACC-000113,2026-07-12,INBOUND,WIRE,USD,7903.17,US,SETTLED
PAY-00001911,CLIENT-0264,ACC-000792,2026-01-28,OUTBOUND,CARD,USD,411.71,NL,SETTLED
PAY-00001912,CLIENT-0248,ACC-000748,2025-04-06,INBOUND,REAL_TIME_PAYMENT,INR,198919.64,FR,SETTLED
PAY-00001913,CLIENT-0209,ACC-000622,2024-10-14,OUTBOUND,BOOK_TRANSFER,CAD,7938.29,BR,REJECTED
PAY-00001914,CLIENT-0131,ACC-000390,2025-12-25,OUTBOUND,CARD,USD,49673.84,MX,SETTLED
PAY-00001915,CLIENT-0080,ACC-000222,2025-03-22,OUTBOUND,REAL_TIME_PAYMENT,EUR,128448.46,MX,SETTLED
PAY-00001916,CLIENT-0074,ACC-000206,2024-11-03,OUTBOUND,CARD,USD,174808.02,IN,SETTLED
PAY-00001917,CLIENT-0187,ACC-000556,2026-05-27,INBOUND,WIRE,JPY,1005.18,AE,SETTLED
PAY-00001918,CLIENT-0131,ACC-000387,2026-06-24,OUTBOUND,SEPA,EUR,99734.47,MX,SETTLED
PAY-00001919,CLIENT-0400,ACC-001171,2024-06-15,OUTBOUND,REAL_TIME_PAYMENT,USD,76439.06,US,SETTLED
PAY-00001920,CLIENT-0386,ACC-001120,2024-02-21,INBOUND,SEPA,USD,190278.77,AU,SETTLED
PAY-00001921,CLIENT-0257,ACC-000774,2026-05-15,INBOUND,REAL_TIME_PAYMENT,EUR,221760.36,AU,SETTLED
PAY-00001922,CLIENT-0380,ACC-001105,2024-10-14,OUTBOUND,SEPA,USD,4268.31,IN,SETTLED
PAY-00001923,CLIENT-0184,ACC-000553,2025-09-03,INBOUND,SWIFT,EUR,3372.69,IE,SETTLED
PAY-00001924,CLIENT-0238,ACC-000717,2026-05-03,OUTBOUND,REAL_TIME_PAYMENT,USD,168261.04,SG,SETTLED
PAY-00001925,CLIENT-0336,ACC-000982,2025-05-07,OUTBOUND,WIRE,USD,25272.17,GB,REJECTED
PAY-00001926,CLIENT-0103,ACC-000296,2024-04-21,INBOUND,ACH,USD,161579.42,JP,SETTLED
PAY-00001927,CLIENT-0148,ACC-000447,2024-07-23,INBOUND,ACH,SGD,76856.95,MX,SETTLED
PAY-00001928,CLIENT-0013,ACC-000032,2025-05-30,INBOUND,SEPA,USD,92118.17,NL,SETTLED
PAY-00001929,CLIENT-0474,ACC-001404,2025-08-22,OUTBOUND,REAL_TIME_PAYMENT,USD,79459.76,BR,SETTLED
PAY-00001930,CLIENT-0356,ACC-001046,2026-05-11,OUTBOUND,ACH,SGD,173958.46,AU,SETTLED
PAY-00001931,CLIENT-0266,ACC-000796,2024-11-21,OUTBOUND,SEPA,EUR,3145.16,CH,SETTLED
PAY-00001932,CLIENT-0125,ACC-000372,2026-07-10,OUTBOUND,ACH,USD,120479.17,GB,SETTLED
PAY-00001933,CLIENT-0197,ACC-000588,2026-02-05,INBOUND,CARD,USD,213084.99,FR,SETTLED
PAY-00001934,CLIENT-0253,ACC-000761,2024-05-11,OUTBOUND,ACH,USD,12310.61,MX,SETTLED
PAY-00001935,CLIENT-0290,ACC-000858,2026-04-12,INBOUND,CARD,EUR,7074.25,SG,SETTLED
PAY-00001936,CLIENT-0179,ACC-000541,2026-06-03,OUTBOUND,SEPA,CAD,173271.46,AU,SETTLED
PAY-00001937,CLIENT-0243,ACC-000733,2026-07-16,INBOUND,ACH,USD,116497.01,DE,SETTLED
PAY-00001938,CLIENT-0307,ACC-000904,2025-08-27,OUTBOUND,CARD,USD,95256.83,BR,SETTLED
PAY-00001939,CLIENT-0226,ACC-000672,2024-05-12,OUTBOUND,WIRE,USD,104771.09,US,SETTLED
PAY-00001940,CLIENT-0131,ACC-000389,2025-11-29,INBOUND,BOOK_TRANSFER,AUD,18369.49,MX,SETTLED
PAY-00001941,CLIENT-0229,ACC-000682,2026-04-29,OUTBOUND,ACH,EUR,87594.65,AE,SETTLED
PAY-00001942,CLIENT-0209,ACC-000622,2024-07-22,INBOUND,SEPA,CAD,66789.04,SG,SETTLED
PAY-00001943,CLIENT-0099,ACC-000284,2024-01-23,OUTBOUND,SEPA,GBP,192342.37,CA,RETURNED
PAY-00001944,CLIENT-0282,ACC-000838,2025-12-25,OUTBOUND,SEPA,EUR,12499.14,CH,SETTLED
PAY-00001945,CLIENT-0009,ACC-000016,2026-04-23,INBOUND,SWIFT,JPY,6032.09,US,SETTLED
PAY-00001946,CLIENT-0446,ACC-001315,2024-01-18,OUTBOUND,ACH,SGD,168961.40,US,SETTLED
PAY-00001947,CLIENT-0123,ACC-000366,2025-07-26,INBOUND,BOOK_TRANSFER,USD,247643.85,FR,SETTLED
PAY-00001948,CLIENT-0298,ACC-000881,2026-04-03,INBOUND,BOOK_TRANSFER,USD,4534.94,SG,SETTLED
PAY-00001949,CLIENT-0424,ACC-001252,2024-04-24,INBOUND,BOOK_TRANSFER,USD,8374.71,NL,SETTLED
PAY-00001950,CLIENT-0394,ACC-001148,2026-05-23,OUTBOUND,ACH,USD,31459.80,JP,SETTLED
PAY-00001951,CLIENT-0262,ACC-000786,2026-07-31,OUTBOUND,CARD,USD,13683.56,NL,SETTLED
PAY-00001952,CLIENT-0124,ACC-000369,2026-03-11,INBOUND,CARD,USD,204345.80,CA,SETTLED
PAY-00001953,CLIENT-0117,ACC-000344,2026-04-21,OUTBOUND,SWIFT,USD,210330.81,US,SETTLED
PAY-00001954,CLIENT-0290,ACC-000859,2025-07-23,INBOUND,SWIFT,EUR,3310.44,GB,PENDING
PAY-00001955,CLIENT-0291,ACC-000865,2026-06-05,OUTBOUND,CARD,EUR,130652.93,GB,SETTLED
PAY-00001956,CLIENT-0030,ACC-000081,2025-10-30,OUTBOUND,ACH,EUR,180100.56,GB,REJECTED
PAY-00001957,CLIENT-0455,ACC-001341,2026-07-19,INBOUND,FX_TRANSFER,SGD,211553.21,JP,SETTLED
PAY-00001958,CLIENT-0143,ACC-000426,2026-05-12,INBOUND,CARD,USD,123337.48,IE,PENDING
PAY-00001959,CLIENT-0301,ACC-000886,2025-08-01,OUTBOUND,SWIFT,JPY,40986.84,CA,SETTLED
PAY-00001960,CLIENT-0151,ACC-000454,2025-08-04,OUTBOUND,FX_TRANSFER,USD,10834.15,IN,SETTLED
PAY-00001961,CLIENT-0115,ACC-000335,2026-06-24,INBOUND,ACH,USD,1775.05,AE,SETTLED
PAY-00001962,CLIENT-0053,ACC-000147,2024-01-19,INBOUND,SWIFT,USD,106162.24,GB,SETTLED
PAY-00001963,CLIENT-0231,ACC-000691,2024-01-18,OUTBOUND,FX_TRANSFER,USD,201627.18,BR,SETTLED
PAY-00001964,CLIENT-0256,ACC-000770,2026-07-04,OUTBOUND,CARD,EUR,14156.20,US,SETTLED
PAY-00001965,CLIENT-0322,ACC-000946,2026-04-30,OUTBOUND,SEPA,CHF,8079.83,NL,SETTLED
PAY-00001966,CLIENT-0127,ACC-000377,2026-02-15,OUTBOUND,REAL_TIME_PAYMENT,USD,100770.18,NL,SETTLED
PAY-00001967,CLIENT-0158,ACC-000479,2025-05-06,OUTBOUND,ACH,USD,93517.76,FR,SETTLED
PAY-00001968,CLIENT-0134,ACC-000399,2025-09-15,INBOUND,WIRE,USD,10570.94,CA,SETTLED
PAY-00001969,CLIENT-0062,ACC-000173,2025-12-10,INBOUND,SWIFT,INR,11509.13,IN,SETTLED
PAY-00001970,CLIENT-0432,ACC-001274,2026-01-19,OUTBOUND,WIRE,INR,153106.94,DE,SETTLED
PAY-00001971,CLIENT-0238,ACC-000714,2024-05-24,INBOUND,ACH,USD,160586.23,SG,SETTLED
PAY-00001972,CLIENT-0125,ACC-000371,2026-06-16,OUTBOUND,SEPA,MXN,108758.37,US,SETTLED
PAY-00001973,CLIENT-0339,ACC-000989,2024-11-18,INBOUND,WIRE,USD,44396.28,CH,SETTLED
PAY-00001974,CLIENT-0298,ACC-000879,2026-01-17,INBOUND,WIRE,USD,424.57,GB,SETTLED
PAY-00001975,CLIENT-0463,ACC-001365,2025-10-06,INBOUND,REAL_TIME_PAYMENT,EUR,3894.81,JP,SETTLED
PAY-00001976,CLIENT-0244,ACC-000736,2025-12-08,INBOUND,REAL_TIME_PAYMENT,CHF,6258.19,NL,SETTLED
PAY-00001977,CLIENT-0230,ACC-000688,2025-04-28,OUTBOUND,REAL_TIME_PAYMENT,USD,30126.92,IN,SETTLED
PAY-00001978,CLIENT-0303,ACC-000891,2025-06-17,INBOUND,SEPA,MXN,61069.86,AE,SETTLED
PAY-00001979,CLIENT-0157,ACC-000474,2025-03-20,INBOUND,FX_TRANSFER,USD,55959.55,JP,SETTLED
PAY-00001980,CLIENT-0025,ACC-000067,2026-05-08,INBOUND,CARD,USD,248380.33,JP,SETTLED
PAY-00001981,CLIENT-0229,ACC-000680,2024-04-22,INBOUND,SWIFT,INR,23146.34,CA,SETTLED
PAY-00001982,CLIENT-0480,ACC-001423,2025-11-25,INBOUND,BOOK_TRANSFER,USD,9629.51,NL,SETTLED
PAY-00001983,CLIENT-0286,ACC-000846,2025-01-30,INBOUND,SWIFT,USD,166976.91,FR,SETTLED
PAY-00001984,CLIENT-0295,ACC-000870,2024-07-09,INBOUND,CARD,GBP,105010.41,AU,SETTLED
PAY-00001985,CLIENT-0467,ACC-001381,2025-02-28,OUTBOUND,FX_TRANSFER,USD,14588.91,AE,SETTLED
PAY-00001986,CLIENT-0389,ACC-001130,2025-08-07,OUTBOUND,ACH,USD,4925.62,JP,SETTLED
PAY-00001987,CLIENT-0413,ACC-001218,2026-07-16,OUTBOUND,WIRE,EUR,78182.78,FR,SETTLED
PAY-00001988,CLIENT-0250,ACC-000755,2025-01-08,INBOUND,SWIFT,EUR,2075.38,AU,PENDING
PAY-00001989,CLIENT-0495,ACC-001478,2024-09-18,INBOUND,REAL_TIME_PAYMENT,USD,12446.40,NL,SETTLED
PAY-00001990,CLIENT-0085,ACC-000238,2025-04-02,INBOUND,CARD,CAD,14060.56,MX,PENDING
PAY-00001991,CLIENT-0466,ACC-001380,2026-05-01,OUTBOUND,SEPA,INR,3485.06,IN,SETTLED
PAY-00001992,CLIENT-0354,ACC-001038,2026-07-23,OUTBOUND,FX_TRANSFER,EUR,238956.31,CH,SETTLED
PAY-00001993,CLIENT-0321,ACC-000940,2025-02-19,INBOUND,SWIFT,USD,71790.21,AU,SETTLED
PAY-00001994,CLIENT-0194,ACC-000573,2025-03-19,OUTBOUND,BOOK_TRANSFER,EUR,124356.90,US,SETTLED
PAY-00001995,CLIENT-0135,ACC-000402,2026-05-28,OUTBOUND,SWIFT,USD,11615.82,JP,SETTLED
PAY-00001996,CLIENT-0059,ACC-000166,2025-10-28,INBOUND,WIRE,USD,238753.48,MX,SETTLED
PAY-00001997,CLIENT-0481,ACC-001428,2025-11-13,INBOUND,CARD,USD,66944.88,NL,SETTLED
PAY-00001998,CLIENT-0474,ACC-001404,2026-05-14,INBOUND,WIRE,USD,104550.88,MX,SETTLED
PAY-00001999,CLIENT-0316,ACC-000927,2024-12-09,OUTBOUND,CARD,USD,212169.13,DE,SETTLED
PAY-00002000,CLIENT-0245,ACC-000740,2024-05-05,INBOUND,REAL_TIME_PAYMENT,EUR,58296.75,MX,SETTLED
PAY-00002001,CLIENT-0367,ACC-001072,2026-07-08,OUTBOUND,SEPA,GBP,80990.86,AE,SETTLED
PAY-00002002,CLIENT-0403,ACC-001182,2025-01-05,INBOUND,CARD,USD,66455.47,SG,SETTLED
PAY-00002003,CLIENT-0202,ACC-000608,2026-05-31,OUTBOUND,REAL_TIME_PAYMENT,USD,98464.12,BR,SETTLED
PAY-00002004,CLIENT-0262,ACC-000787,2026-07-08,OUTBOUND,REAL_TIME_PAYMENT,USD,9613.08,MX,SETTLED
PAY-00002005,CLIENT-0074,ACC-000207,2026-07-29,OUTBOUND,CARD,AED,246433.09,SG,SETTLED
PAY-00002006,CLIENT-0198,ACC-000594,2026-04-03,INBOUND,SWIFT,GBP,14102.72,AE,SETTLED
PAY-00002007,CLIENT-0019,ACC-000050,2026-05-15,OUTBOUND,SEPA,USD,14336.44,AU,SETTLED
PAY-00002008,CLIENT-0440,ACC-001298,2026-05-06,OUTBOUND,SWIFT,CAD,13113.63,BR,PENDING
PAY-00002009,CLIENT-0293,ACC-000867,2025-09-14,INBOUND,BOOK_TRANSFER,CAD,8282.42,IN,SETTLED
PAY-00002010,CLIENT-0500,ACC-001490,2026-01-02,OUTBOUND,FX_TRANSFER,USD,11390.01,NL,SETTLED
PAY-00002011,CLIENT-0280,ACC-000832,2024-04-14,OUTBOUND,FX_TRANSFER,USD,111184.83,IE,SETTLED
PAY-00002012,CLIENT-0021,ACC-000058,2026-04-28,INBOUND,BOOK_TRANSFER,GBP,139831.07,US,SETTLED
PAY-00002013,CLIENT-0355,ACC-001042,2025-11-08,OUTBOUND,WIRE,USD,241737.08,DE,SETTLED
PAY-00002014,CLIENT-0391,ACC-001136,2025-01-26,INBOUND,ACH,USD,13074.11,IE,SETTLED
PAY-00002015,CLIENT-0038,ACC-000104,2026-06-16,INBOUND,ACH,USD,93626.79,US,SETTLED
PAY-00002016,CLIENT-0179,ACC-000541,2026-07-09,OUTBOUND,FX_TRANSFER,CAD,193423.17,GB,SETTLED
PAY-00002017,CLIENT-0210,ACC-000627,2024-09-03,INBOUND,REAL_TIME_PAYMENT,USD,47812.65,US,RETURNED
PAY-00002018,CLIENT-0449,ACC-001323,2025-04-12,OUTBOUND,FX_TRANSFER,USD,158552.55,FR,SETTLED
PAY-00002019,CLIENT-0396,ACC-001157,2024-07-26,OUTBOUND,SWIFT,USD,219113.02,CA,PENDING
PAY-00002020,CLIENT-0196,ACC-000582,2024-01-18,INBOUND,BOOK_TRANSFER,USD,169144.44,JP,SETTLED
PAY-00002021,CLIENT-0145,ACC-000434,2026-04-24,INBOUND,SWIFT,USD,30822.00,US,SETTLED
PAY-00002022,CLIENT-0127,ACC-000379,2026-01-09,INBOUND,ACH,USD,226694.44,CH,RETURNED
PAY-00002023,CLIENT-0224,ACC-000668,2026-05-26,INBOUND,SWIFT,USD,5829.31,DE,SETTLED
PAY-00002024,CLIENT-0137,ACC-000408,2026-07-09,OUTBOUND,SEPA,JPY,53828.65,DE,SETTLED
PAY-00002025,CLIENT-0405,ACC-001190,2026-07-25,OUTBOUND,FX_TRANSFER,USD,125060.15,DE,SETTLED
PAY-00002026,CLIENT-0162,ACC-000489,2026-04-25,OUTBOUND,SEPA,EUR,6067.46,JP,SETTLED
PAY-00002027,CLIENT-0402,ACC-001179,2026-07-05,OUTBOUND,CARD,EUR,138965.17,CA,SETTLED
PAY-00002028,CLIENT-0157,ACC-000476,2024-01-23,INBOUND,SEPA,GBP,16074.49,JP,SETTLED
PAY-00002029,CLIENT-0462,ACC-001364,2026-07-29,OUTBOUND,BOOK_TRANSFER,EUR,11348.01,IE,SETTLED
PAY-00002030,CLIENT-0469,ACC-001388,2026-06-18,OUTBOUND,SEPA,USD,64040.72,NL,SETTLED
PAY-00002031,CLIENT-0416,ACC-001227,2025-03-05,INBOUND,WIRE,USD,220963.10,CH,SETTLED
PAY-00002032,CLIENT-0450,ACC-001327,2026-07-15,OUTBOUND,SEPA,EUR,45757.86,US,PENDING
PAY-00002033,CLIENT-0285,ACC-000844,2026-05-10,OUTBOUND,BOOK_TRANSFER,EUR,14262.36,SG,SETTLED
PAY-00002034,CLIENT-0027,ACC-000072,2025-05-28,OUTBOUND,REAL_TIME_PAYMENT,USD,96530.40,DE,SETTLED
PAY-00002035,CLIENT-0407,ACC-001195,2026-04-30,INBOUND,ACH,USD,6994.34,NL,SETTLED
PAY-00002036,CLIENT-0336,ACC-000981,2026-04-21,OUTBOUND,WIRE,USD,8583.70,JP,SETTLED
PAY-00002037,CLIENT-0387,ACC-001124,2025-09-06,INBOUND,REAL_TIME_PAYMENT,USD,13522.42,AU,SETTLED
PAY-00002038,CLIENT-0401,ACC-001176,2026-05-03,OUTBOUND,REAL_TIME_PAYMENT,EUR,5357.01,CA,SETTLED
PAY-00002039,CLIENT-0473,ACC-001399,2025-09-03,INBOUND,BOOK_TRANSFER,EUR,165373.63,GB,PENDING
PAY-00002040,CLIENT-0234,ACC-000701,2026-05-31,OUTBOUND,CARD,EUR,43696.92,NL,SETTLED
PAY-00002041,CLIENT-0356,ACC-001046,2025-07-08,INBOUND,WIRE,SGD,25617.94,CA,SETTLED
PAY-00002042,CLIENT-0405,ACC-001188,2024-12-21,OUTBOUND,BOOK_TRANSFER,USD,7800.96,SG,PENDING
PAY-00002043,CLIENT-0107,ACC-000307,2025-06-30,OUTBOUND,FX_TRANSFER,JPY,200310.18,MX,SETTLED
PAY-00002044,CLIENT-0098,ACC-000283,2026-06-07,OUTBOUND,SEPA,USD,160103.56,JP,SETTLED
PAY-00002045,CLIENT-0206,ACC-000615,2024-06-04,INBOUND,SEPA,USD,6478.57,FR,SETTLED
PAY-00002046,CLIENT-0408,ACC-001198,2024-11-30,OUTBOUND,BOOK_TRANSFER,USD,200758.46,NL,SETTLED
PAY-00002047,CLIENT-0306,ACC-000900,2024-09-16,OUTBOUND,FX_TRANSFER,USD,1827.98,NL,SETTLED
PAY-00002048,CLIENT-0112,ACC-000327,2026-02-07,OUTBOUND,ACH,EUR,231008.97,DE,SETTLED
PAY-00002049,CLIENT-0489,ACC-001459,2025-04-24,OUTBOUND,SEPA,GBP,227197.49,NL,SETTLED
PAY-00002050,CLIENT-0038,ACC-000101,2026-03-23,OUTBOUND,CARD,USD,197598.47,MX,SETTLED
PAY-00002051,CLIENT-0039,ACC-000109,2026-03-19,INBOUND,SEPA,EUR,28302.81,JP,SETTLED
PAY-00002052,CLIENT-0055,ACC-000153,2025-09-06,INBOUND,REAL_TIME_PAYMENT,USD,145296.94,IN,SETTLED
PAY-00002053,CLIENT-0346,ACC-001013,2025-03-02,OUTBOUND,WIRE,USD,14192.43,AE,SETTLED
PAY-00002054,CLIENT-0254,ACC-000765,2026-05-30,OUTBOUND,BOOK_TRANSFER,USD,160047.08,SG,SETTLED
PAY-00002055,CLIENT-0012,ACC-000030,2024-11-19,OUTBOUND,SEPA,EUR,5492.23,US,SETTLED
PAY-00002056,CLIENT-0048,ACC-000127,2026-01-11,INBOUND,REAL_TIME_PAYMENT,USD,213080.83,US,SETTLED
PAY-00002057,CLIENT-0165,ACC-000496,2025-08-16,OUTBOUND,CARD,EUR,11531.28,AU,PENDING
PAY-00002058,CLIENT-0456,ACC-001345,2025-06-14,INBOUND,CARD,USD,210892.80,AE,SETTLED
PAY-00002059,CLIENT-0057,ACC-000160,2025-09-26,INBOUND,SEPA,SGD,7344.75,GB,SETTLED
PAY-00002060,CLIENT-0399,ACC-001170,2026-07-04,INBOUND,FX_TRANSFER,GBP,14730.80,MX,SETTLED
PAY-00002061,CLIENT-0306,ACC-000901,2025-07-29,INBOUND,SWIFT,EUR,7962.48,CA,SETTLED
PAY-00002062,CLIENT-0401,ACC-001176,2026-05-30,INBOUND,SWIFT,EUR,8918.87,AU,SETTLED
PAY-00002063,CLIENT-0439,ACC-001297,2026-07-17,INBOUND,SEPA,USD,237051.68,IE,REJECTED
PAY-00002064,CLIENT-0423,ACC-001248,2025-01-25,OUTBOUND,REAL_TIME_PAYMENT,EUR,202293.37,US,SETTLED
PAY-00002065,CLIENT-0446,ACC-001316,2024-09-10,OUTBOUND,ACH,USD,123173.26,JP,SETTLED
PAY-00002066,CLIENT-0049,ACC-000132,2026-05-27,OUTBOUND,SWIFT,USD,245656.31,NL,SETTLED
PAY-00002067,CLIENT-0068,ACC-000190,2026-03-19,INBOUND,FX_TRANSFER,MXN,73420.84,CH,SETTLED
PAY-00002068,CLIENT-0027,ACC-000074,2024-05-16,INBOUND,ACH,USD,243561.45,MX,SETTLED
PAY-00002069,CLIENT-0088,ACC-000249,2026-05-25,INBOUND,REAL_TIME_PAYMENT,USD,131049.15,BR,SETTLED
PAY-00002070,CLIENT-0121,ACC-000357,2026-03-25,INBOUND,SEPA,USD,4766.67,MX,SETTLED
PAY-00002071,CLIENT-0430,ACC-001268,2024-08-02,INBOUND,ACH,INR,158168.84,BR,SETTLED
PAY-00002072,CLIENT-0173,ACC-000526,2026-03-26,OUTBOUND,FX_TRANSFER,AED,6434.92,AE,SETTLED
PAY-00002073,CLIENT-0196,ACC-000580,2026-05-29,OUTBOUND,SEPA,USD,123444.22,CH,SETTLED
PAY-00002074,CLIENT-0046,ACC-000121,2025-09-01,OUTBOUND,REAL_TIME_PAYMENT,USD,13991.27,FR,SETTLED
PAY-00002075,CLIENT-0348,ACC-001020,2025-03-12,INBOUND,REAL_TIME_PAYMENT,USD,219607.15,FR,REJECTED
PAY-00002076,CLIENT-0494,ACC-001475,2025-02-20,INBOUND,BOOK_TRANSFER,EUR,158626.95,GB,SETTLED
PAY-00002077,CLIENT-0262,ACC-000785,2024-11-27,OUTBOUND,REAL_TIME_PAYMENT,USD,730.96,IN,SETTLED
PAY-00002078,CLIENT-0489,ACC-001457,2025-02-03,INBOUND,FX_TRANSFER,EUR,87682.82,US,PENDING
PAY-00002079,CLIENT-0308,ACC-000910,2024-09-01,OUTBOUND,WIRE,EUR,115172.95,IE,SETTLED
PAY-00002080,CLIENT-0340,ACC-000992,2026-06-02,INBOUND,ACH,USD,7888.73,CA,SETTLED
PAY-00002081,CLIENT-0146,ACC-000435,2026-05-26,OUTBOUND,REAL_TIME_PAYMENT,CAD,141955.73,CA,PENDING
PAY-00002082,CLIENT-0329,ACC-000967,2024-05-23,OUTBOUND,BOOK_TRANSFER,USD,86153.99,SG,PENDING
PAY-00002083,CLIENT-0450,ACC-001329,2026-03-03,INBOUND,BOOK_TRANSFER,EUR,184303.42,AE,SETTLED
PAY-00002084,CLIENT-0162,ACC-000491,2025-10-23,OUTBOUND,ACH,EUR,204.54,IE,SETTLED
PAY-00002085,CLIENT-0042,ACC-000115,2025-05-27,OUTBOUND,ACH,EUR,87924.94,DE,SETTLED
PAY-00002086,CLIENT-0027,ACC-000074,2024-03-02,OUTBOUND,FX_TRANSFER,USD,140172.88,IE,SETTLED
PAY-00002087,CLIENT-0202,ACC-000607,2025-03-24,OUTBOUND,SWIFT,USD,111799.71,US,SETTLED
PAY-00002088,CLIENT-0408,ACC-001199,2025-08-09,OUTBOUND,REAL_TIME_PAYMENT,EUR,175949.05,BR,SETTLED
PAY-00002089,CLIENT-0123,ACC-000365,2025-05-14,OUTBOUND,SWIFT,INR,226128.85,SG,SETTLED
PAY-00002090,CLIENT-0456,ACC-001347,2025-05-20,INBOUND,BOOK_TRANSFER,BRL,147585.66,BR,SETTLED
PAY-00002091,CLIENT-0339,ACC-000987,2026-01-09,INBOUND,WIRE,EUR,49836.45,SG,SETTLED
PAY-00002092,CLIENT-0470,ACC-001390,2025-10-16,OUTBOUND,SWIFT,INR,5700.62,BR,SETTLED
PAY-00002093,CLIENT-0500,ACC-001490,2026-06-27,OUTBOUND,SWIFT,USD,6060.80,US,SETTLED
PAY-00002094,CLIENT-0298,ACC-000881,2026-07-08,INBOUND,FX_TRANSFER,USD,2695.07,US,SETTLED
PAY-00002095,CLIENT-0479,ACC-001420,2026-07-23,OUTBOUND,WIRE,EUR,201075.68,NL,SETTLED
PAY-00002096,CLIENT-0011,ACC-000023,2026-02-07,OUTBOUND,ACH,USD,5213.39,CH,SETTLED
PAY-00002097,CLIENT-0016,ACC-000040,2024-10-18,OUTBOUND,ACH,USD,7815.06,US,SETTLED
PAY-00002098,CLIENT-0366,ACC-001070,2024-07-14,OUTBOUND,WIRE,EUR,143267.67,US,SETTLED
PAY-00002099,CLIENT-0138,ACC-000411,2025-06-19,OUTBOUND,CARD,MXN,52246.77,JP,SETTLED
PAY-00002100,CLIENT-0029,ACC-000078,2026-05-12,OUTBOUND,REAL_TIME_PAYMENT,USD,157151.02,SG,PENDING
PAY-00002101,CLIENT-0240,ACC-000724,2024-07-10,OUTBOUND,WIRE,USD,11115.44,SG,SETTLED
PAY-00002102,CLIENT-0378,ACC-001097,2026-04-24,INBOUND,SEPA,EUR,60452.43,FR,SETTLED
PAY-00002103,CLIENT-0169,ACC-000512,2026-06-03,INBOUND,CARD,USD,10161.34,SG,SETTLED
PAY-00002104,CLIENT-0476,ACC-001407,2025-04-21,OUTBOUND,SEPA,EUR,239032.20,IN,SETTLED
PAY-00002105,CLIENT-0447,ACC-001318,2024-10-30,OUTBOUND,WIRE,USD,110638.65,US,SETTLED
PAY-00002106,CLIENT-0243,ACC-000732,2026-03-14,OUTBOUND,SEPA,GBP,102880.99,DE,SETTLED
PAY-00002107,CLIENT-0214,ACC-000635,2024-12-20,INBOUND,ACH,INR,229789.11,BR,SETTLED
PAY-00002108,CLIENT-0326,ACC-000957,2024-06-11,OUTBOUND,WIRE,USD,243071.85,JP,SETTLED
PAY-00002109,CLIENT-0433,ACC-001275,2026-02-24,OUTBOUND,FX_TRANSFER,EUR,45053.92,GB,SETTLED
PAY-00002110,CLIENT-0097,ACC-000276,2024-07-13,INBOUND,CARD,USD,223844.95,SG,SETTLED
PAY-00002111,CLIENT-0062,ACC-000170,2025-12-22,OUTBOUND,FX_TRANSFER,USD,157514.10,FR,REJECTED
PAY-00002112,CLIENT-0336,ACC-000980,2024-03-16,INBOUND,ACH,USD,241340.33,SG,SETTLED
PAY-00002113,CLIENT-0183,ACC-000550,2025-04-11,INBOUND,BOOK_TRANSFER,USD,14736.93,FR,SETTLED
PAY-00002114,CLIENT-0029,ACC-000078,2026-04-16,OUTBOUND,WIRE,USD,28341.61,AE,SETTLED
PAY-00002115,CLIENT-0262,ACC-000785,2024-10-05,OUTBOUND,FX_TRANSFER,USD,10208.76,CA,SETTLED
PAY-00002116,CLIENT-0114,ACC-000330,2026-06-03,OUTBOUND,CARD,AUD,68543.14,JP,SETTLED
PAY-00002117,CLIENT-0037,ACC-000099,2026-05-04,INBOUND,FX_TRANSFER,USD,142396.32,IN,SETTLED
PAY-00002118,CLIENT-0448,ACC-001319,2026-01-21,INBOUND,ACH,EUR,52327.87,JP,SETTLED
PAY-00002119,CLIENT-0156,ACC-000469,2026-07-16,OUTBOUND,CARD,USD,205069.26,SG,SETTLED
PAY-00002120,CLIENT-0341,ACC-000996,2025-06-05,INBOUND,BOOK_TRANSFER,USD,4113.87,BR,SETTLED
PAY-00002121,CLIENT-0232,ACC-000693,2024-07-02,OUTBOUND,ACH,USD,55801.29,FR,SETTLED
PAY-00002122,CLIENT-0129,ACC-000381,2026-06-22,INBOUND,SWIFT,EUR,706.08,MX,SETTLED
PAY-00002123,CLIENT-0080,ACC-000221,2025-10-13,OUTBOUND,SWIFT,EUR,155687.63,JP,RETURNED
PAY-00002124,CLIENT-0103,ACC-000293,2025-08-24,INBOUND,WIRE,USD,40708.45,AE,SETTLED
PAY-00002125,CLIENT-0426,ACC-001257,2024-11-01,OUTBOUND,ACH,AUD,81745.17,DE,SETTLED
PAY-00002126,CLIENT-0315,ACC-000925,2025-09-12,INBOUND,REAL_TIME_PAYMENT,USD,173586.51,DE,SETTLED
PAY-00002127,CLIENT-0138,ACC-000411,2024-06-04,INBOUND,CARD,MXN,236150.27,IN,PENDING
PAY-00002128,CLIENT-0018,ACC-000045,2025-06-06,INBOUND,SEPA,SGD,209804.23,CH,SETTLED
PAY-00002129,CLIENT-0368,ACC-001074,2024-05-31,OUTBOUND,SWIFT,USD,8544.36,AU,SETTLED
PAY-00002130,CLIENT-0155,ACC-000465,2025-08-29,INBOUND,CARD,USD,130272.16,MX,SETTLED
PAY-00002131,CLIENT-0456,ACC-001346,2026-01-03,INBOUND,WIRE,USD,51397.17,SG,SETTLED
PAY-00002132,CLIENT-0230,ACC-000688,2024-06-17,OUTBOUND,REAL_TIME_PAYMENT,USD,157125.21,GB,SETTLED
PAY-00002133,CLIENT-0007,ACC-000013,2026-05-10,OUTBOUND,REAL_TIME_PAYMENT,USD,70658.54,DE,SETTLED
PAY-00002134,CLIENT-0390,ACC-001134,2026-02-11,OUTBOUND,FX_TRANSFER,USD,13362.31,IE,PENDING
PAY-00002135,CLIENT-0434,ACC-001279,2025-09-13,OUTBOUND,REAL_TIME_PAYMENT,AED,34463.34,JP,SETTLED
PAY-00002136,CLIENT-0019,ACC-000051,2025-04-24,OUTBOUND,WIRE,BRL,10148.89,NL,SETTLED
PAY-00002137,CLIENT-0013,ACC-000031,2026-07-12,INBOUND,ACH,USD,136272.10,FR,SETTLED
PAY-00002138,CLIENT-0286,ACC-000847,2026-03-12,OUTBOUND,SEPA,CAD,166179.34,SG,SETTLED
PAY-00002139,CLIENT-0401,ACC-001174,2026-03-21,OUTBOUND,ACH,EUR,10307.69,SG,SETTLED
PAY-00002140,CLIENT-0016,ACC-000040,2024-03-22,OUTBOUND,WIRE,USD,11233.19,NL,SETTLED
PAY-00002141,CLIENT-0372,ACC-001084,2026-07-01,OUTBOUND,SEPA,EUR,10637.94,NL,SETTLED
PAY-00002142,CLIENT-0122,ACC-000362,2026-02-28,OUTBOUND,CARD,USD,56699.21,AU,SETTLED
PAY-00002143,CLIENT-0457,ACC-001352,2025-10-04,OUTBOUND,SWIFT,EUR,10811.01,MX,SETTLED
PAY-00002144,CLIENT-0250,ACC-000755,2025-10-15,OUTBOUND,BOOK_TRANSFER,EUR,5376.66,NL,SETTLED
PAY-00002145,CLIENT-0103,ACC-000294,2025-02-10,INBOUND,SWIFT,USD,193073.33,NL,SETTLED
PAY-00002146,CLIENT-0351,ACC-001026,2026-07-23,OUTBOUND,REAL_TIME_PAYMENT,EUR,9606.45,DE,SETTLED
PAY-00002147,CLIENT-0103,ACC-000295,2026-05-24,INBOUND,REAL_TIME_PAYMENT,USD,154675.89,FR,SETTLED
PAY-00002148,CLIENT-0430,ACC-001268,2025-08-27,OUTBOUND,SEPA,INR,150621.00,BR,SETTLED
PAY-00002149,CLIENT-0070,ACC-000193,2025-03-21,INBOUND,REAL_TIME_PAYMENT,USD,39455.60,AU,SETTLED
PAY-00002150,CLIENT-0407,ACC-001195,2026-01-05,INBOUND,FX_TRANSFER,USD,3512.46,US,REJECTED
PAY-00002151,CLIENT-0498,ACC-001483,2024-10-24,OUTBOUND,CARD,EUR,168272.10,DE,SETTLED
PAY-00002152,CLIENT-0025,ACC-000069,2025-11-07,OUTBOUND,SEPA,USD,230653.53,US,SETTLED
PAY-00002153,CLIENT-0151,ACC-000454,2026-03-14,INBOUND,ACH,USD,9745.34,FR,SETTLED
PAY-00002154,CLIENT-0352,ACC-001031,2026-07-25,OUTBOUND,SEPA,BRL,6378.88,AU,SETTLED
PAY-00002155,CLIENT-0412,ACC-001213,2024-02-19,INBOUND,FX_TRANSFER,USD,7500.97,AE,PENDING
PAY-00002156,CLIENT-0011,ACC-000023,2026-04-12,OUTBOUND,REAL_TIME_PAYMENT,USD,5200.49,GB,PENDING
PAY-00002157,CLIENT-0236,ACC-000708,2026-06-10,OUTBOUND,REAL_TIME_PAYMENT,USD,11447.27,AE,PENDING
PAY-00002158,CLIENT-0273,ACC-000816,2025-06-05,INBOUND,FX_TRANSFER,CHF,4924.85,MX,SETTLED
PAY-00002159,CLIENT-0296,ACC-000874,2026-04-20,INBOUND,WIRE,EUR,139494.30,MX,SETTLED
PAY-00002160,CLIENT-0290,ACC-000858,2025-03-18,INBOUND,SWIFT,EUR,13238.47,NL,SETTLED
PAY-00002161,CLIENT-0490,ACC-001464,2025-05-25,INBOUND,ACH,BRL,14388.78,AU,SETTLED
PAY-00002162,CLIENT-0188,ACC-000563,2025-04-02,OUTBOUND,SEPA,EUR,201871.95,CH,SETTLED
PAY-00002163,CLIENT-0240,ACC-000724,2025-02-05,INBOUND,ACH,USD,8775.14,GB,SETTLED
PAY-00002164,CLIENT-0483,ACC-001433,2024-11-09,OUTBOUND,ACH,USD,627.01,AE,SETTLED
PAY-00002165,CLIENT-0091,ACC-000257,2026-07-13,OUTBOUND,BOOK_TRANSFER,MXN,663.30,IE,PENDING
PAY-00002166,CLIENT-0339,ACC-000988,2026-06-21,INBOUND,FX_TRANSFER,EUR,100214.75,BR,PENDING
PAY-00002167,CLIENT-0448,ACC-001320,2026-06-21,INBOUND,CARD,EUR,100788.19,US,SETTLED
PAY-00002168,CLIENT-0236,ACC-000708,2026-05-10,INBOUND,SEPA,USD,585.64,FR,SETTLED
PAY-00002169,CLIENT-0262,ACC-000788,2026-04-27,INBOUND,WIRE,USD,5624.87,CH,SETTLED
PAY-00002170,CLIENT-0025,ACC-000069,2024-10-21,INBOUND,CARD,USD,199417.44,FR,SETTLED
PAY-00002171,CLIENT-0395,ACC-001151,2025-12-16,OUTBOUND,WIRE,USD,181370.94,CH,SETTLED
PAY-00002172,CLIENT-0035,ACC-000093,2026-04-16,INBOUND,SWIFT,EUR,101089.18,BR,SETTLED
PAY-00002173,CLIENT-0275,ACC-000821,2025-09-06,OUTBOUND,BOOK_TRANSFER,EUR,135715.44,IE,SETTLED
PAY-00002174,CLIENT-0356,ACC-001048,2024-12-20,OUTBOUND,SWIFT,SGD,128306.64,AE,SETTLED
PAY-00002175,CLIENT-0387,ACC-001124,2026-02-18,OUTBOUND,FX_TRANSFER,USD,11962.27,CA,PENDING
PAY-00002176,CLIENT-0244,ACC-000738,2025-04-18,INBOUND,CARD,EUR,7632.91,NL,SETTLED
PAY-00002177,CLIENT-0238,ACC-000715,2026-04-05,INBOUND,SWIFT,JPY,233073.79,AE,SETTLED
PAY-00002178,CLIENT-0424,ACC-001250,2025-07-01,INBOUND,CARD,AUD,2299.48,AU,SETTLED
PAY-00002179,CLIENT-0001,ACC-000003,2026-05-04,OUTBOUND,ACH,AED,88640.33,SG,PENDING
PAY-00002180,CLIENT-0167,ACC-000505,2025-08-18,OUTBOUND,WIRE,USD,177073.98,IE,SETTLED
PAY-00002181,CLIENT-0408,ACC-001198,2025-05-25,OUTBOUND,SWIFT,USD,175024.11,IN,SETTLED
PAY-00002182,CLIENT-0459,ACC-001356,2025-09-22,OUTBOUND,FX_TRANSFER,USD,13075.93,NL,PENDING
PAY-00002183,CLIENT-0239,ACC-000719,2024-06-10,OUTBOUND,BOOK_TRANSFER,USD,218787.46,JP,RETURNED
PAY-00002184,CLIENT-0493,ACC-001472,2026-01-17,OUTBOUND,WIRE,USD,3824.96,CH,SETTLED
PAY-00002185,CLIENT-0396,ACC-001156,2025-12-14,OUTBOUND,WIRE,USD,198976.56,CA,SETTLED
PAY-00002186,CLIENT-0267,ACC-000797,2026-03-26,OUTBOUND,REAL_TIME_PAYMENT,USD,13670.70,FR,SETTLED
PAY-00002187,CLIENT-0315,ACC-000925,2025-03-06,OUTBOUND,ACH,USD,214720.30,GB,SETTLED
PAY-00002188,CLIENT-0143,ACC-000428,2026-04-30,INBOUND,SEPA,EUR,195227.50,CH,SETTLED
PAY-00002189,CLIENT-0194,ACC-000573,2025-12-14,INBOUND,SEPA,EUR,246806.91,AU,SETTLED
PAY-00002190,CLIENT-0380,ACC-001105,2024-06-15,OUTBOUND,SWIFT,USD,9634.13,JP,SETTLED
PAY-00002191,CLIENT-0392,ACC-001142,2026-07-30,INBOUND,SEPA,USD,58402.20,GB,SETTLED
PAY-00002192,CLIENT-0099,ACC-000286,2025-04-18,OUTBOUND,SEPA,USD,95841.64,IN,PENDING
PAY-00002193,CLIENT-0067,ACC-000184,2026-02-23,INBOUND,FX_TRANSFER,USD,168582.63,SG,SETTLED
PAY-00002194,CLIENT-0477,ACC-001410,2025-12-31,OUTBOUND,FX_TRANSFER,USD,3327.83,AU,SETTLED
PAY-00002195,CLIENT-0149,ACC-000450,2025-04-02,INBOUND,SEPA,USD,103348.83,MX,SETTLED
PAY-00002196,CLIENT-0079,ACC-000219,2026-07-07,INBOUND,ACH,USD,244186.64,BR,SETTLED
PAY-00002197,CLIENT-0112,ACC-000327,2025-04-24,OUTBOUND,CARD,EUR,236519.94,NL,SETTLED
PAY-00002198,CLIENT-0097,ACC-000279,2025-03-24,OUTBOUND,REAL_TIME_PAYMENT,EUR,185608.45,BR,SETTLED
PAY-00002199,CLIENT-0349,ACC-001024,2025-02-07,INBOUND,CARD,USD,98337.78,US,PENDING
PAY-00002200,CLIENT-0355,ACC-001043,2026-03-31,INBOUND,FX_TRANSFER,USD,227644.97,JP,SETTLED
PAY-00002201,CLIENT-0311,ACC-000920,2024-08-31,INBOUND,SEPA,USD,171422.22,CA,SETTLED
PAY-00002202,CLIENT-0048,ACC-000128,2026-03-12,OUTBOUND,CARD,USD,236091.78,AU,PENDING
PAY-00002203,CLIENT-0442,ACC-001305,2026-07-07,OUTBOUND,REAL_TIME_PAYMENT,BRL,13224.38,US,PENDING
PAY-00002204,CLIENT-0308,ACC-000910,2025-01-06,OUTBOUND,WIRE,EUR,33681.75,SG,PENDING
PAY-00002205,CLIENT-0039,ACC-000109,2026-06-30,INBOUND,BOOK_TRANSFER,EUR,23449.37,AU,SETTLED
PAY-00002206,CLIENT-0248,ACC-000747,2026-02-26,INBOUND,FX_TRANSFER,USD,243023.83,NL,SETTLED
PAY-00002207,CLIENT-0390,ACC-001133,2026-01-09,INBOUND,ACH,USD,11935.52,DE,SETTLED
PAY-00002208,CLIENT-0316,ACC-000928,2025-10-21,INBOUND,SEPA,USD,224924.17,US,SETTLED
PAY-00002209,CLIENT-0384,ACC-001118,2026-03-25,OUTBOUND,BOOK_TRANSFER,EUR,13612.67,DE,SETTLED
PAY-00002210,CLIENT-0398,ACC-001165,2025-11-26,OUTBOUND,CARD,CAD,12288.01,BR,SETTLED
PAY-00002211,CLIENT-0401,ACC-001176,2025-11-16,OUTBOUND,SWIFT,EUR,1729.62,IE,SETTLED
PAY-00002212,CLIENT-0417,ACC-001233,2024-03-17,OUTBOUND,ACH,JPY,218835.01,NL,SETTLED
PAY-00002213,CLIENT-0066,ACC-000180,2025-04-07,INBOUND,SWIFT,USD,217049.50,MX,SETTLED
PAY-00002214,CLIENT-0349,ACC-001023,2026-02-19,INBOUND,SEPA,USD,10547.79,SG,SETTLED
PAY-00002215,CLIENT-0259,ACC-000779,2025-03-08,OUTBOUND,SEPA,EUR,180939.38,IE,SETTLED
PAY-00002216,CLIENT-0099,ACC-000287,2024-09-17,INBOUND,SEPA,EUR,35422.17,AU,SETTLED
PAY-00002217,CLIENT-0483,ACC-001433,2025-04-21,INBOUND,REAL_TIME_PAYMENT,USD,3739.68,IN,SETTLED
PAY-00002218,CLIENT-0411,ACC-001209,2026-06-13,OUTBOUND,CARD,USD,236942.64,US,SETTLED
PAY-00002219,CLIENT-0037,ACC-000098,2026-03-10,INBOUND,SWIFT,USD,19756.80,IN,SETTLED
PAY-00002220,CLIENT-0189,ACC-000568,2026-03-11,OUTBOUND,FX_TRANSFER,USD,2747.24,MX,SETTLED
PAY-00002221,CLIENT-0123,ACC-000366,2025-06-22,INBOUND,BOOK_TRANSFER,USD,185374.92,BR,SETTLED
PAY-00002222,CLIENT-0179,ACC-000539,2025-11-07,INBOUND,REAL_TIME_PAYMENT,USD,211568.12,US,SETTLED
PAY-00002223,CLIENT-0030,ACC-000080,2026-03-10,INBOUND,SEPA,EUR,151285.48,NL,SETTLED
PAY-00002224,CLIENT-0390,ACC-001135,2026-03-15,INBOUND,CARD,EUR,14114.11,CA,SETTLED
PAY-00002225,CLIENT-0259,ACC-000776,2025-12-28,INBOUND,BOOK_TRANSFER,EUR,237317.83,NL,SETTLED
PAY-00002226,CLIENT-0382,ACC-001110,2026-03-15,INBOUND,SEPA,USD,242603.09,CA,SETTLED
PAY-00002227,CLIENT-0064,ACC-000175,2024-09-10,OUTBOUND,REAL_TIME_PAYMENT,USD,158709.09,US,SETTLED
PAY-00002228,CLIENT-0413,ACC-001219,2024-10-17,INBOUND,FX_TRANSFER,GBP,141072.53,SG,REJECTED
PAY-00002229,CLIENT-0014,ACC-000033,2026-07-28,INBOUND,CARD,USD,123173.60,JP,SETTLED
PAY-00002230,CLIENT-0500,ACC-001490,2024-05-27,OUTBOUND,SEPA,USD,6508.87,IN,SETTLED
PAY-00002231,CLIENT-0124,ACC-000369,2026-01-25,OUTBOUND,SWIFT,USD,21472.57,BR,SETTLED
PAY-00002232,CLIENT-0487,ACC-001449,2026-04-22,INBOUND,WIRE,USD,246743.58,JP,SETTLED
PAY-00002233,CLIENT-0218,ACC-000650,2026-06-15,OUTBOUND,ACH,USD,29016.02,JP,PENDING
PAY-00002234,CLIENT-0234,ACC-000702,2026-06-30,OUTBOUND,FX_TRANSFER,EUR,137321.68,CH,RETURNED
PAY-00002235,CLIENT-0341,ACC-000999,2025-05-16,INBOUND,SWIFT,USD,14301.32,JP,SETTLED
PAY-00002236,CLIENT-0403,ACC-001181,2025-08-18,OUTBOUND,CARD,USD,50982.24,AE,SETTLED
PAY-00002237,CLIENT-0473,ACC-001399,2026-01-24,INBOUND,WIRE,EUR,216260.47,AE,SETTLED
PAY-00002238,CLIENT-0427,ACC-001259,2025-12-22,OUTBOUND,FX_TRANSFER,JPY,223965.25,BR,SETTLED
PAY-00002239,CLIENT-0059,ACC-000165,2025-05-17,OUTBOUND,SEPA,USD,48553.01,MX,SETTLED
PAY-00002240,CLIENT-0427,ACC-001258,2026-03-11,OUTBOUND,CARD,USD,5866.89,SG,SETTLED
PAY-00002241,CLIENT-0109,ACC-000312,2025-07-20,OUTBOUND,WIRE,INR,26388.55,GB,SETTLED
PAY-00002242,CLIENT-0091,ACC-000259,2026-04-19,OUTBOUND,ACH,EUR,13470.36,DE,SETTLED
PAY-00002243,CLIENT-0012,ACC-000027,2026-01-21,INBOUND,REAL_TIME_PAYMENT,CAD,13746.52,DE,SETTLED
PAY-00002244,CLIENT-0186,ACC-000555,2026-01-05,OUTBOUND,REAL_TIME_PAYMENT,USD,87440.15,GB,PENDING
PAY-00002245,CLIENT-0173,ACC-000524,2026-03-24,INBOUND,SEPA,SGD,3091.82,IN,PENDING
PAY-00002246,CLIENT-0169,ACC-000513,2026-07-31,OUTBOUND,SEPA,USD,13651.63,AE,SETTLED
PAY-00002247,CLIENT-0351,ACC-001026,2026-06-08,OUTBOUND,SEPA,EUR,8739.25,IE,SETTLED
PAY-00002248,CLIENT-0337,ACC-000984,2026-06-11,INBOUND,BOOK_TRANSFER,CAD,1159.10,JP,SETTLED
PAY-00002249,CLIENT-0448,ACC-001319,2025-12-02,OUTBOUND,SWIFT,EUR,105003.25,US,SETTLED
PAY-00002250,CLIENT-0301,ACC-000887,2026-02-17,OUTBOUND,ACH,USD,94138.73,JP,SETTLED
PAY-00002251,CLIENT-0256,ACC-000772,2025-10-20,OUTBOUND,SWIFT,USD,5826.81,FR,SETTLED
PAY-00002252,CLIENT-0390,ACC-001133,2025-09-16,INBOUND,ACH,USD,5283.15,NL,SETTLED
PAY-00002253,CLIENT-0150,ACC-000452,2025-02-23,INBOUND,BOOK_TRANSFER,USD,42059.57,AE,SETTLED
PAY-00002254,CLIENT-0491,ACC-001466,2024-02-21,INBOUND,SEPA,USD,107254.15,CH,SETTLED
PAY-00002255,CLIENT-0379,ACC-001101,2025-11-24,INBOUND,SWIFT,EUR,9966.30,CH,SETTLED
PAY-00002256,CLIENT-0392,ACC-001139,2025-08-27,OUTBOUND,FX_TRANSFER,USD,58160.19,AU,PENDING
PAY-00002257,CLIENT-0351,ACC-001029,2026-05-29,OUTBOUND,FX_TRANSFER,EUR,1162.10,CH,SETTLED
PAY-00002258,CLIENT-0099,ACC-000287,2024-12-05,INBOUND,FX_TRANSFER,EUR,82359.00,GB,SETTLED
PAY-00002259,CLIENT-0113,ACC-000329,2024-02-18,OUTBOUND,WIRE,USD,189219.81,BR,SETTLED
PAY-00002260,CLIENT-0478,ACC-001414,2026-05-24,INBOUND,REAL_TIME_PAYMENT,CAD,37419.62,MX,PENDING
PAY-00002261,CLIENT-0207,ACC-000617,2025-11-11,OUTBOUND,ACH,EUR,232463.55,BR,SETTLED
PAY-00002262,CLIENT-0339,ACC-000991,2026-06-03,INBOUND,SWIFT,USD,207396.20,JP,SETTLED
PAY-00002263,CLIENT-0286,ACC-000849,2025-12-01,OUTBOUND,FX_TRANSFER,CAD,80430.83,IN,SETTLED
PAY-00002264,CLIENT-0175,ACC-000529,2024-02-05,OUTBOUND,REAL_TIME_PAYMENT,USD,21166.27,CH,SETTLED
PAY-00002265,CLIENT-0167,ACC-000507,2024-01-21,OUTBOUND,SWIFT,USD,17882.01,US,SETTLED
PAY-00002266,CLIENT-0146,ACC-000436,2026-02-28,OUTBOUND,ACH,CAD,35490.92,BR,SETTLED
PAY-00002267,CLIENT-0150,ACC-000453,2024-12-04,INBOUND,REAL_TIME_PAYMENT,USD,197609.19,FR,SETTLED
PAY-00002268,CLIENT-0351,ACC-001029,2026-06-17,OUTBOUND,BOOK_TRANSFER,EUR,14864.30,CA,SETTLED
PAY-00002269,CLIENT-0288,ACC-000852,2025-02-28,OUTBOUND,WIRE,USD,111209.37,NL,SETTLED
PAY-00002270,CLIENT-0158,ACC-000477,2024-04-24,INBOUND,WIRE,EUR,7567.11,US,PENDING
PAY-00002271,CLIENT-0456,ACC-001345,2026-01-21,OUTBOUND,SEPA,USD,228786.69,AU,SETTLED
PAY-00002272,CLIENT-0397,ACC-001160,2025-11-28,OUTBOUND,BOOK_TRANSFER,USD,87527.84,SG,SETTLED
PAY-00002273,CLIENT-0039,ACC-000108,2026-06-03,OUTBOUND,CARD,USD,214692.28,GB,SETTLED
PAY-00002274,CLIENT-0378,ACC-001098,2026-07-16,INBOUND,WIRE,USD,14599.36,FR,REJECTED
PAY-00002275,CLIENT-0255,ACC-000769,2024-06-21,OUTBOUND,BOOK_TRANSFER,INR,105438.97,GB,SETTLED
PAY-00002276,CLIENT-0100,ACC-000289,2026-03-13,OUTBOUND,FX_TRANSFER,EUR,13715.06,SG,SETTLED
PAY-00002277,CLIENT-0418,ACC-001236,2026-06-23,INBOUND,SWIFT,USD,47902.16,FR,SETTLED
PAY-00002278,CLIENT-0365,ACC-001067,2025-04-22,INBOUND,CARD,JPY,81.92,FR,SETTLED
PAY-00002279,CLIENT-0048,ACC-000128,2026-03-20,INBOUND,BOOK_TRANSFER,USD,80456.45,NL,SETTLED
PAY-00002280,CLIENT-0015,ACC-000037,2025-07-10,OUTBOUND,ACH,EUR,73048.39,FR,SETTLED
PAY-00002281,CLIENT-0029,ACC-000078,2026-05-29,INBOUND,FX_TRANSFER,USD,217258.01,AE,SETTLED
PAY-00002282,CLIENT-0208,ACC-000618,2025-04-21,OUTBOUND,REAL_TIME_PAYMENT,AED,150402.23,NL,SETTLED
PAY-00002283,CLIENT-0323,ACC-000947,2025-03-28,OUTBOUND,ACH,CHF,33299.96,CH,SETTLED
PAY-00002284,CLIENT-0477,ACC-001413,2026-02-11,INBOUND,FX_TRANSFER,USD,12775.76,JP,SETTLED
PAY-00002285,CLIENT-0498,ACC-001482,2025-08-27,OUTBOUND,CARD,CAD,155379.81,IN,SETTLED
PAY-00002286,CLIENT-0258,ACC-000775,2026-03-01,INBOUND,WIRE,USD,11733.25,SG,SETTLED
PAY-00002287,CLIENT-0202,ACC-000608,2026-02-16,OUTBOUND,SWIFT,USD,172924.50,DE,SETTLED
PAY-00002288,CLIENT-0394,ACC-001148,2025-10-28,OUTBOUND,ACH,USD,12310.85,GB,SETTLED
PAY-00002289,CLIENT-0331,ACC-000971,2026-06-13,OUTBOUND,REAL_TIME_PAYMENT,USD,128864.19,GB,SETTLED
PAY-00002290,CLIENT-0488,ACC-001453,2025-07-08,OUTBOUND,ACH,USD,185625.31,US,SETTLED
PAY-00002291,CLIENT-0382,ACC-001112,2025-12-16,OUTBOUND,ACH,USD,132941.41,DE,SETTLED
PAY-00002292,CLIENT-0209,ACC-000622,2024-04-17,OUTBOUND,REAL_TIME_PAYMENT,CAD,141378.81,NL,SETTLED
PAY-00002293,CLIENT-0149,ACC-000449,2025-09-26,INBOUND,ACH,USD,124832.02,IN,SETTLED
PAY-00002294,CLIENT-0053,ACC-000145,2025-04-29,INBOUND,CARD,USD,61694.71,MX,SETTLED
PAY-00002295,CLIENT-0393,ACC-001143,2024-07-22,OUTBOUND,REAL_TIME_PAYMENT,USD,180947.53,IE,SETTLED
PAY-00002296,CLIENT-0263,ACC-000789,2025-10-05,INBOUND,WIRE,USD,163.69,IE,SETTLED
PAY-00002297,CLIENT-0356,ACC-001047,2025-07-03,OUTBOUND,CARD,GBP,212757.34,SG,SETTLED
PAY-00002298,CLIENT-0431,ACC-001269,2024-04-08,INBOUND,WIRE,USD,6776.67,JP,PENDING
PAY-00002299,CLIENT-0038,ACC-000104,2026-05-20,OUTBOUND,FX_TRANSFER,USD,146741.34,BR,SETTLED
PAY-00002300,CLIENT-0315,ACC-000925,2024-08-18,OUTBOUND,WIRE,USD,143453.38,BR,SETTLED
PAY-00002301,CLIENT-0408,ACC-001198,2025-07-08,OUTBOUND,SEPA,USD,143595.53,MX,SETTLED
PAY-00002302,CLIENT-0144,ACC-000430,2026-07-22,OUTBOUND,BOOK_TRANSFER,EUR,111.95,DE,SETTLED
PAY-00002303,CLIENT-0030,ACC-000081,2024-07-28,INBOUND,SEPA,EUR,218820.15,GB,SETTLED
PAY-00002304,CLIENT-0440,ACC-001301,2026-01-23,INBOUND,REAL_TIME_PAYMENT,USD,1486.19,GB,SETTLED
PAY-00002305,CLIENT-0118,ACC-000348,2025-09-10,INBOUND,SWIFT,USD,1597.04,CA,SETTLED
PAY-00002306,CLIENT-0066,ACC-000181,2026-04-08,INBOUND,FX_TRANSFER,USD,38787.79,IN,SETTLED
PAY-00002307,CLIENT-0494,ACC-001475,2026-03-17,OUTBOUND,REAL_TIME_PAYMENT,EUR,185561.67,MX,SETTLED
PAY-00002308,CLIENT-0197,ACC-000585,2026-07-22,OUTBOUND,BOOK_TRANSFER,JPY,84848.94,US,REJECTED
PAY-00002309,CLIENT-0234,ACC-000701,2025-08-25,INBOUND,ACH,EUR,34681.75,CH,SETTLED
PAY-00002310,CLIENT-0049,ACC-000133,2025-12-04,OUTBOUND,BOOK_TRANSFER,USD,175841.83,JP,SETTLED
PAY-00002311,CLIENT-0427,ACC-001262,2025-12-03,OUTBOUND,WIRE,USD,194305.56,IN,SETTLED
PAY-00002312,CLIENT-0465,ACC-001373,2026-05-26,INBOUND,WIRE,USD,8547.79,MX,SETTLED
PAY-00002313,CLIENT-0010,ACC-000020,2025-09-01,INBOUND,BOOK_TRANSFER,GBP,113514.27,AE,SETTLED
PAY-00002314,CLIENT-0016,ACC-000040,2025-12-10,INBOUND,SEPA,USD,1523.75,SG,SETTLED
PAY-00002315,CLIENT-0123,ACC-000364,2025-10-23,OUTBOUND,CARD,USD,189642.86,JP,PENDING
PAY-00002316,CLIENT-0162,ACC-000491,2025-08-19,OUTBOUND,SEPA,EUR,473.14,CA,SETTLED
PAY-00002317,CLIENT-0212,ACC-000632,2024-09-08,OUTBOUND,BOOK_TRANSFER,USD,2843.45,BR,SETTLED
PAY-00002318,CLIENT-0446,ACC-001316,2025-02-20,OUTBOUND,FX_TRANSFER,USD,45077.16,JP,SETTLED
PAY-00002319,CLIENT-0174,ACC-000527,2026-06-30,OUTBOUND,CARD,USD,45517.01,BR,PENDING
PAY-00002320,CLIENT-0232,ACC-000693,2024-11-25,OUTBOUND,CARD,USD,196183.25,BR,SETTLED
PAY-00002321,CLIENT-0139,ACC-000414,2025-02-23,OUTBOUND,ACH,EUR,231824.62,IN,SETTLED
PAY-00002322,CLIENT-0275,ACC-000824,2025-11-23,OUTBOUND,SEPA,USD,134630.07,NL,PENDING
PAY-00002323,CLIENT-0243,ACC-000733,2026-06-23,INBOUND,BOOK_TRANSFER,USD,38711.07,JP,PENDING
PAY-00002324,CLIENT-0131,ACC-000389,2026-03-23,OUTBOUND,FX_TRANSFER,AUD,115575.88,US,SETTLED
PAY-00002325,CLIENT-0253,ACC-000760,2026-02-08,INBOUND,BOOK_TRANSFER,USD,129451.84,SG,PENDING
PAY-00002326,CLIENT-0307,ACC-000904,2024-07-19,INBOUND,REAL_TIME_PAYMENT,USD,57066.04,BR,SETTLED
PAY-00002327,CLIENT-0415,ACC-001226,2026-05-19,INBOUND,SEPA,USD,9829.12,AE,SETTLED
PAY-00002328,CLIENT-0416,ACC-001227,2025-10-27,INBOUND,BOOK_TRANSFER,USD,106875.22,AU,SETTLED
PAY-00002329,CLIENT-0147,ACC-000440,2025-07-02,OUTBOUND,CARD,USD,21304.25,NL,SETTLED
PAY-00002330,CLIENT-0444,ACC-001309,2026-02-26,OUTBOUND,FX_TRANSFER,EUR,144763.66,CA,PENDING
PAY-00002331,CLIENT-0014,ACC-000033,2026-07-04,INBOUND,SWIFT,USD,175906.79,CH,SETTLED
PAY-00002332,CLIENT-0136,ACC-000404,2026-07-10,OUTBOUND,SWIFT,CHF,145917.42,US,SETTLED
PAY-00002333,CLIENT-0098,ACC-000282,2026-07-21,INBOUND,ACH,MXN,232141.80,CA,RETURNED
PAY-00002334,CLIENT-0015,ACC-000034,2026-07-20,INBOUND,WIRE,USD,176331.40,IN,SETTLED
PAY-00002335,CLIENT-0438,ACC-001295,2025-01-04,OUTBOUND,BOOK_TRANSFER,USD,167568.14,IE,SETTLED
PAY-00002336,CLIENT-0307,ACC-000904,2024-03-09,OUTBOUND,ACH,USD,170318.03,CH,SETTLED
PAY-00002337,CLIENT-0418,ACC-001237,2026-03-05,OUTBOUND,WIRE,USD,39732.12,AE,RETURNED
PAY-00002338,CLIENT-0142,ACC-000423,2025-10-01,INBOUND,SEPA,USD,234591.13,JP,SETTLED
PAY-00002339,CLIENT-0381,ACC-001108,2025-02-26,INBOUND,SWIFT,EUR,222941.70,FR,SETTLED
PAY-00002340,CLIENT-0285,ACC-000845,2024-01-18,INBOUND,WIRE,CHF,2102.35,NL,SETTLED
PAY-00002341,CLIENT-0492,ACC-001468,2026-05-28,OUTBOUND,CARD,CAD,196813.09,AE,SETTLED
PAY-00002342,CLIENT-0282,ACC-000836,2025-06-11,OUTBOUND,FX_TRANSFER,USD,11499.65,IE,RETURNED
PAY-00002343,CLIENT-0319,ACC-000937,2025-11-28,INBOUND,BOOK_TRANSFER,GBP,299.33,GB,SETTLED
PAY-00002344,CLIENT-0109,ACC-000313,2026-05-27,OUTBOUND,SWIFT,USD,11373.91,FR,SETTLED
PAY-00002345,CLIENT-0200,ACC-000598,2024-06-10,INBOUND,BOOK_TRANSFER,AUD,5895.98,MX,SETTLED
PAY-00002346,CLIENT-0466,ACC-001377,2025-05-10,OUTBOUND,SWIFT,INR,217142.39,SG,SETTLED
PAY-00002347,CLIENT-0399,ACC-001167,2024-10-27,INBOUND,SEPA,EUR,11603.94,GB,SETTLED
PAY-00002348,CLIENT-0424,ACC-001252,2024-03-07,INBOUND,SWIFT,USD,7152.64,JP,SETTLED
PAY-00002349,CLIENT-0326,ACC-000958,2024-03-03,INBOUND,SEPA,USD,46064.40,DE,SETTLED
PAY-00002350,CLIENT-0466,ACC-001379,2026-06-03,INBOUND,SEPA,INR,206686.89,AU,SETTLED
PAY-00002351,CLIENT-0362,ACC-001059,2024-06-29,OUTBOUND,WIRE,USD,227869.45,IE,SETTLED
PAY-00002352,CLIENT-0418,ACC-001237,2025-12-01,OUTBOUND,WIRE,USD,110991.95,AE,SETTLED
PAY-00002353,CLIENT-0087,ACC-000245,2026-01-26,INBOUND,ACH,EUR,231316.69,IE,PENDING
PAY-00002354,CLIENT-0427,ACC-001260,2024-05-11,OUTBOUND,SEPA,USD,143776.78,NL,SETTLED
PAY-00002355,CLIENT-0348,ACC-001021,2025-11-04,OUTBOUND,WIRE,USD,21768.69,NL,SETTLED
PAY-00002356,CLIENT-0458,ACC-001354,2024-11-11,OUTBOUND,WIRE,USD,91171.71,FR,SETTLED
PAY-00002357,CLIENT-0343,ACC-001006,2024-10-02,INBOUND,BOOK_TRANSFER,USD,59514.15,FR,SETTLED
PAY-00002358,CLIENT-0070,ACC-000195,2025-11-08,OUTBOUND,CARD,USD,95903.89,MX,REJECTED
PAY-00002359,CLIENT-0156,ACC-000471,2024-09-06,OUTBOUND,REAL_TIME_PAYMENT,USD,237254.68,AU,PENDING
PAY-00002360,CLIENT-0106,ACC-000302,2025-07-07,INBOUND,BOOK_TRANSFER,USD,197810.55,IE,SETTLED
PAY-00002361,CLIENT-0431,ACC-001273,2025-10-06,INBOUND,FX_TRANSFER,USD,7836.09,IE,SETTLED
PAY-00002362,CLIENT-0106,ACC-000303,2026-01-25,OUTBOUND,REAL_TIME_PAYMENT,EUR,58815.93,MX,SETTLED
PAY-00002363,CLIENT-0211,ACC-000629,2026-06-16,INBOUND,CARD,USD,127866.03,SG,SETTLED
PAY-00002364,CLIENT-0341,ACC-000997,2025-03-29,OUTBOUND,WIRE,MXN,13849.18,BR,REJECTED
PAY-00002365,CLIENT-0020,ACC-000054,2026-07-13,OUTBOUND,CARD,USD,114910.76,DE,SETTLED
PAY-00002366,CLIENT-0134,ACC-000399,2024-12-06,OUTBOUND,REAL_TIME_PAYMENT,USD,29948.66,DE,SETTLED
PAY-00002367,CLIENT-0434,ACC-001277,2026-02-21,INBOUND,REAL_TIME_PAYMENT,USD,192359.03,AE,SETTLED
PAY-00002368,CLIENT-0232,ACC-000694,2026-01-13,OUTBOUND,BOOK_TRANSFER,EUR,98465.32,FR,SETTLED
PAY-00002369,CLIENT-0085,ACC-000239,2024-02-15,INBOUND,SEPA,USD,6788.98,CH,REJECTED
PAY-00002370,CLIENT-0418,ACC-001238,2026-04-23,OUTBOUND,FX_TRANSFER,USD,173678.42,AE,SETTLED
PAY-00002371,CLIENT-0343,ACC-001003,2024-09-03,OUTBOUND,SEPA,USD,52934.13,AE,SETTLED
PAY-00002372,CLIENT-0054,ACC-000149,2025-02-18,OUTBOUND,SEPA,USD,3681.60,DE,SETTLED
PAY-00002373,CLIENT-0410,ACC-001203,2025-05-13,OUTBOUND,BOOK_TRANSFER,JPY,112317.84,US,SETTLED
PAY-00002374,CLIENT-0051,ACC-000142,2026-06-25,OUTBOUND,CARD,USD,154784.52,GB,SETTLED
PAY-00002375,CLIENT-0238,ACC-000714,2025-03-09,INBOUND,CARD,USD,189964.73,JP,SETTLED
PAY-00002376,CLIENT-0135,ACC-000400,2025-07-11,INBOUND,BOOK_TRANSFER,USD,1432.64,IN,SETTLED
PAY-00002377,CLIENT-0245,ACC-000740,2026-06-01,OUTBOUND,BOOK_TRANSFER,EUR,37015.44,CA,SETTLED
PAY-00002378,CLIENT-0193,ACC-000572,2024-08-06,OUTBOUND,WIRE,CHF,2623.19,IN,SETTLED
PAY-00002379,CLIENT-0168,ACC-000509,2025-06-23,OUTBOUND,ACH,EUR,1716.79,SG,SETTLED
PAY-00002380,CLIENT-0098,ACC-000283,2026-05-11,INBOUND,SEPA,USD,38770.16,NL,SETTLED
PAY-00002381,CLIENT-0088,ACC-000248,2026-07-25,OUTBOUND,BOOK_TRANSFER,USD,224397.73,BR,SETTLED
PAY-00002382,CLIENT-0394,ACC-001146,2026-03-18,OUTBOUND,ACH,USD,82661.95,DE,PENDING
PAY-00002383,CLIENT-0038,ACC-000101,2026-07-03,INBOUND,FX_TRANSFER,USD,132285.95,CA,SETTLED
PAY-00002384,CLIENT-0465,ACC-001376,2025-12-03,INBOUND,WIRE,INR,6956.95,DE,SETTLED
PAY-00002385,CLIENT-0129,ACC-000383,2025-03-22,INBOUND,FX_TRANSFER,EUR,3274.27,US,SETTLED
PAY-00002386,CLIENT-0370,ACC-001080,2025-12-18,INBOUND,BOOK_TRANSFER,USD,31928.08,CA,REJECTED
PAY-00002387,CLIENT-0250,ACC-000755,2025-12-27,OUTBOUND,SWIFT,EUR,8042.01,FR,SETTLED
PAY-00002388,CLIENT-0196,ACC-000580,2025-05-09,INBOUND,SWIFT,USD,188652.57,AE,PENDING
PAY-00002389,CLIENT-0051,ACC-000138,2025-12-07,OUTBOUND,SWIFT,USD,91535.07,IN,SETTLED
PAY-00002390,CLIENT-0426,ACC-001256,2024-11-21,OUTBOUND,BOOK_TRANSFER,USD,130341.43,JP,PENDING
PAY-00002391,CLIENT-0489,ACC-001456,2025-08-23,INBOUND,SEPA,GBP,174324.28,AU,SETTLED
PAY-00002392,CLIENT-0166,ACC-000500,2026-01-20,INBOUND,REAL_TIME_PAYMENT,USD,8983.85,AE,SETTLED
PAY-00002393,CLIENT-0015,ACC-000035,2025-12-23,OUTBOUND,REAL_TIME_PAYMENT,USD,114260.16,FR,SETTLED
PAY-00002394,CLIENT-0104,ACC-000297,2026-07-22,OUTBOUND,BOOK_TRANSFER,USD,68870.36,AE,SETTLED
PAY-00002395,CLIENT-0254,ACC-000763,2025-09-08,OUTBOUND,BOOK_TRANSFER,GBP,8901.30,IE,SETTLED
PAY-00002396,CLIENT-0138,ACC-000412,2025-04-13,OUTBOUND,SWIFT,MXN,205611.24,JP,SETTLED
PAY-00002397,CLIENT-0271,ACC-000811,2024-04-11,INBOUND,BOOK_TRANSFER,USD,168425.36,AE,PENDING
PAY-00002398,CLIENT-0195,ACC-000579,2026-07-22,OUTBOUND,REAL_TIME_PAYMENT,USD,2800.91,GB,SETTLED
PAY-00002399,CLIENT-0220,ACC-000656,2026-04-27,INBOUND,SWIFT,USD,92323.12,CH,SETTLED
PAY-00002400,CLIENT-0406,ACC-001194,2025-03-24,OUTBOUND,BOOK_TRANSFER,EUR,199294.97,IN,SETTLED
PAY-00002401,CLIENT-0381,ACC-001107,2025-12-02,OUTBOUND,BOOK_TRANSFER,EUR,110798.86,MX,PENDING
PAY-00002402,CLIENT-0116,ACC-000341,2024-02-20,OUTBOUND,REAL_TIME_PAYMENT,SGD,13193.31,MX,SETTLED
PAY-00002403,CLIENT-0237,ACC-000713,2026-01-28,OUTBOUND,WIRE,CAD,100910.76,IE,SETTLED
PAY-00002404,CLIENT-0082,ACC-000227,2024-07-26,OUTBOUND,BOOK_TRANSFER,USD,4975.10,BR,PENDING
PAY-00002405,CLIENT-0120,ACC-000353,2026-01-27,OUTBOUND,FX_TRANSFER,EUR,23090.87,SG,SETTLED
PAY-00002406,CLIENT-0224,ACC-000669,2025-06-16,OUTBOUND,REAL_TIME_PAYMENT,USD,14869.88,FR,SETTLED
PAY-00002407,CLIENT-0415,ACC-001225,2024-05-14,OUTBOUND,SWIFT,USD,2368.78,FR,SETTLED
PAY-00002408,CLIENT-0261,ACC-000781,2026-07-17,INBOUND,FX_TRANSFER,GBP,238657.14,US,SETTLED
PAY-00002409,CLIENT-0202,ACC-000608,2026-05-17,OUTBOUND,ACH,USD,194337.57,DE,SETTLED
PAY-00002410,CLIENT-0438,ACC-001294,2024-07-06,OUTBOUND,SEPA,USD,232610.07,NL,SETTLED
PAY-00002411,CLIENT-0435,ACC-001285,2025-11-08,OUTBOUND,FX_TRANSFER,USD,4479.91,DE,SETTLED
PAY-00002412,CLIENT-0241,ACC-000727,2026-05-09,OUTBOUND,REAL_TIME_PAYMENT,USD,186102.23,AE,SETTLED
PAY-00002413,CLIENT-0090,ACC-000253,2026-03-02,INBOUND,ACH,EUR,39434.96,SG,SETTLED
PAY-00002414,CLIENT-0171,ACC-000518,2026-01-27,OUTBOUND,ACH,EUR,99898.43,IE,SETTLED
PAY-00002415,CLIENT-0337,ACC-000984,2026-05-20,OUTBOUND,ACH,CAD,6577.58,DE,REJECTED
PAY-00002416,CLIENT-0290,ACC-000860,2026-01-21,OUTBOUND,SEPA,EUR,5986.38,NL,SETTLED
PAY-00002417,CLIENT-0471,ACC-001397,2025-06-10,OUTBOUND,FX_TRANSFER,USD,140340.47,IN,PENDING
PAY-00002418,CLIENT-0435,ACC-001285,2026-04-11,INBOUND,WIRE,USD,107.04,US,SETTLED
PAY-00002419,CLIENT-0417,ACC-001231,2026-06-27,INBOUND,CARD,BRL,34347.18,BR,SETTLED
PAY-00002420,CLIENT-0476,ACC-001409,2025-07-16,INBOUND,BOOK_TRANSFER,USD,203214.01,MX,SETTLED
PAY-00002421,CLIENT-0266,ACC-000796,2025-09-21,INBOUND,WIRE,EUR,9604.42,CA,SETTLED
PAY-00002422,CLIENT-0223,ACC-000667,2026-07-03,INBOUND,CARD,USD,122455.17,JP,REJECTED
PAY-00002423,CLIENT-0053,ACC-000145,2026-05-06,OUTBOUND,WIRE,USD,172874.77,MX,SETTLED
PAY-00002424,CLIENT-0460,ACC-001358,2025-05-24,INBOUND,SWIFT,USD,65952.88,IE,PENDING
PAY-00002425,CLIENT-0449,ACC-001322,2025-04-08,INBOUND,SWIFT,USD,150187.53,FR,SETTLED
PAY-00002426,CLIENT-0169,ACC-000512,2026-01-25,OUTBOUND,SWIFT,USD,10170.26,AU,SETTLED
PAY-00002427,CLIENT-0482,ACC-001431,2025-12-17,OUTBOUND,WIRE,USD,152744.57,JP,SETTLED
PAY-00002428,CLIENT-0099,ACC-000286,2025-09-13,INBOUND,SWIFT,USD,82132.14,CA,PENDING
PAY-00002429,CLIENT-0131,ACC-000391,2024-06-12,OUTBOUND,SEPA,AUD,119638.31,US,SETTLED
PAY-00002430,CLIENT-0440,ACC-001298,2025-06-23,INBOUND,REAL_TIME_PAYMENT,CAD,2390.93,CA,SETTLED
PAY-00002431,CLIENT-0384,ACC-001117,2026-02-20,OUTBOUND,REAL_TIME_PAYMENT,USD,13673.47,CH,SETTLED
PAY-00002432,CLIENT-0298,ACC-000879,2026-05-15,OUTBOUND,FX_TRANSFER,USD,12850.97,IN,SETTLED
PAY-00002433,CLIENT-0442,ACC-001307,2026-07-31,OUTBOUND,REAL_TIME_PAYMENT,CAD,1385.77,IE,SETTLED
PAY-00002434,CLIENT-0031,ACC-000084,2024-12-03,INBOUND,WIRE,EUR,191231.56,SG,SETTLED
PAY-00002435,CLIENT-0373,ACC-001086,2026-06-26,OUTBOUND,SEPA,USD,48870.74,IN,PENDING
PAY-00002436,CLIENT-0127,ACC-000379,2026-02-01,OUTBOUND,SWIFT,USD,21759.10,CH,SETTLED
PAY-00002437,CLIENT-0214,ACC-000639,2026-04-22,INBOUND,WIRE,USD,211423.44,AE,SETTLED
PAY-00002438,CLIENT-0156,ACC-000470,2025-06-22,INBOUND,REAL_TIME_PAYMENT,USD,138121.86,FR,SETTLED
PAY-00002439,CLIENT-0491,ACC-001466,2026-06-24,INBOUND,BOOK_TRANSFER,USD,182320.76,FR,SETTLED
PAY-00002440,CLIENT-0232,ACC-000694,2025-03-05,INBOUND,WIRE,EUR,216101.75,GB,SETTLED
PAY-00002441,CLIENT-0085,ACC-000239,2026-06-22,INBOUND,FX_TRANSFER,USD,10439.88,BR,SETTLED
PAY-00002442,CLIENT-0343,ACC-001004,2024-09-25,INBOUND,BOOK_TRANSFER,USD,114480.82,IE,SETTLED
PAY-00002443,CLIENT-0449,ACC-001323,2026-05-14,OUTBOUND,SWIFT,USD,50085.48,US,SETTLED
PAY-00002444,CLIENT-0112,ACC-000325,2025-12-30,INBOUND,WIRE,USD,33167.71,US,SETTLED
PAY-00002445,CLIENT-0323,ACC-000947,2025-04-05,INBOUND,BOOK_TRANSFER,CHF,179020.55,SG,REJECTED
PAY-00002446,CLIENT-0046,ACC-000122,2024-11-26,OUTBOUND,SEPA,CHF,9391.12,NL,PENDING
PAY-00002447,CLIENT-0382,ACC-001110,2026-01-06,OUTBOUND,WIRE,USD,90369.62,DE,SETTLED
PAY-00002448,CLIENT-0419,ACC-001241,2026-03-09,INBOUND,REAL_TIME_PAYMENT,GBP,40600.26,SG,SETTLED
PAY-00002449,CLIENT-0238,ACC-000716,2025-04-27,OUTBOUND,WIRE,USD,141165.31,FR,SETTLED
PAY-00002450,CLIENT-0056,ACC-000158,2024-07-02,OUTBOUND,SEPA,AUD,239783.34,FR,SETTLED
PAY-00002451,CLIENT-0265,ACC-000793,2026-03-24,OUTBOUND,WIRE,USD,233223.55,SG,SETTLED
PAY-00002452,CLIENT-0229,ACC-000684,2025-08-25,OUTBOUND,SEPA,USD,30947.19,DE,SETTLED
PAY-00002453,CLIENT-0411,ACC-001210,2026-06-29,INBOUND,WIRE,USD,132194.15,CH,SETTLED
PAY-00002454,CLIENT-0493,ACC-001471,2024-10-16,INBOUND,SEPA,USD,429.69,JP,PENDING
PAY-00002455,CLIENT-0332,ACC-000974,2024-08-07,OUTBOUND,SEPA,USD,19687.76,CA,SETTLED
PAY-00002456,CLIENT-0240,ACC-000725,2025-07-20,OUTBOUND,ACH,USD,1276.27,MX,SETTLED
PAY-00002457,CLIENT-0051,ACC-000140,2026-05-25,OUTBOUND,WIRE,USD,196746.44,DE,SETTLED
PAY-00002458,CLIENT-0356,ACC-001046,2026-06-11,INBOUND,ACH,SGD,76585.07,IE,PENDING
PAY-00002459,CLIENT-0288,ACC-000854,2025-09-04,OUTBOUND,ACH,EUR,161830.98,SG,SETTLED
PAY-00002460,CLIENT-0115,ACC-000334,2024-11-27,OUTBOUND,REAL_TIME_PAYMENT,USD,11770.86,IN,RETURNED
PAY-00002461,CLIENT-0307,ACC-000905,2025-07-29,OUTBOUND,REAL_TIME_PAYMENT,USD,135469.86,NL,SETTLED
PAY-00002462,CLIENT-0076,ACC-000214,2026-02-16,INBOUND,FX_TRANSFER,USD,47947.39,SG,SETTLED
PAY-00002463,CLIENT-0122,ACC-000359,2025-04-12,INBOUND,CARD,USD,166356.64,US,SETTLED
PAY-00002464,CLIENT-0489,ACC-001458,2026-06-07,OUTBOUND,REAL_TIME_PAYMENT,GBP,232720.35,SG,SETTLED
PAY-00002465,CLIENT-0285,ACC-000843,2026-05-26,INBOUND,BOOK_TRANSFER,BRL,1071.66,GB,SETTLED
PAY-00002466,CLIENT-0323,ACC-000949,2024-09-25,OUTBOUND,CARD,USD,132913.49,DE,SETTLED
PAY-00002467,CLIENT-0341,ACC-000997,2025-06-24,INBOUND,SWIFT,MXN,4406.15,GB,SETTLED
PAY-00002468,CLIENT-0184,ACC-000552,2026-06-07,INBOUND,BOOK_TRANSFER,USD,10143.94,SG,SETTLED
PAY-00002469,CLIENT-0284,ACC-000840,2025-06-06,OUTBOUND,SWIFT,USD,37478.17,AE,SETTLED
PAY-00002470,CLIENT-0113,ACC-000328,2025-05-10,INBOUND,SWIFT,USD,129474.67,JP,SETTLED
PAY-00002471,CLIENT-0457,ACC-001352,2025-09-15,INBOUND,SWIFT,EUR,4199.51,AU,SETTLED
PAY-00002472,CLIENT-0247,ACC-000745,2026-06-07,OUTBOUND,CARD,MXN,118416.65,GB,PENDING
PAY-00002473,CLIENT-0154,ACC-000463,2024-05-31,INBOUND,BOOK_TRANSFER,USD,5033.83,US,SETTLED
PAY-00002474,CLIENT-0051,ACC-000138,2026-06-14,INBOUND,ACH,USD,50777.23,JP,PENDING
PAY-00002475,CLIENT-0382,ACC-001112,2025-11-17,INBOUND,CARD,USD,105002.63,AU,SETTLED
PAY-00002476,CLIENT-0064,ACC-000176,2025-02-03,INBOUND,REAL_TIME_PAYMENT,USD,22687.70,AU,SETTLED
PAY-00002477,CLIENT-0167,ACC-000504,2025-03-20,OUTBOUND,BOOK_TRANSFER,USD,143487.67,DE,SETTLED
PAY-00002478,CLIENT-0126,ACC-000375,2025-06-14,OUTBOUND,ACH,CAD,1138.23,AU,SETTLED
PAY-00002479,CLIENT-0371,ACC-001081,2024-05-20,OUTBOUND,FX_TRANSFER,CAD,199143.43,AU,SETTLED
PAY-00002480,CLIENT-0415,ACC-001226,2025-09-27,OUTBOUND,ACH,USD,2898.99,BR,SETTLED
PAY-00002481,CLIENT-0349,ACC-001023,2024-12-31,INBOUND,CARD,USD,199750.85,IE,SETTLED
PAY-00002482,CLIENT-0332,ACC-000974,2026-02-20,OUTBOUND,FX_TRANSFER,USD,7231.67,NL,SETTLED
PAY-00002483,CLIENT-0081,ACC-000224,2025-07-10,OUTBOUND,REAL_TIME_PAYMENT,INR,211773.29,JP,SETTLED
PAY-00002484,CLIENT-0055,ACC-000154,2026-07-20,OUTBOUND,WIRE,BRL,218888.29,DE,SETTLED
PAY-00002485,CLIENT-0442,ACC-001305,2024-10-24,INBOUND,REAL_TIME_PAYMENT,BRL,247.98,AU,SETTLED
PAY-00002486,CLIENT-0116,ACC-000340,2026-03-16,INBOUND,FX_TRANSFER,SGD,1633.09,GB,SETTLED
PAY-00002487,CLIENT-0403,ACC-001185,2024-06-22,OUTBOUND,BOOK_TRANSFER,USD,195806.52,MX,SETTLED
PAY-00002488,CLIENT-0011,ACC-000024,2025-12-12,OUTBOUND,SWIFT,USD,9533.87,MX,SETTLED
PAY-00002489,CLIENT-0153,ACC-000460,2025-03-08,INBOUND,WIRE,USD,229452.40,JP,SETTLED
PAY-00002490,CLIENT-0013,ACC-000031,2025-08-03,OUTBOUND,ACH,USD,240776.23,IN,SETTLED
PAY-00002491,CLIENT-0430,ACC-001268,2025-11-28,OUTBOUND,CARD,INR,49821.83,SG,SETTLED
PAY-00002492,CLIENT-0202,ACC-000606,2025-11-24,OUTBOUND,REAL_TIME_PAYMENT,USD,220251.66,BR,SETTLED
PAY-00002493,CLIENT-0106,ACC-000305,2025-11-27,OUTBOUND,ACH,GBP,52212.45,CH,SETTLED
PAY-00002494,CLIENT-0219,ACC-000652,2025-03-13,INBOUND,CARD,USD,43713.14,AE,SETTLED
PAY-00002495,CLIENT-0232,ACC-000695,2026-04-08,OUTBOUND,ACH,USD,223318.65,GB,SETTLED
PAY-00002496,CLIENT-0394,ACC-001148,2025-11-24,OUTBOUND,FX_TRANSFER,USD,246895.96,CA,REJECTED
PAY-00002497,CLIENT-0048,ACC-000129,2026-06-19,OUTBOUND,FX_TRANSFER,USD,68380.92,US,SETTLED
PAY-00002498,CLIENT-0187,ACC-000559,2026-03-19,OUTBOUND,WIRE,AED,3178.27,BR,SETTLED
PAY-00002499,CLIENT-0112,ACC-000327,2025-12-01,OUTBOUND,ACH,EUR,185380.98,GB,SETTLED
PAY-00002500,CLIENT-0280,ACC-000833,2026-04-04,OUTBOUND,FX_TRANSFER,EUR,168453.72,AE,PENDING
PAY-00002501,CLIENT-0287,ACC-000850,2026-07-15,OUTBOUND,FX_TRANSFER,USD,7341.73,AU,SETTLED
PAY-00002502,CLIENT-0278,ACC-000829,2025-07-16,OUTBOUND,SEPA,USD,11995.20,AE,SETTLED
PAY-00002503,CLIENT-0411,ACC-001209,2026-06-05,INBOUND,WIRE,USD,125188.08,IE,SETTLED
PAY-00002504,CLIENT-0291,ACC-000865,2026-01-04,OUTBOUND,SWIFT,EUR,131678.13,GB,SETTLED
PAY-00002505,CLIENT-0086,ACC-000242,2026-02-10,OUTBOUND,CARD,USD,14219.71,SG,SETTLED
PAY-00002506,CLIENT-0244,ACC-000735,2026-07-28,OUTBOUND,FX_TRANSFER,EUR,6619.01,CH,SETTLED
PAY-00002507,CLIENT-0188,ACC-000563,2025-05-19,OUTBOUND,REAL_TIME_PAYMENT,EUR,33994.39,US,RETURNED
PAY-00002508,CLIENT-0142,ACC-000424,2026-07-17,INBOUND,ACH,USD,204518.85,AE,SETTLED
PAY-00002509,CLIENT-0067,ACC-000187,2026-05-21,INBOUND,REAL_TIME_PAYMENT,USD,136242.08,AE,REJECTED
PAY-00002510,CLIENT-0282,ACC-000837,2026-02-23,OUTBOUND,CARD,EUR,1649.35,CH,PENDING
PAY-00002511,CLIENT-0087,ACC-000245,2026-03-20,INBOUND,BOOK_TRANSFER,EUR,135900.63,US,SETTLED
PAY-00002512,CLIENT-0430,ACC-001268,2025-01-19,OUTBOUND,CARD,INR,60583.14,CA,SETTLED
PAY-00002513,CLIENT-0397,ACC-001161,2025-09-02,OUTBOUND,SWIFT,USD,31266.16,MX,SETTLED
PAY-00002514,CLIENT-0015,ACC-000035,2026-06-18,OUTBOUND,ACH,USD,41570.03,NL,SETTLED
PAY-00002515,CLIENT-0465,ACC-001374,2025-05-23,INBOUND,SEPA,USD,7344.94,BR,REJECTED
PAY-00002516,CLIENT-0478,ACC-001416,2024-10-13,OUTBOUND,FX_TRANSFER,CAD,190134.69,SG,SETTLED
PAY-00002517,CLIENT-0368,ACC-001073,2025-08-04,INBOUND,SWIFT,USD,201451.00,CA,SETTLED
PAY-00002518,CLIENT-0480,ACC-001423,2025-02-26,OUTBOUND,CARD,USD,4145.70,CH,SETTLED
PAY-00002519,CLIENT-0403,ACC-001181,2024-05-04,OUTBOUND,WIRE,USD,75234.50,JP,SETTLED
PAY-00002520,CLIENT-0150,ACC-000451,2026-07-23,INBOUND,ACH,USD,93290.19,NL,PENDING
PAY-00002521,CLIENT-0158,ACC-000478,2024-07-13,OUTBOUND,BOOK_TRANSFER,AUD,114753.05,US,SETTLED
PAY-00002522,CLIENT-0412,ACC-001214,2026-07-19,OUTBOUND,SWIFT,SGD,8877.61,CH,PENDING
PAY-00002523,CLIENT-0341,ACC-000999,2025-09-27,OUTBOUND,CARD,USD,9958.11,DE,SETTLED
PAY-00002524,CLIENT-0480,ACC-001423,2026-03-18,INBOUND,SEPA,USD,12360.78,IE,SETTLED
PAY-00002525,CLIENT-0409,ACC-001200,2026-07-30,OUTBOUND,SEPA,USD,208090.30,CA,SETTLED
PAY-00002526,CLIENT-0471,ACC-001394,2025-02-01,INBOUND,SEPA,CHF,29872.22,NL,SETTLED
PAY-00002527,CLIENT-0167,ACC-000505,2026-07-05,INBOUND,ACH,USD,16143.03,AU,SETTLED
PAY-00002528,CLIENT-0347,ACC-001017,2024-08-13,OUTBOUND,BOOK_TRANSFER,INR,120305.92,CH,SETTLED
PAY-00002529,CLIENT-0261,ACC-000783,2024-06-10,INBOUND,REAL_TIME_PAYMENT,GBP,23548.64,JP,SETTLED
PAY-00002530,CLIENT-0212,ACC-000631,2026-03-16,INBOUND,SWIFT,USD,8912.92,BR,RETURNED
PAY-00002531,CLIENT-0452,ACC-001336,2026-05-25,OUTBOUND,SEPA,USD,144978.49,CH,PENDING
PAY-00002532,CLIENT-0394,ACC-001146,2025-04-18,OUTBOUND,FX_TRANSFER,USD,244026.87,AU,SETTLED
PAY-00002533,CLIENT-0112,ACC-000326,2024-06-17,OUTBOUND,SEPA,USD,135017.34,FR,SETTLED
PAY-00002534,CLIENT-0125,ACC-000372,2026-05-14,INBOUND,REAL_TIME_PAYMENT,USD,242909.76,MX,SETTLED
PAY-00002535,CLIENT-0229,ACC-000683,2024-11-25,INBOUND,SWIFT,EUR,156654.30,SG,SETTLED
PAY-00002536,CLIENT-0400,ACC-001172,2024-04-24,INBOUND,SEPA,USD,169614.11,JP,SETTLED
PAY-00002537,CLIENT-0440,ACC-001301,2026-04-06,INBOUND,REAL_TIME_PAYMENT,USD,5207.59,SG,SETTLED
PAY-00002538,CLIENT-0097,ACC-000280,2024-11-13,INBOUND,SEPA,EUR,177770.68,CH,SETTLED
PAY-00002539,CLIENT-0343,ACC-001003,2025-08-17,INBOUND,CARD,USD,232478.90,IN,SETTLED
PAY-00002540,CLIENT-0277,ACC-000827,2026-01-12,OUTBOUND,SEPA,CAD,4590.93,CH,SETTLED
PAY-00002541,CLIENT-0395,ACC-001154,2026-04-12,INBOUND,ACH,AED,107614.71,IN,SETTLED
PAY-00002542,CLIENT-0394,ACC-001146,2025-09-01,OUTBOUND,ACH,USD,231830.68,BR,SETTLED
PAY-00002543,CLIENT-0067,ACC-000186,2025-12-21,INBOUND,WIRE,USD,10194.98,SG,SETTLED
PAY-00002544,CLIENT-0138,ACC-000411,2026-04-17,OUTBOUND,SEPA,MXN,1783.83,NL,SETTLED
PAY-00002545,CLIENT-0111,ACC-000322,2026-03-16,INBOUND,WIRE,USD,1731.18,NL,PENDING
PAY-00002546,CLIENT-0485,ACC-001440,2025-08-19,INBOUND,BOOK_TRANSFER,USD,191.91,IE,SETTLED
PAY-00002547,CLIENT-0018,ACC-000047,2024-10-22,OUTBOUND,CARD,SGD,16559.41,NL,SETTLED
PAY-00002548,CLIENT-0446,ACC-001315,2024-12-24,OUTBOUND,BOOK_TRANSFER,SGD,198140.00,GB,SETTLED
PAY-00002549,CLIENT-0308,ACC-000908,2026-04-27,OUTBOUND,FX_TRANSFER,EUR,154203.00,AE,SETTLED
PAY-00002550,CLIENT-0449,ACC-001324,2026-07-16,INBOUND,FX_TRANSFER,USD,58019.22,MX,SETTLED
PAY-00002551,CLIENT-0103,ACC-000292,2025-11-09,OUTBOUND,SWIFT,USD,84326.21,IE,SETTLED
PAY-00002552,CLIENT-0267,ACC-000797,2025-10-18,INBOUND,ACH,USD,10698.84,AU,RETURNED
PAY-00002553,CLIENT-0439,ACC-001296,2025-08-16,OUTBOUND,WIRE,MXN,71554.83,US,SETTLED
PAY-00002554,CLIENT-0478,ACC-001416,2026-06-16,OUTBOUND,CARD,CAD,105104.62,BR,SETTLED
PAY-00002555,CLIENT-0447,ACC-001318,2025-06-02,OUTBOUND,ACH,USD,102117.82,NL,RETURNED
PAY-00002556,CLIENT-0392,ACC-001141,2025-12-02,INBOUND,BOOK_TRANSFER,USD,92865.38,IE,SETTLED
PAY-00002557,CLIENT-0164,ACC-000495,2025-11-10,OUTBOUND,FX_TRANSFER,USD,165708.10,US,SETTLED
PAY-00002558,CLIENT-0446,ACC-001316,2025-11-16,INBOUND,WIRE,USD,74137.83,NL,SETTLED
PAY-00002559,CLIENT-0163,ACC-000493,2026-05-03,OUTBOUND,SEPA,INR,232346.03,CA,SETTLED
PAY-00002560,CLIENT-0307,ACC-000905,2026-01-03,OUTBOUND,BOOK_TRANSFER,USD,86955.87,SG,SETTLED
PAY-00002561,CLIENT-0328,ACC-000965,2026-01-22,INBOUND,WIRE,USD,71060.12,IE,SETTLED
PAY-00002562,CLIENT-0494,ACC-001474,2025-09-03,INBOUND,CARD,USD,63367.74,NL,SETTLED
PAY-00002563,CLIENT-0369,ACC-001076,2026-07-29,OUTBOUND,SEPA,USD,181510.56,IE,SETTLED
PAY-00002564,CLIENT-0467,ACC-001383,2026-06-07,OUTBOUND,ACH,USD,3536.83,CH,SETTLED
PAY-00002565,CLIENT-0422,ACC-001246,2025-11-03,OUTBOUND,BOOK_TRANSFER,EUR,190802.62,NL,SETTLED
PAY-00002566,CLIENT-0214,ACC-000639,2026-07-27,OUTBOUND,SWIFT,USD,131904.37,CH,SETTLED
PAY-00002567,CLIENT-0459,ACC-001356,2025-06-11,INBOUND,SEPA,USD,13382.88,DE,SETTLED
PAY-00002568,CLIENT-0121,ACC-000358,2025-05-21,OUTBOUND,REAL_TIME_PAYMENT,USD,7081.43,CA,SETTLED
PAY-00002569,CLIENT-0308,ACC-000907,2026-05-10,INBOUND,REAL_TIME_PAYMENT,USD,8370.15,GB,PENDING
PAY-00002570,CLIENT-0157,ACC-000474,2024-07-26,OUTBOUND,REAL_TIME_PAYMENT,USD,155439.81,US,SETTLED
PAY-00002571,CLIENT-0379,ACC-001101,2026-07-07,OUTBOUND,SWIFT,EUR,4879.07,GB,SETTLED
PAY-00002572,CLIENT-0189,ACC-000566,2026-07-26,INBOUND,FX_TRANSFER,USD,987.49,DE,SETTLED
PAY-00002573,CLIENT-0183,ACC-000550,2025-12-31,OUTBOUND,BOOK_TRANSFER,USD,6989.67,BR,SETTLED
PAY-00002574,CLIENT-0109,ACC-000313,2025-06-30,OUTBOUND,SWIFT,USD,221918.16,FR,PENDING
PAY-00002575,CLIENT-0483,ACC-001435,2026-04-12,INBOUND,FX_TRANSFER,CAD,11974.66,IN,SETTLED
PAY-00002576,CLIENT-0253,ACC-000762,2026-07-28,OUTBOUND,SEPA,USD,9876.67,GB,SETTLED
PAY-00002577,CLIENT-0418,ACC-001237,2026-02-02,OUTBOUND,SWIFT,USD,225945.04,FR,REJECTED
PAY-00002578,CLIENT-0027,ACC-000072,2026-05-13,OUTBOUND,FX_TRANSFER,USD,112534.66,SG,SETTLED
PAY-00002579,CLIENT-0355,ACC-001040,2024-12-04,OUTBOUND,FX_TRANSFER,USD,36876.88,DE,SETTLED
PAY-00002580,CLIENT-0365,ACC-001065,2024-07-17,INBOUND,WIRE,CAD,5767.30,FR,SETTLED
PAY-00002581,CLIENT-0106,ACC-000303,2026-06-19,INBOUND,BOOK_TRANSFER,EUR,213567.27,CH,REJECTED
PAY-00002582,CLIENT-0306,ACC-000901,2025-07-21,OUTBOUND,SEPA,EUR,11462.71,BR,SETTLED
PAY-00002583,CLIENT-0291,ACC-000864,2026-06-24,OUTBOUND,CARD,EUR,202199.32,CH,SETTLED
PAY-00002584,CLIENT-0271,ACC-000810,2026-03-20,OUTBOUND,CARD,EUR,134607.28,BR,SETTLED
PAY-00002585,CLIENT-0055,ACC-000154,2024-10-19,INBOUND,SWIFT,BRL,65546.67,DE,SETTLED
PAY-00002586,CLIENT-0273,ACC-000818,2025-06-22,INBOUND,WIRE,USD,13798.31,BR,SETTLED
PAY-00002587,CLIENT-0455,ACC-001343,2025-09-14,INBOUND,SWIFT,EUR,121178.15,CH,SETTLED
PAY-00002588,CLIENT-0231,ACC-000692,2026-06-01,OUTBOUND,SWIFT,EUR,1292.10,CH,SETTLED
PAY-00002589,CLIENT-0476,ACC-001407,2025-09-22,INBOUND,SWIFT,EUR,7536.53,BR,SETTLED
PAY-00002590,CLIENT-0059,ACC-000163,2026-07-26,INBOUND,FX_TRANSFER,MXN,8871.82,CA,SETTLED
PAY-00002591,CLIENT-0196,ACC-000584,2025-11-13,OUTBOUND,REAL_TIME_PAYMENT,USD,226825.83,BR,SETTLED
PAY-00002592,CLIENT-0148,ACC-000447,2025-11-10,OUTBOUND,BOOK_TRANSFER,SGD,66838.78,CA,SETTLED
PAY-00002593,CLIENT-0425,ACC-001254,2025-12-16,OUTBOUND,FX_TRANSFER,USD,49165.93,IE,SETTLED
PAY-00002594,CLIENT-0445,ACC-001311,2025-11-20,OUTBOUND,SEPA,USD,227768.28,AU,SETTLED
PAY-00002595,CLIENT-0275,ACC-000821,2026-01-11,INBOUND,SWIFT,EUR,154656.07,GB,SETTLED
PAY-00002596,CLIENT-0305,ACC-000895,2024-11-01,OUTBOUND,CARD,USD,11129.54,CA,SETTLED
PAY-00002597,CLIENT-0135,ACC-000402,2026-07-03,OUTBOUND,BOOK_TRANSFER,USD,7077.40,JP,SETTLED
PAY-00002598,CLIENT-0053,ACC-000145,2025-11-26,INBOUND,WIRE,USD,127506.18,CA,SETTLED
PAY-00002599,CLIENT-0286,ACC-000846,2026-04-20,OUTBOUND,ACH,USD,236285.97,US,SETTLED
PAY-00002600,CLIENT-0070,ACC-000192,2026-07-31,OUTBOUND,SEPA,EUR,97311.82,NL,SETTLED
PAY-00002601,CLIENT-0386,ACC-001120,2026-07-20,OUTBOUND,BOOK_TRANSFER,USD,210082.52,AE,SETTLED
PAY-00002602,CLIENT-0158,ACC-000478,2024-05-19,INBOUND,BOOK_TRANSFER,AUD,49709.55,GB,SETTLED
PAY-00002603,CLIENT-0220,ACC-000657,2026-07-03,INBOUND,SWIFT,USD,211552.85,JP,SETTLED
PAY-00002604,CLIENT-0483,ACC-001432,2026-04-10,INBOUND,WIRE,USD,10718.61,CA,SETTLED
PAY-00002605,CLIENT-0188,ACC-000565,2024-08-02,INBOUND,REAL_TIME_PAYMENT,USD,137009.67,DE,SETTLED
PAY-00002606,CLIENT-0483,ACC-001435,2025-05-14,OUTBOUND,SEPA,CAD,5852.42,CH,SETTLED
PAY-00002607,CLIENT-0307,ACC-000904,2024-05-05,OUTBOUND,SWIFT,USD,208639.86,IE,SETTLED
PAY-00002608,CLIENT-0064,ACC-000176,2024-05-24,OUTBOUND,BOOK_TRANSFER,USD,7729.34,GB,SETTLED
PAY-00002609,CLIENT-0123,ACC-000368,2026-04-16,INBOUND,REAL_TIME_PAYMENT,USD,187847.47,IE,SETTLED
PAY-00002610,CLIENT-0298,ACC-000881,2026-02-24,INBOUND,SEPA,USD,9264.07,GB,SETTLED
PAY-00002611,CLIENT-0097,ACC-000279,2025-11-01,INBOUND,SWIFT,EUR,118510.79,NL,SETTLED
PAY-00002612,CLIENT-0053,ACC-000145,2024-09-13,OUTBOUND,ACH,USD,55519.19,IN,SETTLED
PAY-00002613,CLIENT-0425,ACC-001254,2026-07-29,INBOUND,WIRE,USD,197576.66,IN,SETTLED
PAY-00002614,CLIENT-0411,ACC-001207,2026-02-10,OUTBOUND,CARD,MXN,83778.74,FR,SETTLED
PAY-00002615,CLIENT-0478,ACC-001415,2026-02-12,OUTBOUND,REAL_TIME_PAYMENT,SGD,220160.52,SG,PENDING
PAY-00002616,CLIENT-0220,ACC-000653,2026-06-21,OUTBOUND,REAL_TIME_PAYMENT,EUR,193861.89,JP,SETTLED
PAY-00002617,CLIENT-0146,ACC-000436,2026-05-26,INBOUND,ACH,CAD,109839.70,JP,SETTLED
PAY-00002618,CLIENT-0012,ACC-000029,2025-10-08,OUTBOUND,ACH,USD,1543.89,FR,RETURNED
PAY-00002619,CLIENT-0309,ACC-000912,2024-08-21,INBOUND,SEPA,USD,225451.96,IN,SETTLED
PAY-00002620,CLIENT-0302,ACC-000889,2026-07-21,INBOUND,ACH,EUR,44036.92,IE,SETTLED
PAY-00002621,CLIENT-0156,ACC-000473,2026-02-11,OUTBOUND,FX_TRANSFER,USD,187301.88,AE,SETTLED
PAY-00002622,CLIENT-0188,ACC-000562,2025-01-31,INBOUND,BOOK_TRANSFER,GBP,247878.36,GB,SETTLED
PAY-00002623,CLIENT-0096,ACC-000271,2025-10-27,INBOUND,CARD,JPY,4505.60,AE,SETTLED
PAY-00002624,CLIENT-0074,ACC-000208,2025-05-03,INBOUND,CARD,USD,156373.58,AE,SETTLED
PAY-00002625,CLIENT-0418,ACC-001237,2025-03-02,INBOUND,WIRE,USD,48273.47,CA,SETTLED
PAY-00002626,CLIENT-0125,ACC-000373,2025-06-27,INBOUND,SWIFT,USD,117253.99,IN,PENDING
PAY-00002627,CLIENT-0306,ACC-000899,2024-01-07,OUTBOUND,WIRE,GBP,8706.74,IN,SETTLED
PAY-00002628,CLIENT-0019,ACC-000051,2026-05-15,OUTBOUND,CARD,BRL,6211.13,IE,SETTLED
PAY-00002629,CLIENT-0028,ACC-000077,2025-05-26,INBOUND,SEPA,USD,171144.01,MX,SETTLED
PAY-00002630,CLIENT-0427,ACC-001261,2025-08-23,INBOUND,BOOK_TRANSFER,USD,184267.17,BR,SETTLED
PAY-00002631,CLIENT-0144,ACC-000430,2026-02-19,OUTBOUND,WIRE,EUR,7856.88,US,SETTLED
PAY-00002632,CLIENT-0074,ACC-000207,2026-06-08,OUTBOUND,CARD,AED,73796.90,AE,PENDING
PAY-00002633,CLIENT-0395,ACC-001153,2025-05-26,OUTBOUND,SWIFT,USD,120183.36,JP,SETTLED
PAY-00002634,CLIENT-0174,ACC-000527,2026-06-05,OUTBOUND,WIRE,USD,240972.57,AU,SETTLED
PAY-00002635,CLIENT-0001,ACC-000005,2026-04-11,INBOUND,REAL_TIME_PAYMENT,AED,149555.30,BR,SETTLED
PAY-00002636,CLIENT-0397,ACC-001159,2024-10-21,INBOUND,SWIFT,USD,197533.79,CH,SETTLED
PAY-00002637,CLIENT-0390,ACC-001135,2026-07-11,INBOUND,FX_TRANSFER,EUR,3826.85,CH,SETTLED
PAY-00002638,CLIENT-0446,ACC-001313,2024-12-09,INBOUND,ACH,USD,162571.16,AU,SETTLED
PAY-00002639,CLIENT-0434,ACC-001277,2025-04-22,INBOUND,CARD,USD,124600.93,IN,SETTLED
PAY-00002640,CLIENT-0002,ACC-000006,2025-07-02,OUTBOUND,SEPA,USD,21055.14,NL,PENDING
PAY-00002641,CLIENT-0321,ACC-000943,2026-04-08,OUTBOUND,WIRE,USD,97736.31,BR,SETTLED
PAY-00002642,CLIENT-0330,ACC-000969,2025-07-29,OUTBOUND,BOOK_TRANSFER,EUR,99909.49,BR,SETTLED
PAY-00002643,CLIENT-0431,ACC-001270,2025-08-19,OUTBOUND,ACH,USD,6575.73,MX,SETTLED
PAY-00002644,CLIENT-0470,ACC-001390,2025-04-11,OUTBOUND,WIRE,INR,14346.13,SG,SETTLED
PAY-00002645,CLIENT-0092,ACC-000261,2026-07-31,OUTBOUND,SEPA,AUD,110484.33,AU,SETTLED
PAY-00002646,CLIENT-0416,ACC-001230,2025-12-08,OUTBOUND,ACH,CAD,176472.40,IN,SETTLED
PAY-00002647,CLIENT-0236,ACC-000708,2026-02-16,INBOUND,FX_TRANSFER,USD,12593.34,IN,SETTLED
PAY-00002648,CLIENT-0466,ACC-001378,2026-02-12,INBOUND,BOOK_TRANSFER,INR,73272.20,GB,SETTLED
PAY-00002649,CLIENT-0333,ACC-000975,2025-03-26,OUTBOUND,SWIFT,EUR,158384.79,BR,SETTLED
PAY-00002650,CLIENT-0414,ACC-001222,2025-01-20,OUTBOUND,FX_TRANSFER,EUR,6631.79,IE,SETTLED
PAY-00002651,CLIENT-0295,ACC-000870,2025-12-13,OUTBOUND,SEPA,GBP,130076.52,NL,RETURNED
PAY-00002652,CLIENT-0197,ACC-000587,2026-05-27,OUTBOUND,WIRE,USD,130391.62,FR,SETTLED
PAY-00002653,CLIENT-0237,ACC-000713,2026-06-03,OUTBOUND,SWIFT,CAD,103159.40,IN,PENDING
PAY-00002654,CLIENT-0208,ACC-000619,2026-07-20,INBOUND,REAL_TIME_PAYMENT,AED,208281.27,JP,SETTLED
PAY-00002655,CLIENT-0190,ACC-000569,2026-05-19,OUTBOUND,FX_TRANSFER,AUD,47.32,AE,PENDING
PAY-00002656,CLIENT-0474,ACC-001402,2026-03-24,INBOUND,BOOK_TRANSFER,USD,12881.73,BR,SETTLED
PAY-00002657,CLIENT-0158,ACC-000479,2026-05-13,INBOUND,SEPA,USD,110682.17,IN,REJECTED
PAY-00002658,CLIENT-0446,ACC-001316,2025-10-19,INBOUND,ACH,USD,179708.38,CA,SETTLED
PAY-00002659,CLIENT-0015,ACC-000037,2025-10-30,INBOUND,CARD,EUR,36461.11,NL,REJECTED
PAY-00002660,CLIENT-0334,ACC-000978,2025-10-29,INBOUND,ACH,USD,111270.44,CA,SETTLED
PAY-00002661,CLIENT-0179,ACC-000538,2025-12-15,INBOUND,BOOK_TRANSFER,AUD,211975.58,CH,SETTLED
PAY-00002662,CLIENT-0239,ACC-000720,2025-09-16,INBOUND,WIRE,EUR,37298.40,GB,SETTLED
PAY-00002663,CLIENT-0431,ACC-001273,2026-05-07,OUTBOUND,FX_TRANSFER,USD,14909.97,DE,SETTLED
PAY-00002664,CLIENT-0406,ACC-001193,2026-06-06,INBOUND,REAL_TIME_PAYMENT,EUR,2534.44,IE,PENDING
PAY-00002665,CLIENT-0449,ACC-001326,2026-05-19,INBOUND,CARD,USD,230250.69,AE,SETTLED
PAY-00002666,CLIENT-0478,ACC-001417,2025-08-01,OUTBOUND,BOOK_TRANSFER,USD,97124.32,US,SETTLED
PAY-00002667,CLIENT-0452,ACC-001335,2026-06-15,OUTBOUND,WIRE,USD,118753.28,AU,SETTLED
PAY-00002668,CLIENT-0222,ACC-000663,2024-01-22,OUTBOUND,BOOK_TRANSFER,EUR,177924.01,US,SETTLED
PAY-00002669,CLIENT-0406,ACC-001193,2026-05-24,OUTBOUND,WIRE,EUR,104999.80,CH,SETTLED
PAY-00002670,CLIENT-0041,ACC-000114,2025-08-15,OUTBOUND,BOOK_TRANSFER,USD,1116.57,SG,SETTLED
PAY-00002671,CLIENT-0073,ACC-000203,2026-01-07,OUTBOUND,SWIFT,EUR,9087.66,AU,SETTLED
PAY-00002672,CLIENT-0434,ACC-001277,2026-01-16,INBOUND,WIRE,USD,182821.73,CA,SETTLED
PAY-00002673,CLIENT-0261,ACC-000784,2025-03-04,OUTBOUND,FX_TRANSFER,GBP,55909.97,FR,PENDING
PAY-00002674,CLIENT-0242,ACC-000728,2025-03-11,INBOUND,BOOK_TRANSFER,USD,117224.58,DE,PENDING
PAY-00002675,CLIENT-0379,ACC-001102,2025-06-04,OUTBOUND,SWIFT,USD,13659.34,CA,SETTLED
PAY-00002676,CLIENT-0067,ACC-000185,2026-06-30,OUTBOUND,ACH,USD,17313.13,IN,SETTLED
PAY-00002677,CLIENT-0172,ACC-000522,2025-12-30,OUTBOUND,CARD,EUR,71548.39,FR,SETTLED
PAY-00002678,CLIENT-0294,ACC-000868,2025-12-06,OUTBOUND,CARD,EUR,102016.83,CH,SETTLED
PAY-00002679,CLIENT-0136,ACC-000405,2025-06-21,INBOUND,ACH,USD,12129.08,GB,SETTLED
PAY-00002680,CLIENT-0285,ACC-000844,2025-01-27,OUTBOUND,ACH,EUR,8717.07,SG,SETTLED
PAY-00002681,CLIENT-0253,ACC-000758,2026-07-19,INBOUND,ACH,JPY,60984.50,AE,PENDING
PAY-00002682,CLIENT-0248,ACC-000748,2024-12-27,OUTBOUND,ACH,INR,13654.28,IN,SETTLED
PAY-00002683,CLIENT-0327,ACC-000962,2026-01-01,INBOUND,FX_TRANSFER,USD,195303.53,GB,SETTLED
PAY-00002684,CLIENT-0122,ACC-000362,2026-03-11,OUTBOUND,BOOK_TRANSFER,USD,203379.91,FR,SETTLED
PAY-00002685,CLIENT-0010,ACC-000019,2024-02-05,INBOUND,FX_TRANSFER,CAD,130418.91,AE,SETTLED
PAY-00002686,CLIENT-0427,ACC-001261,2026-03-18,INBOUND,WIRE,USD,16652.45,GB,SETTLED
PAY-00002687,CLIENT-0049,ACC-000136,2026-06-06,OUTBOUND,ACH,EUR,148343.37,AE,RETURNED
PAY-00002688,CLIENT-0486,ACC-001447,2026-05-11,OUTBOUND,ACH,CHF,95399.83,US,SETTLED
PAY-00002689,CLIENT-0053,ACC-000146,2024-07-22,INBOUND,SEPA,MXN,72559.03,MX,SETTLED
PAY-00002690,CLIENT-0103,ACC-000295,2025-08-09,INBOUND,WIRE,USD,13697.88,FR,SETTLED
PAY-00002691,CLIENT-0149,ACC-000450,2025-04-19,OUTBOUND,REAL_TIME_PAYMENT,USD,185360.30,AU,SETTLED
PAY-00002692,CLIENT-0116,ACC-000340,2025-08-13,OUTBOUND,ACH,SGD,5060.97,CH,SETTLED
PAY-00002693,CLIENT-0219,ACC-000652,2025-09-08,INBOUND,FX_TRANSFER,USD,142842.83,GB,SETTLED
PAY-00002694,CLIENT-0345,ACC-001009,2025-12-29,OUTBOUND,REAL_TIME_PAYMENT,USD,2621.31,FR,SETTLED
PAY-00002695,CLIENT-0479,ACC-001421,2026-07-27,OUTBOUND,BOOK_TRANSFER,EUR,140078.36,FR,PENDING
PAY-00002696,CLIENT-0129,ACC-000382,2026-02-23,INBOUND,ACH,USD,14670.07,US,SETTLED
PAY-00002697,CLIENT-0260,ACC-000780,2026-03-29,INBOUND,CARD,USD,50231.85,CA,SETTLED
PAY-00002698,CLIENT-0109,ACC-000312,2025-03-02,INBOUND,FX_TRANSFER,INR,952.84,JP,SETTLED
PAY-00002699,CLIENT-0349,ACC-001024,2024-10-25,INBOUND,REAL_TIME_PAYMENT,USD,8579.96,FR,RETURNED
PAY-00002700,CLIENT-0351,ACC-001028,2025-06-30,INBOUND,BOOK_TRANSFER,EUR,5188.11,NL,RETURNED
PAY-00002701,CLIENT-0403,ACC-001183,2025-08-30,INBOUND,SEPA,USD,51891.07,SG,SETTLED
PAY-00002702,CLIENT-0361,ACC-001057,2026-06-17,INBOUND,SWIFT,USD,39384.09,AU,SETTLED
PAY-00002703,CLIENT-0321,ACC-000941,2025-02-12,OUTBOUND,WIRE,USD,227967.95,IE,SETTLED
PAY-00002704,CLIENT-0135,ACC-000402,2026-07-29,INBOUND,CARD,USD,11084.60,MX,SETTLED
PAY-00002705,CLIENT-0181,ACC-000547,2026-02-15,INBOUND,FX_TRANSFER,CAD,916.52,JP,SETTLED
PAY-00002706,CLIENT-0055,ACC-000152,2026-04-27,OUTBOUND,WIRE,EUR,35725.92,MX,SETTLED
PAY-00002707,CLIENT-0098,ACC-000283,2026-02-02,OUTBOUND,CARD,USD,248320.28,AE,SETTLED
PAY-00002708,CLIENT-0248,ACC-000748,2024-12-10,OUTBOUND,FX_TRANSFER,INR,202327.60,MX,SETTLED
PAY-00002709,CLIENT-0210,ACC-000626,2024-10-05,INBOUND,BOOK_TRANSFER,MXN,177903.22,AU,PENDING
PAY-00002710,CLIENT-0001,ACC-000001,2026-07-29,OUTBOUND,SWIFT,AED,171115.75,GB,SETTLED
PAY-00002711,CLIENT-0268,ACC-000799,2026-03-08,OUTBOUND,REAL_TIME_PAYMENT,EUR,178203.02,CH,SETTLED
PAY-00002712,CLIENT-0339,ACC-000990,2025-10-31,INBOUND,FX_TRANSFER,USD,201898.91,IE,SETTLED
PAY-00002713,CLIENT-0211,ACC-000629,2026-07-10,INBOUND,WIRE,USD,54010.80,BR,SETTLED
PAY-00002714,CLIENT-0352,ACC-001033,2024-04-25,INBOUND,SWIFT,INR,57256.78,CH,SETTLED
PAY-00002715,CLIENT-0371,ACC-001082,2025-08-09,INBOUND,BOOK_TRANSFER,USD,29633.50,AE,SETTLED
PAY-00002716,CLIENT-0398,ACC-001164,2025-05-25,INBOUND,SWIFT,USD,7192.84,NL,SETTLED
PAY-00002717,CLIENT-0423,ACC-001249,2026-07-08,INBOUND,REAL_TIME_PAYMENT,EUR,34331.71,US,SETTLED
PAY-00002718,CLIENT-0464,ACC-001370,2024-01-28,OUTBOUND,REAL_TIME_PAYMENT,USD,242692.67,AU,SETTLED
PAY-00002719,CLIENT-0406,ACC-001191,2026-06-25,OUTBOUND,ACH,USD,206501.32,BR,PENDING
PAY-00002720,CLIENT-0278,ACC-000829,2026-07-05,OUTBOUND,SEPA,USD,1573.87,SG,SETTLED
PAY-00002721,CLIENT-0252,ACC-000757,2024-08-11,OUTBOUND,FX_TRANSFER,USD,5321.72,US,SETTLED
PAY-00002722,CLIENT-0429,ACC-001265,2026-07-15,OUTBOUND,BOOK_TRANSFER,AED,119172.48,AE,SETTLED
PAY-00002723,CLIENT-0261,ACC-000784,2024-09-05,INBOUND,SWIFT,GBP,124444.11,NL,SETTLED
PAY-00002724,CLIENT-0067,ACC-000188,2025-12-17,INBOUND,WIRE,USD,186982.23,CA,SETTLED
PAY-00002725,CLIENT-0047,ACC-000126,2025-06-20,INBOUND,CARD,USD,181068.69,AU,SETTLED
PAY-00002726,CLIENT-0222,ACC-000663,2025-03-27,OUTBOUND,BOOK_TRANSFER,EUR,139510.97,FR,SETTLED
PAY-00002727,CLIENT-0109,ACC-000312,2025-08-07,OUTBOUND,BOOK_TRANSFER,INR,67300.82,MX,SETTLED
PAY-00002728,CLIENT-0188,ACC-000565,2026-06-03,OUTBOUND,SEPA,USD,198542.50,DE,SETTLED
PAY-00002729,CLIENT-0272,ACC-000814,2025-07-24,OUTBOUND,SWIFT,EUR,67922.04,AE,SETTLED
PAY-00002730,CLIENT-0197,ACC-000587,2024-10-30,OUTBOUND,SEPA,USD,116748.50,SG,SETTLED
PAY-00002731,CLIENT-0288,ACC-000855,2024-09-19,INBOUND,SWIFT,BRL,201583.11,DE,SETTLED
PAY-00002732,CLIENT-0085,ACC-000240,2024-07-12,INBOUND,REAL_TIME_PAYMENT,CAD,12150.17,CA,SETTLED
PAY-00002733,CLIENT-0340,ACC-000994,2025-10-02,INBOUND,SWIFT,USD,6995.81,US,SETTLED
PAY-00002734,CLIENT-0493,ACC-001472,2026-05-08,OUTBOUND,CARD,USD,6415.92,NL,SETTLED
PAY-00002735,CLIENT-0396,ACC-001157,2025-05-03,INBOUND,FX_TRANSFER,USD,92881.38,US,SETTLED
PAY-00002736,CLIENT-0120,ACC-000354,2025-09-28,INBOUND,REAL_TIME_PAYMENT,USD,26704.48,CH,SETTLED
PAY-00002737,CLIENT-0221,ACC-000661,2025-11-18,OUTBOUND,BOOK_TRANSFER,USD,162485.12,IN,PENDING
PAY-00002738,CLIENT-0359,ACC-001052,2025-02-16,OUTBOUND,SWIFT,AUD,88521.55,CA,SETTLED
PAY-00002739,CLIENT-0074,ACC-000208,2024-11-21,OUTBOUND,ACH,USD,227511.93,GB,SETTLED
PAY-00002740,CLIENT-0206,ACC-000615,2024-03-11,INBOUND,REAL_TIME_PAYMENT,USD,14915.64,GB,SETTLED
PAY-00002741,CLIENT-0177,ACC-000533,2026-04-11,OUTBOUND,BOOK_TRANSFER,USD,9993.53,NL,SETTLED
PAY-00002742,CLIENT-0470,ACC-001392,2024-06-29,OUTBOUND,BOOK_TRANSFER,USD,640.67,CH,SETTLED
PAY-00002743,CLIENT-0349,ACC-001024,2024-02-14,INBOUND,CARD,USD,52682.12,IE,SETTLED
PAY-00002744,CLIENT-0475,ACC-001405,2024-12-09,INBOUND,FX_TRANSFER,EUR,18102.29,GB,SETTLED
PAY-00002745,CLIENT-0180,ACC-000542,2026-07-12,OUTBOUND,BOOK_TRANSFER,USD,98797.73,DE,SETTLED
PAY-00002746,CLIENT-0195,ACC-000577,2026-06-22,INBOUND,WIRE,USD,6703.50,NL,PENDING
PAY-00002747,CLIENT-0449,ACC-001323,2025-04-17,OUTBOUND,WIRE,USD,83439.23,FR,SETTLED
PAY-00002748,CLIENT-0449,ACC-001325,2025-03-28,OUTBOUND,BOOK_TRANSFER,USD,88704.68,AE,SETTLED
PAY-00002749,CLIENT-0007,ACC-000013,2026-04-19,INBOUND,REAL_TIME_PAYMENT,USD,111392.36,JP,SETTLED
PAY-00002750,CLIENT-0314,ACC-000924,2025-10-15,INBOUND,BOOK_TRANSFER,EUR,240073.60,AU,SETTLED
PAY-00002751,CLIENT-0381,ACC-001106,2024-09-21,INBOUND,SWIFT,CHF,97349.62,AE,SETTLED
PAY-00002752,CLIENT-0207,ACC-000617,2025-10-26,INBOUND,ACH,EUR,110220.50,US,SETTLED
PAY-00002753,CLIENT-0219,ACC-000651,2026-03-08,INBOUND,SWIFT,USD,33170.96,GB,SETTLED
PAY-00002754,CLIENT-0104,ACC-000297,2026-07-07,OUTBOUND,SWIFT,USD,240202.37,US,SETTLED
PAY-00002755,CLIENT-0084,ACC-000236,2026-05-23,OUTBOUND,REAL_TIME_PAYMENT,SGD,88919.89,AE,SETTLED
PAY-00002756,CLIENT-0220,ACC-000654,2025-06-23,OUTBOUND,ACH,USD,157220.51,CA,SETTLED
PAY-00002757,CLIENT-0414,ACC-001221,2024-12-08,INBOUND,SWIFT,USD,227747.28,GB,SETTLED
PAY-00002758,CLIENT-0458,ACC-001354,2025-12-23,OUTBOUND,REAL_TIME_PAYMENT,USD,192974.87,AU,SETTLED
PAY-00002759,CLIENT-0442,ACC-001305,2024-07-31,INBOUND,ACH,BRL,1140.76,NL,SETTLED
PAY-00002760,CLIENT-0467,ACC-001384,2026-01-25,INBOUND,FX_TRANSFER,USD,6640.72,BR,SETTLED
PAY-00002761,CLIENT-0088,ACC-000249,2026-02-02,OUTBOUND,REAL_TIME_PAYMENT,USD,45250.43,JP,SETTLED
PAY-00002762,CLIENT-0162,ACC-000488,2024-12-19,OUTBOUND,FX_TRANSFER,USD,3241.25,CA,SETTLED
PAY-00002763,CLIENT-0480,ACC-001422,2025-09-21,OUTBOUND,BOOK_TRANSFER,USD,1725.95,JP,SETTLED
PAY-00002764,CLIENT-0304,ACC-000892,2025-10-10,INBOUND,BOOK_TRANSFER,USD,4825.94,CH,SETTLED
PAY-00002765,CLIENT-0261,ACC-000783,2026-01-19,INBOUND,FX_TRANSFER,GBP,182276.11,SG,SETTLED
PAY-00002766,CLIENT-0265,ACC-000793,2026-05-07,OUTBOUND,SWIFT,USD,107196.12,JP,SETTLED
PAY-00002767,CLIENT-0168,ACC-000509,2026-04-25,OUTBOUND,WIRE,EUR,13540.18,IN,SETTLED
PAY-00002768,CLIENT-0080,ACC-000221,2026-07-29,OUTBOUND,BOOK_TRANSFER,EUR,243623.44,FR,PENDING
PAY-00002769,CLIENT-0172,ACC-000522,2026-05-21,OUTBOUND,REAL_TIME_PAYMENT,EUR,4006.90,AE,SETTLED
PAY-00002770,CLIENT-0237,ACC-000712,2026-05-21,OUTBOUND,ACH,USD,111483.88,GB,SETTLED
PAY-00002771,CLIENT-0136,ACC-000404,2025-11-07,INBOUND,FX_TRANSFER,CHF,213928.71,AU,PENDING
PAY-00002772,CLIENT-0423,ACC-001247,2026-03-28,OUTBOUND,REAL_TIME_PAYMENT,USD,116487.02,US,SETTLED
PAY-00002773,CLIENT-0490,ACC-001462,2025-10-28,INBOUND,WIRE,BRL,10596.78,US,SETTLED
PAY-00002774,CLIENT-0467,ACC-001382,2026-07-16,INBOUND,ACH,USD,7793.30,CH,SETTLED
PAY-00002775,CLIENT-0379,ACC-001103,2026-02-04,OUTBOUND,WIRE,USD,14769.33,SG,SETTLED
PAY-00002776,CLIENT-0302,ACC-000889,2026-07-30,INBOUND,ACH,EUR,80775.91,AE,SETTLED
PAY-00002777,CLIENT-0076,ACC-000214,2024-10-02,OUTBOUND,BOOK_TRANSFER,USD,27191.06,JP,PENDING
PAY-00002778,CLIENT-0476,ACC-001408,2024-10-03,OUTBOUND,SEPA,USD,206778.91,AE,SETTLED
PAY-00002779,CLIENT-0300,ACC-000884,2026-04-05,INBOUND,FX_TRANSFER,USD,194593.44,JP,SETTLED
PAY-00002780,CLIENT-0149,ACC-000450,2026-06-24,INBOUND,SEPA,USD,235568.60,IE,PENDING
PAY-00002781,CLIENT-0252,ACC-000757,2026-02-24,INBOUND,SWIFT,USD,11674.60,IE,SETTLED
PAY-00002782,CLIENT-0238,ACC-000715,2026-07-08,INBOUND,SWIFT,JPY,129391.54,NL,SETTLED
PAY-00002783,CLIENT-0356,ACC-001048,2024-12-06,OUTBOUND,BOOK_TRANSFER,SGD,80127.48,BR,PENDING
PAY-00002784,CLIENT-0242,ACC-000730,2026-01-17,INBOUND,REAL_TIME_PAYMENT,USD,182141.40,FR,SETTLED
PAY-00002785,CLIENT-0291,ACC-000863,2024-01-01,INBOUND,REAL_TIME_PAYMENT,EUR,30896.82,NL,SETTLED
PAY-00002786,CLIENT-0229,ACC-000681,2024-10-09,OUTBOUND,CARD,USD,213104.73,US,SETTLED
PAY-00002787,CLIENT-0326,ACC-000960,2025-05-07,OUTBOUND,BOOK_TRANSFER,USD,210204.13,JP,SETTLED
PAY-00002788,CLIENT-0469,ACC-001387,2025-06-21,INBOUND,ACH,USD,45469.65,MX,SETTLED
PAY-00002789,CLIENT-0271,ACC-000810,2026-05-25,OUTBOUND,FX_TRANSFER,EUR,111234.11,GB,PENDING
PAY-00002790,CLIENT-0008,ACC-000015,2026-01-23,INBOUND,WIRE,BRL,241097.25,DE,SETTLED
PAY-00002791,CLIENT-0121,ACC-000356,2025-11-06,INBOUND,SEPA,USD,11531.52,JP,SETTLED
PAY-00002792,CLIENT-0249,ACC-000751,2026-06-05,INBOUND,REAL_TIME_PAYMENT,USD,191791.68,GB,SETTLED
PAY-00002793,CLIENT-0397,ACC-001163,2024-01-07,OUTBOUND,ACH,USD,58252.55,FR,SETTLED
PAY-00002794,CLIENT-0018,ACC-000046,2025-07-08,OUTBOUND,CARD,SGD,1793.72,AE,SETTLED
PAY-00002795,CLIENT-0154,ACC-000463,2026-06-25,INBOUND,FX_TRANSFER,USD,2930.85,AE,SETTLED
PAY-00002796,CLIENT-0091,ACC-000259,2026-05-07,OUTBOUND,FX_TRANSFER,EUR,4115.43,GB,SETTLED
PAY-00002797,CLIENT-0478,ACC-001416,2026-03-06,INBOUND,FX_TRANSFER,CAD,208606.84,IN,SETTLED
PAY-00002798,CLIENT-0323,ACC-000947,2025-07-17,INBOUND,BOOK_TRANSFER,CHF,241312.51,NL,SETTLED
PAY-00002799,CLIENT-0141,ACC-000420,2025-05-21,INBOUND,WIRE,CAD,44926.56,SG,SETTLED
PAY-00002800,CLIENT-0320,ACC-000939,2026-01-20,INBOUND,REAL_TIME_PAYMENT,INR,73044.21,BR,SETTLED
PAY-00002801,CLIENT-0466,ACC-001379,2026-03-26,OUTBOUND,CARD,INR,217849.52,MX,PENDING
PAY-00002802,CLIENT-0429,ACC-001266,2025-07-27,INBOUND,ACH,AED,40781.34,NL,SETTLED
PAY-00002803,CLIENT-0122,ACC-000363,2025-06-14,OUTBOUND,WIRE,USD,196295.59,CA,SETTLED
PAY-00002804,CLIENT-0131,ACC-000387,2025-08-17,OUTBOUND,REAL_TIME_PAYMENT,EUR,105047.26,CH,PENDING
PAY-00002805,CLIENT-0305,ACC-000898,2026-06-02,INBOUND,BOOK_TRANSFER,CAD,5446.41,MX,SETTLED
PAY-00002806,CLIENT-0279,ACC-000831,2025-07-10,INBOUND,WIRE,USD,228998.10,FR,SETTLED
PAY-00002807,CLIENT-0325,ACC-000953,2024-07-01,OUTBOUND,FX_TRANSFER,JPY,94.97,AE,PENDING
PAY-00002808,CLIENT-0110,ACC-000319,2025-10-11,OUTBOUND,ACH,CAD,5209.45,US,SETTLED
PAY-00002809,CLIENT-0308,ACC-000911,2026-06-11,INBOUND,REAL_TIME_PAYMENT,USD,226569.25,GB,SETTLED
PAY-00002810,CLIENT-0240,ACC-000721,2024-01-05,OUTBOUND,BOOK_TRANSFER,USD,14065.85,JP,SETTLED
PAY-00002811,CLIENT-0221,ACC-000660,2026-01-23,OUTBOUND,FX_TRANSFER,USD,163429.40,SG,SETTLED
PAY-00002812,CLIENT-0232,ACC-000694,2024-10-14,INBOUND,CARD,EUR,174395.60,DE,SETTLED
PAY-00002813,CLIENT-0211,ACC-000629,2026-06-04,OUTBOUND,REAL_TIME_PAYMENT,USD,128002.50,BR,SETTLED
PAY-00002814,CLIENT-0214,ACC-000635,2024-04-05,INBOUND,REAL_TIME_PAYMENT,INR,172279.17,AE,SETTLED
PAY-00002815,CLIENT-0212,ACC-000630,2025-02-12,OUTBOUND,SWIFT,USD,8942.26,GB,SETTLED
PAY-00002816,CLIENT-0467,ACC-001381,2025-11-02,INBOUND,FX_TRANSFER,USD,6175.60,AE,PENDING
PAY-00002817,CLIENT-0009,ACC-000017,2026-06-05,OUTBOUND,BOOK_TRANSFER,JPY,14714.13,BR,SETTLED
PAY-00002818,CLIENT-0280,ACC-000832,2026-03-23,OUTBOUND,SEPA,USD,4184.84,AU,SETTLED
PAY-00002819,CLIENT-0110,ACC-000320,2026-02-14,OUTBOUND,SEPA,CAD,9270.33,DE,SETTLED
PAY-00002820,CLIENT-0166,ACC-000500,2026-05-05,INBOUND,SEPA,USD,163529.85,DE,SETTLED
PAY-00002821,CLIENT-0117,ACC-000345,2025-09-12,INBOUND,WIRE,USD,89694.59,US,RETURNED
PAY-00002822,CLIENT-0371,ACC-001081,2025-11-16,OUTBOUND,CARD,CAD,128853.22,CH,SETTLED
PAY-00002823,CLIENT-0097,ACC-000278,2024-12-26,OUTBOUND,CARD,EUR,235572.05,NL,SETTLED
PAY-00002824,CLIENT-0453,ACC-001337,2024-09-05,OUTBOUND,FX_TRANSFER,CAD,53552.35,JP,SETTLED
PAY-00002825,CLIENT-0222,ACC-000663,2024-04-27,OUTBOUND,BOOK_TRANSFER,EUR,241579.07,BR,SETTLED
PAY-00002826,CLIENT-0266,ACC-000795,2026-07-18,INBOUND,CARD,EUR,1877.34,AU,PENDING
PAY-00002827,CLIENT-0166,ACC-000500,2025-12-27,OUTBOUND,ACH,USD,71207.94,JP,SETTLED
PAY-00002828,CLIENT-0067,ACC-000188,2025-10-02,INBOUND,REAL_TIME_PAYMENT,USD,57356.41,IN,SETTLED
PAY-00002829,CLIENT-0405,ACC-001190,2026-07-20,INBOUND,ACH,USD,33214.61,MX,PENDING
PAY-00002830,CLIENT-0012,ACC-000028,2026-04-12,OUTBOUND,BOOK_TRANSFER,JPY,2025.21,US,SETTLED
PAY-00002831,CLIENT-0162,ACC-000488,2026-06-06,INBOUND,WIRE,USD,6643.94,DE,SETTLED
PAY-00002832,CLIENT-0469,ACC-001388,2026-05-16,OUTBOUND,FX_TRANSFER,USD,95367.37,SG,SETTLED
PAY-00002833,CLIENT-0415,ACC-001224,2024-11-16,INBOUND,BOOK_TRANSFER,USD,4549.99,MX,SETTLED
PAY-00002834,CLIENT-0221,ACC-000660,2025-01-17,OUTBOUND,FX_TRANSFER,USD,36344.56,IN,SETTLED
PAY-00002835,CLIENT-0362,ACC-001060,2025-08-23,OUTBOUND,BOOK_TRANSFER,USD,102765.56,AE,SETTLED
PAY-00002836,CLIENT-0483,ACC-001432,2026-03-13,OUTBOUND,FX_TRANSFER,USD,13247.64,GB,SETTLED
PAY-00002837,CLIENT-0212,ACC-000632,2025-02-09,OUTBOUND,SEPA,USD,12040.81,IE,SETTLED
PAY-00002838,CLIENT-0491,ACC-001466,2026-06-10,INBOUND,SWIFT,USD,91388.74,JP,SETTLED
PAY-00002839,CLIENT-0448,ACC-001321,2024-03-09,INBOUND,CARD,EUR,188856.51,GB,SETTLED
PAY-00002840,CLIENT-0209,ACC-000621,2026-07-26,OUTBOUND,SWIFT,CAD,213994.80,IN,SETTLED
PAY-00002841,CLIENT-0490,ACC-001465,2025-08-05,INBOUND,FX_TRANSFER,BRL,3421.24,FR,SETTLED
PAY-00002842,CLIENT-0298,ACC-000879,2026-01-20,OUTBOUND,REAL_TIME_PAYMENT,USD,4785.87,SG,SETTLED
PAY-00002843,CLIENT-0461,ACC-001361,2026-03-26,INBOUND,FX_TRANSFER,USD,200878.37,IE,RETURNED
PAY-00002844,CLIENT-0394,ACC-001145,2026-03-05,OUTBOUND,SEPA,CAD,213070.12,IE,PENDING
PAY-00002845,CLIENT-0122,ACC-000359,2025-06-21,OUTBOUND,SWIFT,USD,151806.02,AU,PENDING
PAY-00002846,CLIENT-0028,ACC-000075,2026-07-26,OUTBOUND,BOOK_TRANSFER,EUR,59015.38,JP,SETTLED
PAY-00002847,CLIENT-0037,ACC-000099,2026-02-05,OUTBOUND,ACH,USD,162409.89,BR,SETTLED
PAY-00002848,CLIENT-0066,ACC-000183,2024-07-26,INBOUND,WIRE,USD,98965.78,BR,SETTLED
PAY-00002849,CLIENT-0041,ACC-000112,2025-05-04,INBOUND,SWIFT,USD,13985.70,BR,SETTLED
PAY-00002850,CLIENT-0482,ACC-001431,2026-04-28,INBOUND,CARD,USD,25805.27,AE,SETTLED
PAY-00002851,CLIENT-0086,ACC-000243,2025-07-03,INBOUND,REAL_TIME_PAYMENT,JPY,3847.70,IN,SETTLED
PAY-00002852,CLIENT-0490,ACC-001465,2024-01-29,INBOUND,SWIFT,BRL,8755.46,AU,SETTLED
PAY-00002853,CLIENT-0412,ACC-001212,2024-07-20,OUTBOUND,WIRE,SGD,10408.55,NL,SETTLED
PAY-00002854,CLIENT-0117,ACC-000346,2024-10-07,INBOUND,FX_TRANSFER,USD,37832.94,AE,RETURNED
PAY-00002855,CLIENT-0107,ACC-000306,2026-06-04,OUTBOUND,BOOK_TRANSFER,EUR,27687.51,GB,SETTLED
PAY-00002856,CLIENT-0476,ACC-001407,2024-03-19,OUTBOUND,REAL_TIME_PAYMENT,EUR,14844.33,AU,SETTLED
PAY-00002857,CLIENT-0171,ACC-000517,2025-06-11,OUTBOUND,REAL_TIME_PAYMENT,EUR,68238.01,MX,PENDING
PAY-00002858,CLIENT-0362,ACC-001061,2024-11-11,INBOUND,WIRE,USD,236472.72,GB,SETTLED
PAY-00002859,CLIENT-0300,ACC-000885,2026-02-27,INBOUND,ACH,USD,156727.97,CA,SETTLED
PAY-00002860,CLIENT-0454,ACC-001340,2024-09-13,INBOUND,ACH,USD,247699.76,US,SETTLED
PAY-00002861,CLIENT-0233,ACC-000700,2025-04-13,OUTBOUND,ACH,USD,190124.05,US,SETTLED
PAY-00002862,CLIENT-0321,ACC-000943,2024-08-15,OUTBOUND,FX_TRANSFER,USD,88116.78,JP,SETTLED
PAY-00002863,CLIENT-0326,ACC-000959,2026-06-24,INBOUND,SEPA,USD,35551.99,SG,SETTLED
PAY-00002864,CLIENT-0116,ACC-000338,2026-04-01,INBOUND,FX_TRANSFER,USD,11222.29,CA,SETTLED
PAY-00002865,CLIENT-0387,ACC-001123,2026-07-02,INBOUND,CARD,EUR,1082.37,NL,SETTLED
PAY-00002866,CLIENT-0310,ACC-000914,2025-05-05,OUTBOUND,ACH,USD,166204.84,BR,SETTLED
PAY-00002867,CLIENT-0162,ACC-000490,2024-01-09,INBOUND,WIRE,EUR,10134.87,CA,SETTLED
PAY-00002868,CLIENT-0257,ACC-000774,2026-01-30,INBOUND,REAL_TIME_PAYMENT,EUR,19605.23,BR,SETTLED
PAY-00002869,CLIENT-0059,ACC-000166,2025-05-19,INBOUND,REAL_TIME_PAYMENT,USD,160317.05,DE,SETTLED
PAY-00002870,CLIENT-0460,ACC-001357,2025-08-12,INBOUND,BOOK_TRANSFER,USD,143852.95,AE,SETTLED
PAY-00002871,CLIENT-0413,ACC-001215,2025-09-30,INBOUND,SEPA,USD,109296.91,CA,SETTLED
PAY-00002872,CLIENT-0390,ACC-001134,2026-04-29,OUTBOUND,CARD,USD,10224.68,JP,REJECTED
PAY-00002873,CLIENT-0484,ACC-001438,2026-03-31,OUTBOUND,SWIFT,USD,95048.29,FR,SETTLED
PAY-00002874,CLIENT-0310,ACC-000914,2024-08-19,OUTBOUND,SEPA,USD,178130.64,MX,SETTLED
PAY-00002875,CLIENT-0368,ACC-001075,2025-06-20,OUTBOUND,REAL_TIME_PAYMENT,USD,147652.24,MX,REJECTED
PAY-00002876,CLIENT-0167,ACC-000507,2024-04-18,INBOUND,BOOK_TRANSFER,USD,24120.83,FR,SETTLED
PAY-00002877,CLIENT-0211,ACC-000629,2026-07-22,INBOUND,REAL_TIME_PAYMENT,USD,41517.10,GB,SETTLED
PAY-00002878,CLIENT-0192,ACC-000571,2026-05-17,OUTBOUND,CARD,USD,123558.34,IE,SETTLED
PAY-00002879,CLIENT-0123,ACC-000368,2026-06-03,INBOUND,FX_TRANSFER,USD,91681.24,MX,SETTLED
PAY-00002880,CLIENT-0233,ACC-000699,2025-02-24,INBOUND,SWIFT,AUD,213373.29,GB,SETTLED
PAY-00002881,CLIENT-0308,ACC-000907,2026-05-14,OUTBOUND,ACH,USD,48844.09,FR,SETTLED
PAY-00002882,CLIENT-0107,ACC-000307,2024-06-04,INBOUND,SWIFT,JPY,84304.26,AE,SETTLED
PAY-00002883,CLIENT-0486,ACC-001447,2025-11-28,INBOUND,BOOK_TRANSFER,CHF,51383.35,CA,SETTLED
PAY-00002884,CLIENT-0034,ACC-000091,2025-10-12,INBOUND,FX_TRANSFER,USD,223413.21,IE,SETTLED
PAY-00002885,CLIENT-0376,ACC-001093,2025-10-12,OUTBOUND,SEPA,EUR,97058.14,BR,SETTLED
PAY-00002886,CLIENT-0463,ACC-001366,2026-03-28,INBOUND,SEPA,EUR,14820.64,CA,SETTLED
PAY-00002887,CLIENT-0187,ACC-000557,2025-06-10,OUTBOUND,ACH,USD,3599.73,DE,SETTLED
PAY-00002888,CLIENT-0226,ACC-000676,2024-12-29,OUTBOUND,SEPA,USD,71641.96,AU,SETTLED
PAY-00002889,CLIENT-0092,ACC-000262,2024-09-13,OUTBOUND,CARD,USD,140950.88,AE,SETTLED
PAY-00002890,CLIENT-0268,ACC-000801,2026-07-22,INBOUND,FX_TRANSFER,EUR,16851.18,BR,SETTLED
PAY-00002891,CLIENT-0431,ACC-001270,2024-02-01,OUTBOUND,SWIFT,USD,14691.55,IE,PENDING
PAY-00002892,CLIENT-0456,ACC-001346,2026-02-22,OUTBOUND,REAL_TIME_PAYMENT,USD,201785.73,MX,SETTLED
PAY-00002893,CLIENT-0415,ACC-001226,2025-04-10,OUTBOUND,ACH,USD,13512.74,US,SETTLED
PAY-00002894,CLIENT-0500,ACC-001486,2026-07-02,INBOUND,ACH,MXN,12870.39,AE,SETTLED
PAY-00002895,CLIENT-0001,ACC-000004,2025-05-22,OUTBOUND,CARD,AED,201967.85,MX,REJECTED
PAY-00002896,CLIENT-0451,ACC-001332,2026-02-02,OUTBOUND,CARD,GBP,10534.92,AE,SETTLED
PAY-00002897,CLIENT-0343,ACC-001004,2024-02-25,OUTBOUND,WIRE,USD,17059.76,GB,SETTLED
PAY-00002898,CLIENT-0332,ACC-000973,2025-01-11,INBOUND,REAL_TIME_PAYMENT,USD,68765.91,NL,SETTLED
PAY-00002899,CLIENT-0224,ACC-000668,2026-07-09,INBOUND,SEPA,USD,12895.82,BR,SETTLED
PAY-00002900,CLIENT-0197,ACC-000587,2025-08-24,INBOUND,CARD,USD,19939.42,AU,SETTLED
PAY-00002901,CLIENT-0205,ACC-000612,2025-06-04,OUTBOUND,ACH,USD,12121.03,JP,SETTLED
PAY-00002902,CLIENT-0313,ACC-000922,2026-05-31,OUTBOUND,ACH,USD,45968.42,CA,SETTLED
PAY-00002903,CLIENT-0305,ACC-000897,2026-07-05,OUTBOUND,WIRE,CAD,5231.13,JP,SETTLED
PAY-00002904,CLIENT-0352,ACC-001032,2025-09-11,OUTBOUND,SWIFT,USD,228166.35,IN,SETTLED
PAY-00002905,CLIENT-0031,ACC-000084,2025-10-26,INBOUND,REAL_TIME_PAYMENT,EUR,116546.14,BR,PENDING
PAY-00002906,CLIENT-0275,ACC-000822,2026-05-02,OUTBOUND,CARD,USD,11664.44,IN,SETTLED
PAY-00002907,CLIENT-0269,ACC-000802,2025-12-11,INBOUND,BOOK_TRANSFER,BRL,65529.04,DE,SETTLED
PAY-00002908,CLIENT-0117,ACC-000342,2026-06-04,OUTBOUND,BOOK_TRANSFER,USD,83889.55,BR,REJECTED
PAY-00002909,CLIENT-0352,ACC-001035,2026-06-10,INBOUND,FX_TRANSFER,USD,138439.02,IN,SETTLED
PAY-00002910,CLIENT-0014,ACC-000033,2026-07-31,OUTBOUND,SWIFT,USD,667.72,IN,SETTLED
PAY-00002911,CLIENT-0291,ACC-000865,2025-09-09,OUTBOUND,SWIFT,EUR,97952.27,BR,SETTLED
PAY-00002912,CLIENT-0229,ACC-000680,2026-05-07,INBOUND,FX_TRANSFER,INR,33421.91,MX,SETTLED
PAY-00002913,CLIENT-0438,ACC-001295,2024-09-23,INBOUND,REAL_TIME_PAYMENT,USD,131821.35,BR,PENDING
PAY-00002914,CLIENT-0253,ACC-000761,2025-06-14,OUTBOUND,CARD,USD,110904.59,AE,REJECTED
PAY-00002915,CLIENT-0041,ACC-000113,2026-04-26,OUTBOUND,SEPA,USD,3879.00,BR,SETTLED
PAY-00002916,CLIENT-0135,ACC-000403,2026-04-09,OUTBOUND,WIRE,USD,12079.05,CA,SETTLED
PAY-00002917,CLIENT-0098,ACC-000282,2026-07-03,OUTBOUND,FX_TRANSFER,MXN,2511.56,IN,PENDING
PAY-00002918,CLIENT-0025,ACC-000067,2026-01-03,OUTBOUND,CARD,USD,107831.90,SG,SETTLED
PAY-00002919,CLIENT-0482,ACC-001431,2026-02-11,INBOUND,FX_TRANSFER,USD,186770.95,US,SETTLED
PAY-00002920,CLIENT-0103,ACC-000293,2025-11-22,OUTBOUND,SWIFT,USD,217308.49,SG,SETTLED
PAY-00002921,CLIENT-0184,ACC-000553,2026-04-04,OUTBOUND,SWIFT,EUR,3820.80,FR,PENDING
PAY-00002922,CLIENT-0152,ACC-000456,2024-06-13,OUTBOUND,ACH,INR,9346.78,DE,SETTLED
PAY-00002923,CLIENT-0230,ACC-000685,2025-12-12,OUTBOUND,SWIFT,JPY,7822.96,CA,PENDING
PAY-00002924,CLIENT-0416,ACC-001227,2025-10-08,OUTBOUND,SWIFT,USD,16312.59,MX,SETTLED
PAY-00002925,CLIENT-0427,ACC-001258,2025-08-04,INBOUND,SWIFT,USD,129258.08,BR,SETTLED
PAY-00002926,CLIENT-0355,ACC-001043,2026-07-06,OUTBOUND,REAL_TIME_PAYMENT,USD,76005.61,GB,SETTLED
PAY-00002927,CLIENT-0001,ACC-000004,2025-07-28,OUTBOUND,WIRE,AED,137673.85,MX,SETTLED
PAY-00002928,CLIENT-0137,ACC-000408,2026-06-02,OUTBOUND,SEPA,JPY,189461.70,US,SETTLED
PAY-00002929,CLIENT-0141,ACC-000421,2024-04-03,OUTBOUND,SEPA,CAD,68588.66,IE,PENDING
PAY-00002930,CLIENT-0438,ACC-001294,2024-11-03,INBOUND,CARD,USD,245088.69,US,SETTLED
PAY-00002931,CLIENT-0083,ACC-000232,2026-02-08,INBOUND,CARD,EUR,106002.50,AE,PENDING
PAY-00002932,CLIENT-0468,ACC-001386,2024-03-24,OUTBOUND,ACH,USD,7355.70,IN,SETTLED
PAY-00002933,CLIENT-0134,ACC-000397,2024-02-17,INBOUND,SEPA,USD,199838.41,BR,SETTLED
PAY-00002934,CLIENT-0168,ACC-000508,2024-04-02,INBOUND,WIRE,USD,6378.19,MX,SETTLED
PAY-00002935,CLIENT-0123,ACC-000364,2026-02-11,INBOUND,CARD,USD,9942.49,FR,SETTLED
PAY-00002936,CLIENT-0220,ACC-000655,2025-09-03,OUTBOUND,SWIFT,USD,64976.86,JP,SETTLED
PAY-00002937,CLIENT-0244,ACC-000738,2025-01-20,INBOUND,CARD,EUR,3695.91,BR,SETTLED
PAY-00002938,CLIENT-0300,ACC-000885,2025-06-06,OUTBOUND,SEPA,USD,233321.01,SG,SETTLED
PAY-00002939,CLIENT-0221,ACC-000659,2025-02-19,INBOUND,REAL_TIME_PAYMENT,USD,1760.40,NL,SETTLED
PAY-00002940,CLIENT-0317,ACC-000932,2025-12-05,INBOUND,FX_TRANSFER,USD,83299.40,CA,SETTLED
PAY-00002941,CLIENT-0321,ACC-000941,2024-11-18,OUTBOUND,BOOK_TRANSFER,USD,134898.68,AE,SETTLED
PAY-00002942,CLIENT-0266,ACC-000796,2026-05-20,INBOUND,SWIFT,EUR,916.06,BR,SETTLED
PAY-00002943,CLIENT-0369,ACC-001077,2026-06-03,OUTBOUND,FX_TRANSFER,USD,23445.98,MX,SETTLED
PAY-00002944,CLIENT-0165,ACC-000496,2025-04-19,INBOUND,WIRE,EUR,1339.37,JP,SETTLED
PAY-00002945,CLIENT-0244,ACC-000739,2026-02-13,OUTBOUND,BOOK_TRANSFER,EUR,7819.58,AU,SETTLED
PAY-00002946,CLIENT-0393,ACC-001144,2026-06-25,OUTBOUND,ACH,USD,149659.96,NL,SETTLED
PAY-00002947,CLIENT-0160,ACC-000483,2025-10-26,OUTBOUND,CARD,USD,2639.10,MX,SETTLED
PAY-00002948,CLIENT-0259,ACC-000777,2025-12-15,OUTBOUND,ACH,EUR,85765.17,MX,SETTLED
PAY-00002949,CLIENT-0060,ACC-000167,2026-07-09,INBOUND,BOOK_TRANSFER,GBP,5131.25,FR,PENDING
PAY-00002950,CLIENT-0419,ACC-001239,2025-09-02,OUTBOUND,SEPA,USD,185396.26,CA,SETTLED
PAY-00002951,CLIENT-0001,ACC-000001,2024-09-10,OUTBOUND,SEPA,AED,199810.94,NL,SETTLED
PAY-00002952,CLIENT-0311,ACC-000920,2025-06-01,INBOUND,REAL_TIME_PAYMENT,USD,27784.42,IN,SETTLED
PAY-00002953,CLIENT-0438,ACC-001293,2025-11-26,OUTBOUND,CARD,USD,239985.99,BR,SETTLED
PAY-00002954,CLIENT-0236,ACC-000707,2025-07-25,INBOUND,ACH,USD,9615.38,MX,SETTLED
PAY-00002955,CLIENT-0034,ACC-000092,2024-10-12,OUTBOUND,REAL_TIME_PAYMENT,USD,124135.32,BR,SETTLED
PAY-00002956,CLIENT-0066,ACC-000180,2024-05-26,INBOUND,BOOK_TRANSFER,USD,141825.28,DE,SETTLED
PAY-00002957,CLIENT-0117,ACC-000344,2024-02-20,OUTBOUND,CARD,USD,69511.71,BR,SETTLED
PAY-00002958,CLIENT-0374,ACC-001087,2025-09-15,INBOUND,ACH,GBP,5723.58,US,SETTLED
PAY-00002959,CLIENT-0489,ACC-001456,2024-11-21,OUTBOUND,ACH,GBP,39691.92,AU,SETTLED
PAY-00002960,CLIENT-0070,ACC-000194,2025-08-09,OUTBOUND,CARD,USD,52565.18,BR,SETTLED
PAY-00002961,CLIENT-0230,ACC-000686,2026-05-11,OUTBOUND,REAL_TIME_PAYMENT,JPY,135230.21,CH,SETTLED
PAY-00002962,CLIENT-0458,ACC-001355,2025-03-09,OUTBOUND,WIRE,USD,23625.09,JP,SETTLED
PAY-00002963,CLIENT-0049,ACC-000135,2026-07-13,OUTBOUND,REAL_TIME_PAYMENT,USD,94387.93,CH,RETURNED
PAY-00002964,CLIENT-0070,ACC-000193,2025-06-29,INBOUND,CARD,USD,76386.85,JP,SETTLED
PAY-00002965,CLIENT-0229,ACC-000683,2024-10-08,OUTBOUND,ACH,EUR,110445.63,NL,SETTLED
PAY-00002966,CLIENT-0016,ACC-000042,2025-01-18,OUTBOUND,SWIFT,EUR,13285.33,IE,SETTLED
PAY-00002967,CLIENT-0090,ACC-000253,2026-06-15,INBOUND,ACH,EUR,12637.25,CH,SETTLED
PAY-00002968,CLIENT-0346,ACC-001012,2024-02-02,OUTBOUND,REAL_TIME_PAYMENT,MXN,156077.56,CH,SETTLED
PAY-00002969,CLIENT-0046,ACC-000121,2025-12-15,OUTBOUND,WIRE,USD,300.05,JP,PENDING
PAY-00002970,CLIENT-0019,ACC-000049,2025-09-11,OUTBOUND,FX_TRANSFER,USD,3136.42,AU,SETTLED
PAY-00002971,CLIENT-0390,ACC-001134,2026-05-09,INBOUND,BOOK_TRANSFER,USD,1257.19,GB,SETTLED
PAY-00002972,CLIENT-0002,ACC-000006,2025-05-20,OUTBOUND,SEPA,USD,100576.77,US,SETTLED
PAY-00002973,CLIENT-0137,ACC-000409,2025-12-13,INBOUND,SEPA,USD,66118.86,AU,PENDING
PAY-00002974,CLIENT-0442,ACC-001304,2024-04-14,INBOUND,WIRE,USD,10603.51,BR,PENDING
PAY-00002975,CLIENT-0262,ACC-000786,2026-07-19,INBOUND,CARD,USD,9473.89,AE,SETTLED
PAY-00002976,CLIENT-0215,ACC-000640,2026-07-02,OUTBOUND,SEPA,EUR,8040.84,AE,SETTLED
PAY-00002977,CLIENT-0070,ACC-000194,2025-09-19,INBOUND,ACH,USD,162414.08,AU,SETTLED
PAY-00002978,CLIENT-0054,ACC-000151,2026-01-05,INBOUND,SWIFT,USD,2899.18,IN,SETTLED
PAY-00002979,CLIENT-0402,ACC-001180,2024-10-30,OUTBOUND,BOOK_TRANSFER,EUR,18141.25,CH,PENDING
PAY-00002980,CLIENT-0295,ACC-000869,2026-06-27,INBOUND,WIRE,GBP,73073.75,CH,SETTLED
PAY-00002981,CLIENT-0047,ACC-000125,2024-07-11,OUTBOUND,FX_TRANSFER,USD,230667.96,BR,SETTLED
PAY-00002982,CLIENT-0301,ACC-000888,2026-06-28,OUTBOUND,SEPA,USD,242465.48,AE,SETTLED
PAY-00002983,CLIENT-0197,ACC-000586,2026-02-19,INBOUND,CARD,USD,236699.69,DE,SETTLED
PAY-00002984,CLIENT-0233,ACC-000696,2025-01-31,OUTBOUND,ACH,AUD,174306.69,SG,SETTLED
PAY-00002985,CLIENT-0088,ACC-000248,2026-07-15,INBOUND,WIRE,USD,93664.96,SG,SETTLED
PAY-00002986,CLIENT-0303,ACC-000890,2025-11-17,INBOUND,REAL_TIME_PAYMENT,EUR,50412.40,CH,SETTLED
PAY-00002987,CLIENT-0263,ACC-000789,2024-11-06,OUTBOUND,SWIFT,USD,11729.92,NL,PENDING
PAY-00002988,CLIENT-0210,ACC-000627,2025-05-21,INBOUND,SEPA,USD,201563.79,IN,SETTLED
PAY-00002989,CLIENT-0298,ACC-000879,2026-03-10,INBOUND,ACH,USD,9636.52,AE,SETTLED
PAY-00002990,CLIENT-0432,ACC-001274,2025-10-13,OUTBOUND,REAL_TIME_PAYMENT,INR,146955.77,IN,SETTLED
PAY-00002991,CLIENT-0415,ACC-001224,2024-03-25,OUTBOUND,CARD,USD,1909.29,GB,SETTLED
PAY-00002992,CLIENT-0397,ACC-001159,2024-06-26,OUTBOUND,ACH,USD,82951.65,JP,SETTLED
PAY-00002993,CLIENT-0123,ACC-000365,2025-09-11,OUTBOUND,WIRE,INR,133224.40,NL,SETTLED
PAY-00002994,CLIENT-0145,ACC-000434,2026-04-13,OUTBOUND,ACH,USD,195031.03,NL,SETTLED
PAY-00002995,CLIENT-0295,ACC-000870,2026-02-02,OUTBOUND,ACH,GBP,167614.55,AU,SETTLED
PAY-00002996,CLIENT-0188,ACC-000561,2026-07-21,INBOUND,ACH,GBP,95408.71,CH,SETTLED
PAY-00002997,CLIENT-0439,ACC-001296,2026-01-27,INBOUND,SEPA,MXN,52470.05,IN,SETTLED
PAY-00002998,CLIENT-0358,ACC-001051,2026-02-26,INBOUND,CARD,EUR,2302.25,FR,SETTLED
PAY-00002999,CLIENT-0326,ACC-000958,2024-06-04,OUTBOUND,CARD,USD,9242.16,BR,SETTLED
PAY-00003000,CLIENT-0195,ACC-000579,2026-07-09,OUTBOUND,WIRE,USD,3950.03,NL,SETTLED
PAY-00003001,CLIENT-0083,ACC-000233,2024-09-02,OUTBOUND,ACH,EUR,112849.76,FR,PENDING
PAY-00003002,CLIENT-0300,ACC-000885,2026-07-29,OUTBOUND,SEPA,USD,68956.69,BR,SETTLED
PAY-00003003,CLIENT-0272,ACC-000813,2026-04-12,OUTBOUND,BOOK_TRANSFER,USD,189375.20,IE,SETTLED
PAY-00003004,CLIENT-0109,ACC-000313,2025-12-14,INBOUND,WIRE,USD,164213.49,MX,SETTLED
PAY-00003005,CLIENT-0455,ACC-001342,2025-07-04,INBOUND,WIRE,USD,179192.98,IE,REJECTED
PAY-00003006,CLIENT-0020,ACC-000054,2026-07-02,INBOUND,REAL_TIME_PAYMENT,USD,88190.62,NL,SETTLED
PAY-00003007,CLIENT-0187,ACC-000558,2026-03-07,OUTBOUND,ACH,USD,8667.02,GB,PENDING
PAY-00003008,CLIENT-0335,ACC-000979,2026-03-21,INBOUND,WIRE,MXN,12765.72,BR,SETTLED
PAY-00003009,CLIENT-0308,ACC-000907,2026-07-06,INBOUND,SEPA,USD,26630.50,AU,SETTLED
PAY-00003010,CLIENT-0010,ACC-000021,2024-08-12,INBOUND,CARD,CAD,206668.30,FR,SETTLED
PAY-00003011,CLIENT-0129,ACC-000384,2026-05-12,OUTBOUND,ACH,EUR,10291.36,NL,SETTLED
PAY-00003012,CLIENT-0196,ACC-000581,2025-03-23,INBOUND,ACH,USD,159951.65,CA,SETTLED
PAY-00003013,CLIENT-0196,ACC-000580,2025-04-16,OUTBOUND,SWIFT,USD,48326.76,US,SETTLED
PAY-00003014,CLIENT-0092,ACC-000262,2024-06-10,OUTBOUND,WIRE,USD,233081.57,CH,SETTLED
PAY-00003015,CLIENT-0071,ACC-000197,2025-04-20,OUTBOUND,ACH,EUR,53392.13,JP,SETTLED
PAY-00003016,CLIENT-0237,ACC-000713,2026-05-03,OUTBOUND,ACH,CAD,126287.29,FR,SETTLED
PAY-00003017,CLIENT-0235,ACC-000704,2025-07-11,OUTBOUND,BOOK_TRANSFER,MXN,88685.75,CA,SETTLED
PAY-00003018,CLIENT-0418,ACC-001234,2026-01-14,INBOUND,BOOK_TRANSFER,USD,236863.66,BR,SETTLED
PAY-00003019,CLIENT-0467,ACC-001385,2025-07-23,INBOUND,CARD,USD,9640.40,BR,SETTLED
PAY-00003020,CLIENT-0359,ACC-001054,2025-08-08,OUTBOUND,ACH,USD,220865.77,SG,SETTLED
PAY-00003021,CLIENT-0333,ACC-000975,2024-10-10,OUTBOUND,SWIFT,EUR,180727.77,FR,SETTLED
PAY-00003022,CLIENT-0448,ACC-001319,2024-01-25,INBOUND,SEPA,EUR,200712.73,MX,PENDING
PAY-00003023,CLIENT-0427,ACC-001259,2026-07-09,INBOUND,FX_TRANSFER,JPY,239841.83,CA,SETTLED
PAY-00003024,CLIENT-0474,ACC-001404,2026-05-13,OUTBOUND,SEPA,USD,587.42,BR,SETTLED
PAY-00003025,CLIENT-0387,ACC-001122,2024-10-03,OUTBOUND,BOOK_TRANSFER,USD,6203.06,CA,SETTLED
PAY-00003026,CLIENT-0434,ACC-001281,2025-10-24,OUTBOUND,SEPA,AED,141926.71,DE,SETTLED
PAY-00003027,CLIENT-0189,ACC-000567,2025-08-27,OUTBOUND,ACH,USD,14637.47,AE,PENDING
PAY-00003028,CLIENT-0340,ACC-000993,2026-03-23,INBOUND,ACH,USD,11011.48,DE,SETTLED
PAY-00003029,CLIENT-0117,ACC-000343,2026-05-08,INBOUND,FX_TRANSFER,USD,60283.76,FR,SETTLED
PAY-00003030,CLIENT-0110,ACC-000316,2026-03-12,INBOUND,SEPA,USD,9078.85,CA,SETTLED
PAY-00003031,CLIENT-0330,ACC-000970,2024-02-04,INBOUND,ACH,GBP,86620.41,CH,SETTLED
PAY-00003032,CLIENT-0324,ACC-000952,2025-03-31,INBOUND,REAL_TIME_PAYMENT,EUR,228541.66,NL,SETTLED
PAY-00003033,CLIENT-0048,ACC-000131,2026-07-23,INBOUND,SWIFT,USD,246610.22,BR,SETTLED
PAY-00003034,CLIENT-0191,ACC-000570,2026-01-24,OUTBOUND,CARD,EUR,203929.79,CH,SETTLED
PAY-00003035,CLIENT-0373,ACC-001086,2025-04-21,OUTBOUND,REAL_TIME_PAYMENT,USD,67084.98,CA,SETTLED
PAY-00003036,CLIENT-0378,ACC-001097,2026-05-04,INBOUND,ACH,EUR,35191.79,NL,SETTLED
PAY-00003037,CLIENT-0122,ACC-000359,2025-05-04,OUTBOUND,CARD,USD,185113.68,JP,REJECTED
PAY-00003038,CLIENT-0325,ACC-000953,2026-04-07,INBOUND,SEPA,JPY,8076.68,AU,SETTLED
PAY-00003039,CLIENT-0482,ACC-001431,2026-01-02,INBOUND,BOOK_TRANSFER,USD,5749.77,AU,SETTLED
PAY-00003040,CLIENT-0122,ACC-000363,2025-04-21,INBOUND,SWIFT,USD,160723.62,FR,SETTLED
PAY-00003041,CLIENT-0204,ACC-000611,2026-07-06,OUTBOUND,BOOK_TRANSFER,USD,1385.65,CA,REJECTED
PAY-00003042,CLIENT-0478,ACC-001414,2026-05-23,OUTBOUND,CARD,CAD,229065.42,US,SETTLED
PAY-00003043,CLIENT-0359,ACC-001054,2025-07-12,INBOUND,SWIFT,USD,130437.78,BR,SETTLED
PAY-00003044,CLIENT-0381,ACC-001106,2025-09-20,INBOUND,BOOK_TRANSFER,CHF,104469.16,GB,SETTLED
PAY-00003045,CLIENT-0321,ACC-000944,2026-07-04,INBOUND,SWIFT,USD,221579.71,CA,SETTLED
PAY-00003046,CLIENT-0442,ACC-001306,2026-07-01,INBOUND,REAL_TIME_PAYMENT,USD,2363.35,AU,PENDING
PAY-00003047,CLIENT-0248,ACC-000747,2024-09-05,INBOUND,SWIFT,USD,112864.65,MX,SETTLED
PAY-00003048,CLIENT-0435,ACC-001282,2026-02-14,INBOUND,SEPA,SGD,9267.60,AU,SETTLED
PAY-00003049,CLIENT-0489,ACC-001459,2024-10-30,OUTBOUND,SEPA,GBP,150920.49,DE,PENDING
PAY-00003050,CLIENT-0139,ACC-000413,2025-07-05,INBOUND,CARD,INR,169109.78,CH,SETTLED
PAY-00003051,CLIENT-0367,ACC-001072,2024-03-14,OUTBOUND,CARD,GBP,134874.41,AE,SETTLED
PAY-00003052,CLIENT-0074,ACC-000208,2024-07-19,INBOUND,FX_TRANSFER,USD,239922.19,NL,SETTLED
PAY-00003053,CLIENT-0188,ACC-000564,2026-05-26,INBOUND,REAL_TIME_PAYMENT,EUR,50163.10,NL,SETTLED
PAY-00003054,CLIENT-0087,ACC-000247,2024-12-22,OUTBOUND,REAL_TIME_PAYMENT,GBP,83135.66,CA,SETTLED
PAY-00003055,CLIENT-0098,ACC-000283,2026-06-10,OUTBOUND,REAL_TIME_PAYMENT,USD,172447.61,JP,SETTLED
PAY-00003056,CLIENT-0005,ACC-000010,2025-10-15,INBOUND,ACH,CAD,73886.78,AU,SETTLED
PAY-00003057,CLIENT-0135,ACC-000403,2026-05-22,INBOUND,REAL_TIME_PAYMENT,USD,14073.61,CA,SETTLED
PAY-00003058,CLIENT-0215,ACC-000644,2025-09-30,INBOUND,ACH,SGD,5853.88,AU,SETTLED
PAY-00003059,CLIENT-0032,ACC-000088,2026-03-29,INBOUND,BOOK_TRANSFER,USD,212772.56,AE,SETTLED
PAY-00003060,CLIENT-0455,ACC-001341,2025-05-10,OUTBOUND,WIRE,SGD,27444.20,FR,SETTLED
PAY-00003061,CLIENT-0464,ACC-001367,2025-10-21,INBOUND,REAL_TIME_PAYMENT,USD,168560.92,NL,SETTLED
PAY-00003062,CLIENT-0095,ACC-000270,2026-05-05,OUTBOUND,REAL_TIME_PAYMENT,USD,47871.87,NL,PENDING
PAY-00003063,CLIENT-0167,ACC-000504,2026-04-18,OUTBOUND,FX_TRANSFER,USD,3697.55,AE,SETTLED
PAY-00003064,CLIENT-0110,ACC-000319,2026-02-18,OUTBOUND,SWIFT,CAD,5846.59,AE,SETTLED
PAY-00003065,CLIENT-0096,ACC-000275,2026-06-23,OUTBOUND,CARD,EUR,10757.29,AE,SETTLED
PAY-00003066,CLIENT-0059,ACC-000164,2026-03-26,OUTBOUND,SEPA,MXN,116299.41,CA,PENDING
PAY-00003067,CLIENT-0131,ACC-000388,2024-11-11,OUTBOUND,REAL_TIME_PAYMENT,USD,134368.28,DE,SETTLED
PAY-00003068,CLIENT-0165,ACC-000497,2024-03-27,OUTBOUND,SEPA,USD,12336.79,US,SETTLED
PAY-00003069,CLIENT-0465,ACC-001373,2024-11-11,OUTBOUND,FX_TRANSFER,USD,6539.56,JP,SETTLED
PAY-00003070,CLIENT-0194,ACC-000576,2026-04-08,OUTBOUND,SEPA,USD,71218.31,FR,SETTLED
PAY-00003071,CLIENT-0221,ACC-000661,2024-11-13,OUTBOUND,WIRE,USD,128469.52,CA,SETTLED
PAY-00003072,CLIENT-0064,ACC-000178,2024-03-22,OUTBOUND,REAL_TIME_PAYMENT,USD,247874.40,JP,RETURNED
PAY-00003073,CLIENT-0476,ACC-001408,2024-03-26,INBOUND,SEPA,USD,75839.02,NL,SETTLED
PAY-00003074,CLIENT-0375,ACC-001090,2026-04-16,OUTBOUND,SEPA,INR,67077.59,BR,SETTLED
PAY-00003075,CLIENT-0235,ACC-000706,2026-03-27,INBOUND,CARD,USD,57673.86,IE,SETTLED
PAY-00003076,CLIENT-0406,ACC-001193,2026-06-20,OUTBOUND,FX_TRANSFER,EUR,50361.78,US,RETURNED
PAY-00003077,CLIENT-0056,ACC-000159,2026-04-09,INBOUND,ACH,MXN,115306.19,CA,SETTLED
PAY-00003078,CLIENT-0258,ACC-000775,2025-10-20,INBOUND,SEPA,USD,2154.15,IN,SETTLED
PAY-00003079,CLIENT-0328,ACC-000966,2026-01-20,INBOUND,CARD,USD,239064.44,AU,SETTLED
PAY-00003080,CLIENT-0199,ACC-000595,2024-06-26,OUTBOUND,ACH,EUR,377.18,FR,SETTLED
PAY-00003081,CLIENT-0223,ACC-000667,2025-06-07,OUTBOUND,SEPA,USD,27817.37,DE,SETTLED
PAY-00003082,CLIENT-0311,ACC-000919,2026-04-18,INBOUND,SWIFT,INR,84085.84,DE,PENDING
PAY-00003083,CLIENT-0033,ACC-000089,2025-11-15,INBOUND,SWIFT,INR,94483.63,NL,SETTLED
PAY-00003084,CLIENT-0388,ACC-001128,2026-07-27,INBOUND,SEPA,EUR,168632.48,NL,SETTLED
PAY-00003085,CLIENT-0418,ACC-001237,2026-07-04,INBOUND,CARD,USD,118633.43,CA,PENDING
PAY-00003086,CLIENT-0411,ACC-001207,2026-03-21,INBOUND,ACH,MXN,114494.28,FR,SETTLED
PAY-00003087,CLIENT-0249,ACC-000751,2026-07-30,OUTBOUND,CARD,USD,91282.83,CA,SETTLED
PAY-00003088,CLIENT-0466,ACC-001380,2026-01-16,OUTBOUND,FX_TRANSFER,INR,27842.15,AE,SETTLED
PAY-00003089,CLIENT-0486,ACC-001447,2024-03-13,OUTBOUND,SWIFT,CHF,210149.11,IN,SETTLED
PAY-00003090,CLIENT-0307,ACC-000905,2024-01-30,OUTBOUND,FX_TRANSFER,USD,241131.04,US,SETTLED
PAY-00003091,CLIENT-0431,ACC-001271,2026-02-13,OUTBOUND,SEPA,MXN,4426.12,CA,SETTLED
PAY-00003092,CLIENT-0311,ACC-000917,2024-12-05,OUTBOUND,SEPA,INR,55400.84,SG,REJECTED
PAY-00003093,CLIENT-0356,ACC-001044,2024-07-18,OUTBOUND,WIRE,USD,22622.65,JP,SETTLED
PAY-00003094,CLIENT-0296,ACC-000874,2026-06-09,OUTBOUND,ACH,EUR,188791.86,JP,SETTLED
PAY-00003095,CLIENT-0097,ACC-000280,2024-11-28,INBOUND,SEPA,EUR,69528.58,BR,SETTLED
PAY-00003096,CLIENT-0409,ACC-001200,2026-07-18,OUTBOUND,BOOK_TRANSFER,USD,75162.81,AU,SETTLED
PAY-00003097,CLIENT-0230,ACC-000685,2026-04-30,OUTBOUND,SEPA,JPY,179762.38,FR,SETTLED
PAY-00003098,CLIENT-0343,ACC-001003,2024-04-17,INBOUND,REAL_TIME_PAYMENT,USD,169182.63,CH,SETTLED
PAY-00003099,CLIENT-0477,ACC-001412,2026-04-15,INBOUND,ACH,USD,12875.59,IN,SETTLED
PAY-00003100,CLIENT-0139,ACC-000414,2024-02-23,OUTBOUND,ACH,EUR,90680.79,IE,SETTLED
PAY-00003101,CLIENT-0253,ACC-000761,2026-01-04,OUTBOUND,FX_TRANSFER,USD,33018.75,CH,SETTLED
PAY-00003102,CLIENT-0216,ACC-000646,2026-04-02,OUTBOUND,SWIFT,AUD,14583.33,IN,SETTLED
PAY-00003103,CLIENT-0160,ACC-000482,2026-03-11,INBOUND,ACH,CAD,2730.08,NL,SETTLED
PAY-00003104,CLIENT-0156,ACC-000472,2025-09-22,OUTBOUND,FX_TRANSFER,USD,177535.62,SG,SETTLED
PAY-00003105,CLIENT-0332,ACC-000974,2026-02-13,INBOUND,WIRE,USD,189854.49,DE,SETTLED
PAY-00003106,CLIENT-0085,ACC-000241,2024-06-19,INBOUND,CARD,USD,2502.98,SG,SETTLED
PAY-00003107,CLIENT-0418,ACC-001238,2026-07-31,INBOUND,BOOK_TRANSFER,USD,81184.25,DE,SETTLED
PAY-00003108,CLIENT-0275,ACC-000823,2026-07-10,INBOUND,WIRE,USD,98886.28,GB,SETTLED
PAY-00003109,CLIENT-0198,ACC-000592,2026-02-23,INBOUND,FX_TRANSFER,USD,12027.13,CH,PENDING
PAY-00003110,CLIENT-0131,ACC-000387,2025-08-06,INBOUND,WIRE,EUR,132597.16,NL,SETTLED
PAY-00003111,CLIENT-0201,ACC-000603,2024-07-01,OUTBOUND,FX_TRANSFER,USD,6096.63,US,SETTLED
PAY-00003112,CLIENT-0305,ACC-000896,2026-07-22,OUTBOUND,BOOK_TRANSFER,USD,8137.46,CH,SETTLED
PAY-00003113,CLIENT-0108,ACC-000310,2025-11-13,OUTBOUND,WIRE,USD,144656.72,CA,SETTLED
PAY-00003114,CLIENT-0140,ACC-000419,2026-02-20,OUTBOUND,FX_TRANSFER,EUR,214139.69,IE,SETTLED
PAY-00003115,CLIENT-0230,ACC-000686,2025-11-28,INBOUND,FX_TRANSFER,JPY,149267.90,MX,SETTLED
PAY-00003116,CLIENT-0298,ACC-000880,2026-05-03,OUTBOUND,SWIFT,USD,11286.60,AE,SETTLED
PAY-00003117,CLIENT-0439,ACC-001296,2026-05-26,OUTBOUND,CARD,MXN,127566.62,GB,SETTLED
PAY-00003118,CLIENT-0217,ACC-000647,2026-04-21,INBOUND,FX_TRANSFER,USD,246413.22,NL,SETTLED
PAY-00003119,CLIENT-0389,ACC-001129,2024-08-02,OUTBOUND,FX_TRANSFER,USD,1519.18,AE,PENDING
PAY-00003120,CLIENT-0236,ACC-000709,2026-03-29,INBOUND,WIRE,USD,5513.36,MX,SETTLED
PAY-00003121,CLIENT-0155,ACC-000464,2026-07-19,INBOUND,REAL_TIME_PAYMENT,JPY,2750.83,CH,SETTLED
PAY-00003122,CLIENT-0019,ACC-000053,2026-01-26,INBOUND,ACH,BRL,9427.41,AE,SETTLED
PAY-00003123,CLIENT-0392,ACC-001141,2026-06-13,INBOUND,CARD,USD,148688.38,JP,SETTLED
PAY-00003124,CLIENT-0395,ACC-001153,2026-03-31,OUTBOUND,SEPA,USD,389.72,CA,SETTLED
PAY-00003125,CLIENT-0121,ACC-000356,2025-04-09,OUTBOUND,FX_TRANSFER,USD,1438.99,NL,SETTLED
PAY-00003126,CLIENT-0211,ACC-000629,2026-06-21,INBOUND,CARD,USD,122489.02,CH,PENDING
PAY-00003127,CLIENT-0286,ACC-000848,2026-07-24,INBOUND,BOOK_TRANSFER,GBP,212582.21,FR,SETTLED
PAY-00003128,CLIENT-0122,ACC-000360,2025-04-29,INBOUND,SEPA,USD,228132.03,IN,SETTLED
PAY-00003129,CLIENT-0245,ACC-000740,2025-05-27,OUTBOUND,FX_TRANSFER,EUR,155289.51,IN,REJECTED
PAY-00003130,CLIENT-0307,ACC-000906,2024-01-08,INBOUND,REAL_TIME_PAYMENT,USD,225687.71,CA,SETTLED
PAY-00003131,CLIENT-0299,ACC-000883,2024-09-08,OUTBOUND,WIRE,EUR,76090.92,AU,SETTLED
PAY-00003132,CLIENT-0437,ACC-001291,2026-01-26,OUTBOUND,BOOK_TRANSFER,USD,156803.46,IN,SETTLED
PAY-00003133,CLIENT-0250,ACC-000753,2026-05-05,OUTBOUND,REAL_TIME_PAYMENT,EUR,3626.43,SG,SETTLED
PAY-00003134,CLIENT-0019,ACC-000049,2025-04-29,OUTBOUND,WIRE,USD,5201.91,US,SETTLED
PAY-00003135,CLIENT-0168,ACC-000509,2024-07-21,INBOUND,BOOK_TRANSFER,EUR,4618.49,AU,SETTLED
PAY-00003136,CLIENT-0198,ACC-000590,2026-07-18,OUTBOUND,CARD,USD,14812.09,US,SETTLED
PAY-00003137,CLIENT-0196,ACC-000580,2025-11-06,INBOUND,CARD,USD,243148.38,CA,SETTLED
PAY-00003138,CLIENT-0285,ACC-000843,2025-09-27,INBOUND,CARD,BRL,7170.61,BR,SETTLED
PAY-00003139,CLIENT-0258,ACC-000775,2025-07-06,OUTBOUND,ACH,USD,5715.74,AU,SETTLED
PAY-00003140,CLIENT-0244,ACC-000735,2025-08-18,OUTBOUND,SEPA,EUR,377.16,NL,SETTLED
PAY-00003141,CLIENT-0027,ACC-000072,2025-10-21,OUTBOUND,WIRE,USD,210258.00,JP,SETTLED
PAY-00003142,CLIENT-0059,ACC-000166,2026-06-29,INBOUND,ACH,USD,133348.43,AU,SETTLED
PAY-00003143,CLIENT-0082,ACC-000228,2025-02-22,OUTBOUND,WIRE,JPY,8403.80,CH,SETTLED
PAY-00003144,CLIENT-0035,ACC-000094,2026-05-23,OUTBOUND,FX_TRANSFER,EUR,182451.15,NL,SETTLED
PAY-00003145,CLIENT-0388,ACC-001128,2025-11-16,INBOUND,REAL_TIME_PAYMENT,EUR,51098.67,AU,SETTLED
PAY-00003146,CLIENT-0388,ACC-001128,2025-09-08,OUTBOUND,BOOK_TRANSFER,EUR,93440.75,IE,PENDING
PAY-00003147,CLIENT-0395,ACC-001152,2026-07-06,OUTBOUND,BOOK_TRANSFER,USD,196848.63,MX,SETTLED
PAY-00003148,CLIENT-0003,ACC-000008,2025-06-13,OUTBOUND,FX_TRANSFER,USD,129427.39,CA,SETTLED
PAY-00003149,CLIENT-0259,ACC-000778,2024-01-20,OUTBOUND,BOOK_TRANSFER,EUR,225052.89,IE,SETTLED
PAY-00003150,CLIENT-0121,ACC-000357,2026-06-23,OUTBOUND,SWIFT,USD,14302.45,AU,SETTLED
PAY-00003151,CLIENT-0131,ACC-000389,2026-05-02,OUTBOUND,SEPA,AUD,47140.22,SG,REJECTED
PAY-00003152,CLIENT-0282,ACC-000837,2024-04-18,INBOUND,SEPA,EUR,7223.65,US,SETTLED
PAY-00003153,CLIENT-0474,ACC-001401,2026-06-19,OUTBOUND,SEPA,CHF,85025.53,IN,SETTLED
PAY-00003154,CLIENT-0008,ACC-000014,2025-03-25,INBOUND,WIRE,BRL,121220.24,CA,REJECTED
PAY-00003155,CLIENT-0139,ACC-000414,2025-10-28,OUTBOUND,FX_TRANSFER,EUR,194476.11,US,SETTLED
PAY-00003156,CLIENT-0448,ACC-001320,2026-06-15,OUTBOUND,WIRE,EUR,35483.70,AE,SETTLED
PAY-00003157,CLIENT-0421,ACC-001244,2026-07-09,INBOUND,ACH,EUR,187038.29,DE,REJECTED
PAY-00003158,CLIENT-0314,ACC-000924,2025-01-15,OUTBOUND,BOOK_TRANSFER,EUR,237447.32,BR,SETTLED
PAY-00003159,CLIENT-0066,ACC-000183,2026-06-11,INBOUND,ACH,USD,285.11,US,SETTLED
PAY-00003160,CLIENT-0379,ACC-001101,2026-01-15,OUTBOUND,REAL_TIME_PAYMENT,EUR,10995.33,CA,RETURNED
PAY-00003161,CLIENT-0403,ACC-001183,2026-06-26,INBOUND,CARD,USD,221823.49,AU,SETTLED
PAY-00003162,CLIENT-0457,ACC-001350,2026-07-25,OUTBOUND,ACH,EUR,5001.00,MX,PENDING
PAY-00003163,CLIENT-0384,ACC-001117,2026-04-26,OUTBOUND,CARD,USD,8008.80,AE,SETTLED
PAY-00003164,CLIENT-0445,ACC-001311,2025-12-18,OUTBOUND,ACH,USD,26284.21,BR,SETTLED
PAY-00003165,CLIENT-0230,ACC-000688,2026-07-16,OUTBOUND,BOOK_TRANSFER,USD,22912.31,CA,SETTLED
PAY-00003166,CLIENT-0408,ACC-001199,2026-05-13,OUTBOUND,WIRE,EUR,112069.81,NL,SETTLED
PAY-00003167,CLIENT-0111,ACC-000322,2024-02-24,OUTBOUND,FX_TRANSFER,USD,8708.66,FR,SETTLED
PAY-00003168,CLIENT-0180,ACC-000543,2024-03-06,OUTBOUND,ACH,USD,128228.25,AU,SETTLED
PAY-00003169,CLIENT-0196,ACC-000582,2025-11-02,OUTBOUND,SWIFT,USD,47203.61,AE,REJECTED
PAY-00003170,CLIENT-0202,ACC-000608,2026-03-10,INBOUND,CARD,USD,172007.32,AU,PENDING
PAY-00003171,CLIENT-0095,ACC-000267,2026-07-23,INBOUND,REAL_TIME_PAYMENT,USD,194643.41,DE,SETTLED
PAY-00003172,CLIENT-0039,ACC-000107,2026-06-13,INBOUND,FX_TRANSFER,EUR,196500.52,US,SETTLED
PAY-00003173,CLIENT-0418,ACC-001238,2026-07-30,INBOUND,ACH,USD,48832.82,NL,PENDING
PAY-00003174,CLIENT-0049,ACC-000133,2024-11-29,OUTBOUND,SEPA,USD,37904.77,US,SETTLED
PAY-00003175,CLIENT-0481,ACC-001428,2026-05-28,OUTBOUND,CARD,USD,212505.20,NL,SETTLED
PAY-00003176,CLIENT-0418,ACC-001234,2026-01-08,INBOUND,SEPA,USD,47700.73,CA,SETTLED
PAY-00003177,CLIENT-0074,ACC-000208,2024-06-10,OUTBOUND,REAL_TIME_PAYMENT,USD,106037.65,AE,SETTLED
PAY-00003178,CLIENT-0039,ACC-000107,2026-07-05,OUTBOUND,CARD,EUR,176262.04,IE,SETTLED
PAY-00003179,CLIENT-0410,ACC-001203,2025-05-01,OUTBOUND,ACH,JPY,184305.67,BR,SETTLED
PAY-00003180,CLIENT-0047,ACC-000126,2024-01-30,OUTBOUND,FX_TRANSFER,USD,107155.18,MX,SETTLED
PAY-00003181,CLIENT-0249,ACC-000750,2026-03-10,INBOUND,FX_TRANSFER,EUR,69154.75,DE,SETTLED
PAY-00003182,CLIENT-0139,ACC-000416,2026-02-20,OUTBOUND,WIRE,INR,125965.38,JP,PENDING
PAY-00003183,CLIENT-0212,ACC-000631,2024-08-18,OUTBOUND,SWIFT,USD,65.20,IN,SETTLED
PAY-00003184,CLIENT-0105,ACC-000298,2026-06-15,INBOUND,REAL_TIME_PAYMENT,SGD,8869.46,IN,SETTLED
PAY-00003185,CLIENT-0237,ACC-000710,2026-04-16,OUTBOUND,FX_TRANSFER,USD,103158.62,CA,SETTLED
PAY-00003186,CLIENT-0208,ACC-000619,2024-02-06,OUTBOUND,SWIFT,AED,101968.42,JP,SETTLED
PAY-00003187,CLIENT-0150,ACC-000453,2024-09-28,INBOUND,FX_TRANSFER,USD,68989.11,MX,SETTLED
PAY-00003188,CLIENT-0483,ACC-001435,2025-04-09,INBOUND,SEPA,CAD,8327.01,SG,SETTLED
PAY-00003189,CLIENT-0021,ACC-000058,2025-05-07,OUTBOUND,BOOK_TRANSFER,GBP,105208.84,BR,SETTLED
PAY-00003190,CLIENT-0103,ACC-000296,2024-05-31,INBOUND,FX_TRANSFER,USD,243637.25,GB,SETTLED
PAY-00003191,CLIENT-0218,ACC-000648,2025-08-19,OUTBOUND,WIRE,MXN,105586.90,AU,SETTLED
PAY-00003192,CLIENT-0072,ACC-000200,2026-06-30,OUTBOUND,REAL_TIME_PAYMENT,GBP,12220.68,US,SETTLED
PAY-00003193,CLIENT-0194,ACC-000575,2026-04-15,INBOUND,BOOK_TRANSFER,EUR,152830.12,SG,SETTLED
PAY-00003194,CLIENT-0156,ACC-000469,2026-06-25,INBOUND,SWIFT,USD,162539.26,AE,SETTLED
PAY-00003195,CLIENT-0306,ACC-000901,2025-07-09,OUTBOUND,SWIFT,EUR,5290.59,IE,SETTLED
PAY-00003196,CLIENT-0372,ACC-001083,2025-09-14,INBOUND,REAL_TIME_PAYMENT,USD,10494.94,FR,SETTLED
PAY-00003197,CLIENT-0124,ACC-000369,2026-02-21,OUTBOUND,REAL_TIME_PAYMENT,USD,166040.66,CA,SETTLED
PAY-00003198,CLIENT-0039,ACC-000108,2026-05-29,OUTBOUND,WIRE,USD,63298.62,CA,SETTLED
PAY-00003199,CLIENT-0392,ACC-001141,2026-07-22,OUTBOUND,BOOK_TRANSFER,USD,150105.41,US,SETTLED
PAY-00003200,CLIENT-0324,ACC-000952,2026-07-10,OUTBOUND,ACH,EUR,161872.06,DE,PENDING
PAY-00003201,CLIENT-0375,ACC-001088,2024-03-09,INBOUND,SWIFT,USD,49930.69,MX,SETTLED
PAY-00003202,CLIENT-0375,ACC-001090,2025-04-06,OUTBOUND,SEPA,INR,205699.18,FR,SETTLED
PAY-00003203,CLIENT-0488,ACC-001453,2026-01-02,INBOUND,BOOK_TRANSFER,USD,75915.15,IE,SETTLED
PAY-00003204,CLIENT-0111,ACC-000322,2026-02-19,OUTBOUND,CARD,USD,1393.61,FR,SETTLED
PAY-00003205,CLIENT-0313,ACC-000922,2026-06-08,OUTBOUND,SWIFT,USD,192857.33,CA,SETTLED
PAY-00003206,CLIENT-0226,ACC-000674,2026-03-18,INBOUND,WIRE,USD,26720.90,AU,SETTLED
PAY-00003207,CLIENT-0063,ACC-000174,2025-04-15,OUTBOUND,BOOK_TRANSFER,SGD,7271.40,NL,SETTLED
PAY-00003208,CLIENT-0131,ACC-000390,2025-01-10,OUTBOUND,SEPA,USD,202115.63,US,SETTLED
PAY-00003209,CLIENT-0047,ACC-000126,2025-12-16,INBOUND,REAL_TIME_PAYMENT,USD,47538.06,CA,SETTLED
PAY-00003210,CLIENT-0361,ACC-001056,2026-05-03,OUTBOUND,REAL_TIME_PAYMENT,EUR,195976.64,NL,SETTLED
PAY-00003211,CLIENT-0208,ACC-000618,2025-08-18,OUTBOUND,SWIFT,AED,65890.35,AU,SETTLED
PAY-00003212,CLIENT-0356,ACC-001044,2025-04-30,INBOUND,ACH,USD,54121.73,GB,SETTLED
PAY-00003213,CLIENT-0249,ACC-000751,2026-07-26,OUTBOUND,WIRE,USD,15812.45,MX,SETTLED
PAY-00003214,CLIENT-0359,ACC-001052,2026-07-23,INBOUND,WIRE,AUD,32428.78,MX,SETTLED
PAY-00003215,CLIENT-0305,ACC-000895,2025-11-06,INBOUND,BOOK_TRANSFER,USD,9589.06,JP,SETTLED
PAY-00003216,CLIENT-0355,ACC-001043,2026-03-10,OUTBOUND,SWIFT,USD,205422.96,US,SETTLED
PAY-00003217,CLIENT-0270,ACC-000804,2024-03-04,INBOUND,REAL_TIME_PAYMENT,USD,1397.96,NL,SETTLED
PAY-00003218,CLIENT-0045,ACC-000120,2025-12-05,OUTBOUND,WIRE,USD,124775.59,IE,SETTLED
PAY-00003219,CLIENT-0234,ACC-000702,2026-01-07,OUTBOUND,SEPA,EUR,16737.45,MX,SETTLED
PAY-00003220,CLIENT-0460,ACC-001357,2025-09-02,INBOUND,BOOK_TRANSFER,USD,124565.68,CH,SETTLED
PAY-00003221,CLIENT-0301,ACC-000887,2026-04-19,OUTBOUND,SWIFT,USD,177456.50,IN,PENDING
PAY-00003222,CLIENT-0021,ACC-000059,2025-08-25,OUTBOUND,ACH,USD,241766.78,NL,SETTLED
PAY-00003223,CLIENT-0487,ACC-001448,2026-04-16,OUTBOUND,WIRE,EUR,163818.54,IE,SETTLED
PAY-00003224,CLIENT-0232,ACC-000695,2024-05-13,INBOUND,REAL_TIME_PAYMENT,USD,121883.16,GB,SETTLED
PAY-00003225,CLIENT-0500,ACC-001490,2026-01-20,INBOUND,REAL_TIME_PAYMENT,USD,7170.72,US,SETTLED
PAY-00003226,CLIENT-0157,ACC-000476,2026-04-03,INBOUND,SEPA,GBP,109077.57,CH,SETTLED
PAY-00003227,CLIENT-0125,ACC-000370,2025-12-17,INBOUND,ACH,EUR,208760.35,BR,SETTLED
PAY-00003228,CLIENT-0199,ACC-000597,2026-03-27,INBOUND,ACH,USD,6425.09,US,SETTLED
PAY-00003229,CLIENT-0237,ACC-000713,2025-10-15,INBOUND,SEPA,CAD,70039.70,CA,SETTLED
PAY-00003230,CLIENT-0184,ACC-000553,2026-01-12,OUTBOUND,WIRE,EUR,1807.88,GB,SETTLED
PAY-00003231,CLIENT-0197,ACC-000585,2026-07-21,OUTBOUND,CARD,JPY,47520.76,CH,SETTLED
PAY-00003232,CLIENT-0321,ACC-000941,2026-03-14,OUTBOUND,ACH,USD,72136.91,CH,SETTLED
PAY-00003233,CLIENT-0267,ACC-000797,2025-04-21,OUTBOUND,CARD,USD,13467.70,DE,RETURNED
PAY-00003234,CLIENT-0490,ACC-001462,2025-06-17,INBOUND,SWIFT,BRL,1914.33,BR,SETTLED
PAY-00003235,CLIENT-0482,ACC-001430,2026-05-01,OUTBOUND,ACH,BRL,144506.71,DE,PENDING
PAY-00003236,CLIENT-0172,ACC-000522,2026-04-26,OUTBOUND,BOOK_TRANSFER,EUR,185208.05,DE,PENDING
PAY-00003237,CLIENT-0087,ACC-000245,2026-01-22,OUTBOUND,ACH,EUR,36364.18,GB,SETTLED
PAY-00003238,CLIENT-0092,ACC-000260,2026-07-26,OUTBOUND,SWIFT,AUD,69994.52,SG,SETTLED
PAY-00003239,CLIENT-0082,ACC-000226,2025-10-14,INBOUND,FX_TRANSFER,EUR,4765.75,CA,SETTLED
PAY-00003240,CLIENT-0433,ACC-001276,2024-12-03,OUTBOUND,ACH,USD,236504.82,US,SETTLED
PAY-00003241,CLIENT-0067,ACC-000185,2026-07-17,OUTBOUND,SWIFT,USD,81736.30,BR,SETTLED
PAY-00003242,CLIENT-0120,ACC-000352,2026-04-15,INBOUND,FX_TRANSFER,CHF,84009.04,BR,SETTLED
PAY-00003243,CLIENT-0305,ACC-000896,2026-06-15,OUTBOUND,BOOK_TRANSFER,USD,8822.27,MX,RETURNED
PAY-00003244,CLIENT-0112,ACC-000323,2026-05-18,OUTBOUND,ACH,EUR,107101.35,IE,SETTLED
PAY-00003245,CLIENT-0083,ACC-000232,2024-10-26,OUTBOUND,FX_TRANSFER,EUR,133611.17,IN,SETTLED
PAY-00003246,CLIENT-0381,ACC-001106,2026-02-04,INBOUND,ACH,CHF,241752.74,JP,SETTLED
PAY-00003247,CLIENT-0252,ACC-000757,2026-07-29,INBOUND,REAL_TIME_PAYMENT,USD,10178.67,BR,SETTLED
PAY-00003248,CLIENT-0100,ACC-000289,2026-06-27,OUTBOUND,REAL_TIME_PAYMENT,EUR,205682.51,GB,SETTLED
PAY-00003249,CLIENT-0189,ACC-000568,2024-10-30,OUTBOUND,SWIFT,USD,14813.79,IN,SETTLED
PAY-00003250,CLIENT-0013,ACC-000031,2025-08-18,OUTBOUND,SEPA,USD,187197.65,GB,SETTLED
PAY-00003251,CLIENT-0389,ACC-001129,2024-03-28,OUTBOUND,CARD,USD,6130.64,IE,SETTLED
PAY-00003252,CLIENT-0465,ACC-001375,2025-05-19,INBOUND,SEPA,USD,9697.34,US,SETTLED
PAY-00003253,CLIENT-0146,ACC-000439,2026-02-13,INBOUND,REAL_TIME_PAYMENT,USD,81442.14,FR,SETTLED
PAY-00003254,CLIENT-0451,ACC-001334,2026-07-10,OUTBOUND,CARD,USD,5274.30,NL,SETTLED
PAY-00003255,CLIENT-0162,ACC-000492,2026-05-29,OUTBOUND,SWIFT,EUR,3811.26,IE,SETTLED
PAY-00003256,CLIENT-0269,ACC-000802,2025-12-13,OUTBOUND,SWIFT,BRL,28977.75,IN,SETTLED
PAY-00003257,CLIENT-0145,ACC-000431,2024-06-13,OUTBOUND,FX_TRANSFER,USD,32974.67,GB,PENDING
PAY-00003258,CLIENT-0402,ACC-001180,2024-02-14,OUTBOUND,SEPA,EUR,67918.90,DE,SETTLED
PAY-00003259,CLIENT-0346,ACC-001013,2024-09-12,OUTBOUND,SWIFT,USD,37527.63,DE,SETTLED
PAY-00003260,CLIENT-0120,ACC-000352,2026-02-11,INBOUND,SEPA,CHF,196310.20,BR,SETTLED
PAY-00003261,CLIENT-0204,ACC-000611,2026-07-11,OUTBOUND,WIRE,USD,10050.59,FR,PENDING
PAY-00003262,CLIENT-0386,ACC-001120,2024-08-30,INBOUND,SWIFT,USD,22037.63,US,SETTLED
PAY-00003263,CLIENT-0214,ACC-000638,2025-08-28,OUTBOUND,CARD,BRL,189333.30,GB,SETTLED
PAY-00003264,CLIENT-0046,ACC-000121,2026-02-10,OUTBOUND,REAL_TIME_PAYMENT,USD,2849.79,IE,SETTLED
PAY-00003265,CLIENT-0123,ACC-000367,2026-06-01,OUTBOUND,CARD,USD,226821.79,JP,SETTLED
PAY-00003266,CLIENT-0286,ACC-000846,2024-10-03,INBOUND,SEPA,USD,229549.44,FR,SETTLED
PAY-00003267,CLIENT-0120,ACC-000352,2025-09-21,OUTBOUND,REAL_TIME_PAYMENT,CHF,176287.57,MX,SETTLED
PAY-00003268,CLIENT-0010,ACC-000020,2025-08-17,OUTBOUND,ACH,GBP,219404.23,JP,SETTLED
PAY-00003269,CLIENT-0237,ACC-000711,2026-05-29,OUTBOUND,WIRE,CAD,128717.35,JP,PENDING
PAY-00003270,CLIENT-0427,ACC-001262,2026-03-28,INBOUND,BOOK_TRANSFER,USD,21592.46,BR,SETTLED
PAY-00003271,CLIENT-0179,ACC-000540,2025-10-21,OUTBOUND,SEPA,CAD,75951.00,FR,SETTLED
PAY-00003272,CLIENT-0149,ACC-000449,2025-09-12,INBOUND,ACH,USD,85365.33,FR,SETTLED
PAY-00003273,CLIENT-0198,ACC-000590,2026-01-11,OUTBOUND,FX_TRANSFER,USD,14665.83,AU,REJECTED
PAY-00003274,CLIENT-0232,ACC-000693,2024-04-16,OUTBOUND,BOOK_TRANSFER,USD,9437.02,CA,SETTLED
PAY-00003275,CLIENT-0074,ACC-000205,2025-10-25,INBOUND,WIRE,EUR,13275.45,IN,SETTLED
PAY-00003276,CLIENT-0337,ACC-000984,2026-06-08,OUTBOUND,SWIFT,CAD,6890.65,DE,SETTLED
PAY-00003277,CLIENT-0108,ACC-000310,2025-12-25,OUTBOUND,ACH,USD,75805.72,SG,SETTLED
PAY-00003278,CLIENT-0067,ACC-000186,2026-02-08,INBOUND,ACH,USD,192894.64,GB,SETTLED
PAY-00003279,CLIENT-0254,ACC-000763,2025-11-30,OUTBOUND,SWIFT,GBP,62375.21,JP,SETTLED
PAY-00003280,CLIENT-0125,ACC-000371,2024-06-24,INBOUND,BOOK_TRANSFER,MXN,128945.68,JP,SETTLED
PAY-00003281,CLIENT-0439,ACC-001297,2026-07-18,OUTBOUND,REAL_TIME_PAYMENT,USD,207506.38,IN,SETTLED
PAY-00003282,CLIENT-0152,ACC-000459,2025-05-02,INBOUND,REAL_TIME_PAYMENT,USD,5553.30,GB,SETTLED
PAY-00003283,CLIENT-0364,ACC-001064,2025-05-25,INBOUND,REAL_TIME_PAYMENT,USD,210322.38,BR,SETTLED
PAY-00003284,CLIENT-0333,ACC-000976,2025-05-10,OUTBOUND,SWIFT,EUR,24408.18,JP,SETTLED
PAY-00003285,CLIENT-0258,ACC-000775,2026-07-11,OUTBOUND,FX_TRANSFER,USD,10870.91,AU,SETTLED
PAY-00003286,CLIENT-0400,ACC-001171,2024-02-11,INBOUND,REAL_TIME_PAYMENT,USD,133936.00,JP,RETURNED
PAY-00003287,CLIENT-0259,ACC-000776,2025-07-03,OUTBOUND,ACH,EUR,34055.71,DE,SETTLED
PAY-00003288,CLIENT-0154,ACC-000462,2024-12-26,OUTBOUND,REAL_TIME_PAYMENT,GBP,10381.90,JP,SETTLED
PAY-00003289,CLIENT-0306,ACC-000903,2024-04-22,INBOUND,WIRE,EUR,7329.62,CH,SETTLED
PAY-00003290,CLIENT-0126,ACC-000375,2026-07-02,OUTBOUND,FX_TRANSFER,CAD,8048.13,JP,SETTLED
PAY-00003291,CLIENT-0055,ACC-000154,2024-09-30,OUTBOUND,ACH,BRL,77774.56,FR,SETTLED
PAY-00003292,CLIENT-0179,ACC-000538,2026-06-05,INBOUND,WIRE,AUD,235883.00,MX,SETTLED
PAY-00003293,CLIENT-0467,ACC-001385,2024-01-24,INBOUND,WIRE,USD,13659.38,IE,SETTLED
PAY-00003294,CLIENT-0339,ACC-000991,2026-05-13,OUTBOUND,REAL_TIME_PAYMENT,USD,186552.97,US,SETTLED
PAY-00003295,CLIENT-0197,ACC-000589,2026-07-29,INBOUND,SEPA,USD,20306.50,CA,SETTLED
PAY-00003296,CLIENT-0416,ACC-001228,2024-04-14,OUTBOUND,BOOK_TRANSFER,USD,240686.53,US,SETTLED
PAY-00003297,CLIENT-0110,ACC-000318,2026-04-12,OUTBOUND,SEPA,USD,108.94,DE,SETTLED
PAY-00003298,CLIENT-0283,ACC-000839,2025-03-31,OUTBOUND,SEPA,GBP,28060.41,US,SETTLED
PAY-00003299,CLIENT-0226,ACC-000675,2025-01-27,OUTBOUND,WIRE,USD,218751.48,SG,SETTLED
PAY-00003300,CLIENT-0471,ACC-001397,2024-10-19,OUTBOUND,SWIFT,USD,144394.70,SG,SETTLED
PAY-00003301,CLIENT-0395,ACC-001153,2026-04-17,OUTBOUND,REAL_TIME_PAYMENT,USD,192842.75,FR,PENDING
PAY-00003302,CLIENT-0231,ACC-000690,2026-07-19,INBOUND,SWIFT,EUR,151247.68,IE,REJECTED
PAY-00003303,CLIENT-0274,ACC-000819,2025-10-25,INBOUND,BOOK_TRANSFER,USD,12194.00,SG,SETTLED
PAY-00003304,CLIENT-0057,ACC-000160,2025-01-06,OUTBOUND,FX_TRANSFER,SGD,3934.19,IN,SETTLED
PAY-00003305,CLIENT-0026,ACC-000070,2026-03-22,INBOUND,REAL_TIME_PAYMENT,USD,101936.18,BR,SETTLED
PAY-00003306,CLIENT-0026,ACC-000070,2026-01-20,INBOUND,SWIFT,USD,246462.67,SG,SETTLED
PAY-00003307,CLIENT-0343,ACC-001002,2026-03-18,INBOUND,SEPA,CAD,182138.39,MX,PENDING
PAY-00003308,CLIENT-0053,ACC-000147,2026-05-25,OUTBOUND,SWIFT,USD,143986.68,IN,SETTLED
PAY-00003309,CLIENT-0209,ACC-000623,2025-10-28,OUTBOUND,BOOK_TRANSFER,USD,70045.57,MX,SETTLED
PAY-00003310,CLIENT-0200,ACC-000598,2026-05-16,OUTBOUND,ACH,AUD,6942.94,JP,SETTLED
PAY-00003311,CLIENT-0260,ACC-000780,2026-07-27,OUTBOUND,REAL_TIME_PAYMENT,USD,24457.77,FR,SETTLED
PAY-00003312,CLIENT-0238,ACC-000717,2025-11-23,OUTBOUND,REAL_TIME_PAYMENT,USD,218262.15,IN,SETTLED
PAY-00003313,CLIENT-0306,ACC-000902,2025-05-16,OUTBOUND,BOOK_TRANSFER,GBP,3100.13,BR,SETTLED
PAY-00003314,CLIENT-0013,ACC-000032,2024-11-21,OUTBOUND,SWIFT,USD,37478.40,AE,SETTLED
PAY-00003315,CLIENT-0457,ACC-001351,2025-12-16,INBOUND,REAL_TIME_PAYMENT,EUR,4380.78,IE,SETTLED
PAY-00003316,CLIENT-0219,ACC-000651,2026-04-03,INBOUND,CARD,USD,194173.95,AE,SETTLED
PAY-00003317,CLIENT-0179,ACC-000539,2026-07-23,INBOUND,FX_TRANSFER,USD,87297.35,US,SETTLED
PAY-00003318,CLIENT-0456,ACC-001345,2026-01-19,INBOUND,CARD,USD,171854.25,MX,SETTLED
PAY-00003319,CLIENT-0002,ACC-000006,2025-02-27,OUTBOUND,ACH,USD,222750.19,NL,SETTLED
PAY-00003320,CLIENT-0422,ACC-001246,2024-05-19,OUTBOUND,CARD,EUR,30713.77,CH,SETTLED
PAY-00003321,CLIENT-0019,ACC-000049,2026-02-26,OUTBOUND,SEPA,USD,9283.38,SG,SETTLED
PAY-00003322,CLIENT-0046,ACC-000124,2026-05-30,OUTBOUND,BOOK_TRANSFER,USD,9748.38,AU,SETTLED
PAY-00003323,CLIENT-0449,ACC-001324,2025-08-31,OUTBOUND,BOOK_TRANSFER,USD,196664.90,CA,SETTLED
PAY-00003324,CLIENT-0284,ACC-000840,2025-11-02,INBOUND,SEPA,USD,246251.49,US,SETTLED
PAY-00003325,CLIENT-0327,ACC-000963,2024-12-08,INBOUND,WIRE,USD,124700.53,FR,PENDING
PAY-00003326,CLIENT-0237,ACC-000713,2025-12-23,OUTBOUND,WIRE,CAD,55465.82,US,REJECTED
PAY-00003327,CLIENT-0025,ACC-000067,2025-01-25,OUTBOUND,REAL_TIME_PAYMENT,USD,45050.78,CA,SETTLED
PAY-00003328,CLIENT-0190,ACC-000569,2026-05-15,OUTBOUND,REAL_TIME_PAYMENT,AUD,11447.85,CH,SETTLED
PAY-00003329,CLIENT-0475,ACC-001406,2025-08-17,OUTBOUND,BOOK_TRANSFER,USD,119561.82,AU,SETTLED
PAY-00003330,CLIENT-0473,ACC-001400,2026-07-13,OUTBOUND,REAL_TIME_PAYMENT,EUR,123583.70,IN,SETTLED
PAY-00003331,CLIENT-0266,ACC-000795,2025-07-03,OUTBOUND,FX_TRANSFER,EUR,13154.98,CH,SETTLED
PAY-00003332,CLIENT-0473,ACC-001400,2026-07-28,INBOUND,ACH,EUR,188367.54,US,SETTLED
PAY-00003333,CLIENT-0018,ACC-000045,2026-07-06,INBOUND,SEPA,SGD,228225.31,MX,PENDING
PAY-00003334,CLIENT-0236,ACC-000709,2026-07-21,OUTBOUND,SEPA,USD,7980.64,NL,SETTLED
PAY-00003335,CLIENT-0064,ACC-000178,2024-03-24,OUTBOUND,ACH,USD,208414.59,SG,SETTLED
PAY-00003336,CLIENT-0062,ACC-000169,2026-07-24,OUTBOUND,SWIFT,EUR,46070.84,AE,SETTLED
PAY-00003337,CLIENT-0166,ACC-000500,2024-04-02,OUTBOUND,SEPA,USD,219509.46,SG,SETTLED
PAY-00003338,CLIENT-0081,ACC-000224,2026-05-21,INBOUND,WIRE,INR,206335.54,CA,SETTLED
PAY-00003339,CLIENT-0381,ACC-001106,2026-07-01,OUTBOUND,WIRE,CHF,197325.83,SG,SETTLED
PAY-00003340,CLIENT-0467,ACC-001384,2024-09-15,OUTBOUND,CARD,USD,14450.86,NL,SETTLED
PAY-00003341,CLIENT-0049,ACC-000133,2025-11-25,OUTBOUND,SWIFT,USD,37516.84,NL,SETTLED
PAY-00003342,CLIENT-0147,ACC-000441,2026-04-22,OUTBOUND,REAL_TIME_PAYMENT,EUR,179905.41,GB,SETTLED
PAY-00003343,CLIENT-0155,ACC-000466,2025-12-24,OUTBOUND,SEPA,JPY,82322.36,DE,SETTLED
PAY-00003344,CLIENT-0250,ACC-000753,2026-03-25,INBOUND,REAL_TIME_PAYMENT,EUR,2852.62,MX,PENDING
PAY-00003345,CLIENT-0084,ACC-000236,2024-04-26,INBOUND,REAL_TIME_PAYMENT,SGD,88516.11,SG,SETTLED
PAY-00003346,CLIENT-0270,ACC-000806,2024-05-28,INBOUND,CARD,CHF,10870.69,DE,SETTLED
PAY-00003347,CLIENT-0035,ACC-000095,2026-07-10,INBOUND,SEPA,EUR,189751.31,BR,PENDING
PAY-00003348,CLIENT-0215,ACC-000643,2026-05-03,INBOUND,FX_TRANSFER,EUR,12176.62,MX,SETTLED
PAY-00003349,CLIENT-0244,ACC-000736,2026-07-25,OUTBOUND,SWIFT,CHF,4633.70,DE,SETTLED
PAY-00003350,CLIENT-0482,ACC-001430,2026-06-17,INBOUND,REAL_TIME_PAYMENT,BRL,229369.86,IE,SETTLED
PAY-00003351,CLIENT-0132,ACC-000393,2025-11-20,OUTBOUND,BOOK_TRANSFER,USD,10106.43,BR,REJECTED
PAY-00003352,CLIENT-0073,ACC-000201,2025-03-04,OUTBOUND,FX_TRANSFER,USD,13529.61,NL,SETTLED
PAY-00003353,CLIENT-0461,ACC-001360,2026-01-11,INBOUND,SWIFT,EUR,115082.05,CH,SETTLED
PAY-00003354,CLIENT-0070,ACC-000194,2026-02-19,INBOUND,ACH,USD,163872.71,NL,SETTLED
PAY-00003355,CLIENT-0016,ACC-000039,2024-06-21,INBOUND,ACH,USD,9789.76,AU,SETTLED
PAY-00003356,CLIENT-0489,ACC-001460,2025-03-04,OUTBOUND,SWIFT,AED,57129.26,US,SETTLED
PAY-00003357,CLIENT-0048,ACC-000131,2026-07-06,INBOUND,FX_TRANSFER,USD,70798.52,US,SETTLED
PAY-00003358,CLIENT-0110,ACC-000318,2026-07-10,INBOUND,SWIFT,USD,13808.64,BR,SETTLED
PAY-00003359,CLIENT-0064,ACC-000178,2024-06-18,OUTBOUND,CARD,USD,84482.81,JP,RETURNED
PAY-00003360,CLIENT-0053,ACC-000147,2025-12-07,OUTBOUND,FX_TRANSFER,USD,62735.81,MX,SETTLED
PAY-00003361,CLIENT-0329,ACC-000967,2025-12-07,OUTBOUND,FX_TRANSFER,USD,5197.18,BR,SETTLED
PAY-00003362,CLIENT-0183,ACC-000550,2024-07-30,INBOUND,SWIFT,USD,944.45,BR,SETTLED
PAY-00003363,CLIENT-0155,ACC-000467,2025-08-17,INBOUND,REAL_TIME_PAYMENT,JPY,200343.99,GB,SETTLED
PAY-00003364,CLIENT-0383,ACC-001115,2024-03-24,OUTBOUND,REAL_TIME_PAYMENT,INR,151469.57,CH,SETTLED
PAY-00003365,CLIENT-0455,ACC-001342,2026-06-22,OUTBOUND,SEPA,USD,41378.87,DE,SETTLED
PAY-00003366,CLIENT-0262,ACC-000786,2026-06-07,INBOUND,REAL_TIME_PAYMENT,USD,3254.73,GB,SETTLED
PAY-00003367,CLIENT-0092,ACC-000262,2025-03-27,INBOUND,ACH,USD,190585.23,AE,SETTLED
PAY-00003368,CLIENT-0209,ACC-000621,2026-07-29,INBOUND,ACH,CAD,55411.62,IE,PENDING
PAY-00003369,CLIENT-0154,ACC-000462,2025-08-31,INBOUND,SEPA,GBP,5102.49,NL,SETTLED
PAY-00003370,CLIENT-0066,ACC-000183,2025-10-02,OUTBOUND,BOOK_TRANSFER,USD,43035.95,BR,RETURNED
PAY-00003371,CLIENT-0305,ACC-000895,2025-06-13,INBOUND,REAL_TIME_PAYMENT,USD,4953.14,FR,SETTLED
PAY-00003372,CLIENT-0093,ACC-000264,2025-01-20,OUTBOUND,BOOK_TRANSFER,USD,133066.51,NL,SETTLED
PAY-00003373,CLIENT-0288,ACC-000855,2025-01-15,OUTBOUND,REAL_TIME_PAYMENT,BRL,142891.75,CH,SETTLED
PAY-00003374,CLIENT-0266,ACC-000796,2025-04-02,INBOUND,SEPA,EUR,8427.47,BR,PENDING
PAY-00003375,CLIENT-0407,ACC-001195,2026-07-09,INBOUND,ACH,USD,5222.70,AU,SETTLED
PAY-00003376,CLIENT-0480,ACC-001422,2025-09-04,OUTBOUND,ACH,USD,4517.38,AU,SETTLED
PAY-00003377,CLIENT-0247,ACC-000745,2026-07-14,OUTBOUND,BOOK_TRANSFER,MXN,189970.00,SG,SETTLED
PAY-00003378,CLIENT-0027,ACC-000073,2026-03-02,OUTBOUND,FX_TRANSFER,USD,45523.22,NL,SETTLED
PAY-00003379,CLIENT-0244,ACC-000738,2026-01-07,INBOUND,WIRE,EUR,6685.71,NL,PENDING
PAY-00003380,CLIENT-0103,ACC-000296,2026-04-04,OUTBOUND,WIRE,USD,191481.83,MX,SETTLED
PAY-00003381,CLIENT-0046,ACC-000121,2026-07-27,OUTBOUND,FX_TRANSFER,USD,723.94,CH,SETTLED
PAY-00003382,CLIENT-0172,ACC-000521,2026-02-16,OUTBOUND,FX_TRANSFER,USD,27754.72,GB,SETTLED
PAY-00003383,CLIENT-0475,ACC-001406,2025-02-23,OUTBOUND,WIRE,USD,128310.58,CA,SETTLED
PAY-00003384,CLIENT-0115,ACC-000336,2026-01-19,OUTBOUND,BOOK_TRANSFER,USD,3962.83,AU,SETTLED
PAY-00003385,CLIENT-0172,ACC-000520,2026-04-21,INBOUND,ACH,EUR,118038.61,DE,SETTLED
PAY-00003386,CLIENT-0393,ACC-001144,2026-05-28,OUTBOUND,ACH,USD,162783.17,CH,PENDING
PAY-00003387,CLIENT-0135,ACC-000402,2025-02-23,OUTBOUND,ACH,USD,14687.47,GB,SETTLED
PAY-00003388,CLIENT-0122,ACC-000360,2025-03-04,OUTBOUND,REAL_TIME_PAYMENT,USD,229203.70,NL,SETTLED
PAY-00003389,CLIENT-0479,ACC-001419,2026-06-10,INBOUND,REAL_TIME_PAYMENT,USD,4747.31,SG,SETTLED
PAY-00003390,CLIENT-0222,ACC-000662,2025-03-22,INBOUND,REAL_TIME_PAYMENT,EUR,3497.04,US,SETTLED
PAY-00003391,CLIENT-0106,ACC-000305,2025-02-05,OUTBOUND,WIRE,GBP,190076.96,DE,SETTLED
PAY-00003392,CLIENT-0253,ACC-000760,2024-05-31,INBOUND,SEPA,USD,116378.85,FR,SETTLED
PAY-00003393,CLIENT-0372,ACC-001084,2026-06-16,INBOUND,CARD,EUR,5454.21,AU,SETTLED
PAY-00003394,CLIENT-0057,ACC-000160,2025-09-01,OUTBOUND,BOOK_TRANSFER,SGD,3185.37,IE,SETTLED
PAY-00003395,CLIENT-0456,ACC-001346,2025-07-12,INBOUND,WIRE,USD,123188.29,SG,SETTLED
PAY-00003396,CLIENT-0121,ACC-000358,2025-02-08,OUTBOUND,SWIFT,USD,2622.79,NL,SETTLED
PAY-00003397,CLIENT-0452,ACC-001335,2026-05-09,OUTBOUND,SWIFT,USD,104238.46,IN,SETTLED
PAY-00003398,CLIENT-0098,ACC-000283,2026-04-02,OUTBOUND,SEPA,USD,98129.24,IN,REJECTED
PAY-00003399,CLIENT-0458,ACC-001355,2024-08-06,OUTBOUND,CARD,USD,198015.42,GB,SETTLED
PAY-00003400,CLIENT-0406,ACC-001194,2024-11-11,INBOUND,SWIFT,EUR,146692.63,IN,SETTLED
PAY-00003401,CLIENT-0136,ACC-000405,2024-05-15,OUTBOUND,REAL_TIME_PAYMENT,USD,214146.04,AU,SETTLED
PAY-00003402,CLIENT-0466,ACC-001377,2025-12-08,INBOUND,FX_TRANSFER,INR,238520.17,DE,SETTLED
PAY-00003403,CLIENT-0084,ACC-000236,2024-08-13,INBOUND,SWIFT,SGD,82782.01,JP,REJECTED
PAY-00003404,CLIENT-0282,ACC-000835,2024-07-17,OUTBOUND,CARD,USD,12564.93,AE,SETTLED
PAY-00003405,CLIENT-0012,ACC-000027,2026-07-30,INBOUND,WIRE,CAD,3579.09,NL,PENDING
PAY-00003406,CLIENT-0442,ACC-001304,2025-03-30,OUTBOUND,FX_TRANSFER,USD,12974.89,AU,RETURNED
PAY-00003407,CLIENT-0201,ACC-000602,2026-02-03,OUTBOUND,REAL_TIME_PAYMENT,USD,6007.02,CA,SETTLED
PAY-00003408,CLIENT-0266,ACC-000796,2025-06-06,INBOUND,REAL_TIME_PAYMENT,EUR,9520.40,SG,SETTLED
PAY-00003409,CLIENT-0100,ACC-000288,2026-03-19,INBOUND,SWIFT,EUR,42137.21,BR,REJECTED
PAY-00003410,CLIENT-0090,ACC-000255,2025-05-14,INBOUND,SEPA,CHF,107867.41,IN,SETTLED
PAY-00003411,CLIENT-0199,ACC-000595,2024-05-11,OUTBOUND,ACH,EUR,3281.63,US,SETTLED
PAY-00003412,CLIENT-0383,ACC-001113,2024-04-28,INBOUND,SWIFT,USD,230482.55,SG,SETTLED
PAY-00003413,CLIENT-0490,ACC-001463,2025-02-12,INBOUND,CARD,BRL,12466.27,IE,SETTLED
PAY-00003414,CLIENT-0494,ACC-001475,2024-05-28,INBOUND,FX_TRANSFER,EUR,133238.06,US,SETTLED
PAY-00003415,CLIENT-0343,ACC-001005,2026-02-09,OUTBOUND,SEPA,CAD,225886.13,SG,SETTLED
PAY-00003416,CLIENT-0338,ACC-000986,2025-02-03,INBOUND,SWIFT,USD,378.38,NL,SETTLED
PAY-00003417,CLIENT-0087,ACC-000247,2024-03-23,OUTBOUND,ACH,GBP,140451.30,FR,SETTLED
PAY-00003418,CLIENT-0210,ACC-000624,2024-12-28,INBOUND,BOOK_TRANSFER,MXN,222052.42,CA,SETTLED
PAY-00003419,CLIENT-0391,ACC-001136,2024-05-17,INBOUND,REAL_TIME_PAYMENT,USD,5459.82,GB,SETTLED
PAY-00003420,CLIENT-0291,ACC-000864,2026-05-09,INBOUND,SEPA,EUR,173720.83,GB,SETTLED
PAY-00003421,CLIENT-0271,ACC-000807,2026-03-04,OUTBOUND,ACH,GBP,40888.68,US,SETTLED
PAY-00003422,CLIENT-0152,ACC-000459,2025-10-31,INBOUND,SEPA,USD,150.14,GB,PENDING
PAY-00003423,CLIENT-0351,ACC-001027,2025-11-30,INBOUND,BOOK_TRANSFER,EUR,6226.99,IN,SETTLED
PAY-00003424,CLIENT-0096,ACC-000275,2025-04-06,OUTBOUND,SEPA,EUR,13307.74,AE,SETTLED
PAY-00003425,CLIENT-0189,ACC-000567,2024-11-04,OUTBOUND,CARD,USD,13634.10,AE,SETTLED
PAY-00003426,CLIENT-0478,ACC-001417,2025-11-19,OUTBOUND,SEPA,USD,107397.33,US,SETTLED
PAY-00003427,CLIENT-0086,ACC-000242,2025-10-23,INBOUND,ACH,USD,829.52,IN,SETTLED
PAY-00003428,CLIENT-0165,ACC-000499,2025-06-15,OUTBOUND,WIRE,INR,11990.55,AU,SETTLED
PAY-00003429,CLIENT-0205,ACC-000612,2025-06-21,OUTBOUND,WIRE,USD,5701.40,IN,SETTLED
PAY-00003430,CLIENT-0455,ACC-001341,2025-12-27,OUTBOUND,SEPA,SGD,3080.82,NL,SETTLED
PAY-00003431,CLIENT-0213,ACC-000634,2025-10-26,INBOUND,SWIFT,USD,168964.45,MX,SETTLED
PAY-00003432,CLIENT-0031,ACC-000085,2024-11-03,INBOUND,BOOK_TRANSFER,EUR,67181.05,IE,SETTLED
PAY-00003433,CLIENT-0263,ACC-000789,2024-11-22,INBOUND,SEPA,USD,9783.16,AE,PENDING
PAY-00003434,CLIENT-0477,ACC-001413,2025-06-22,INBOUND,CARD,USD,1474.81,IN,SETTLED
PAY-00003435,CLIENT-0306,ACC-000901,2026-01-02,INBOUND,SWIFT,EUR,6643.96,FR,SETTLED
PAY-00003436,CLIENT-0141,ACC-000420,2026-03-01,OUTBOUND,BOOK_TRANSFER,CAD,60650.53,AE,PENDING
PAY-00003437,CLIENT-0035,ACC-000093,2025-08-20,INBOUND,WIRE,EUR,121675.35,NL,SETTLED
PAY-00003438,CLIENT-0196,ACC-000580,2026-01-21,INBOUND,SEPA,USD,169284.95,AU,PENDING
PAY-00003439,CLIENT-0187,ACC-000556,2026-07-25,OUTBOUND,BOOK_TRANSFER,JPY,1817.96,DE,SETTLED
PAY-00003440,CLIENT-0490,ACC-001465,2025-04-17,OUTBOUND,WIRE,BRL,12009.67,IN,SETTLED
PAY-00003441,CLIENT-0458,ACC-001355,2024-06-20,OUTBOUND,BOOK_TRANSFER,USD,164560.87,CH,SETTLED
PAY-00003442,CLIENT-0179,ACC-000540,2026-05-01,INBOUND,SEPA,CAD,10551.71,FR,SETTLED
PAY-00003443,CLIENT-0153,ACC-000460,2026-03-16,INBOUND,CARD,USD,41189.97,IN,SETTLED
PAY-00003444,CLIENT-0465,ACC-001372,2025-06-06,INBOUND,FX_TRANSFER,USD,11157.11,BR,SETTLED
PAY-00003445,CLIENT-0309,ACC-000912,2024-11-27,OUTBOUND,REAL_TIME_PAYMENT,USD,30440.45,BR,SETTLED
PAY-00003446,CLIENT-0021,ACC-000059,2026-02-15,OUTBOUND,FX_TRANSFER,USD,189032.58,SG,SETTLED
PAY-00003447,CLIENT-0136,ACC-000407,2025-02-16,INBOUND,BOOK_TRANSFER,USD,64862.50,BR,REJECTED
PAY-00003448,CLIENT-0216,ACC-000645,2025-01-12,INBOUND,BOOK_TRANSFER,USD,8702.41,NL,SETTLED
PAY-00003449,CLIENT-0115,ACC-000336,2025-12-21,OUTBOUND,SWIFT,USD,5330.88,MX,SETTLED
PAY-00003450,CLIENT-0114,ACC-000332,2026-07-11,OUTBOUND,CARD,USD,173782.90,MX,SETTLED
PAY-00003451,CLIENT-0277,ACC-000827,2026-03-30,OUTBOUND,ACH,CAD,11478.00,IN,SETTLED
PAY-00003452,CLIENT-0188,ACC-000563,2025-03-25,INBOUND,FX_TRANSFER,EUR,70817.20,FR,PENDING
PAY-00003453,CLIENT-0401,ACC-001173,2026-07-05,INBOUND,WIRE,EUR,4952.87,SG,SETTLED
PAY-00003454,CLIENT-0295,ACC-000870,2024-11-15,INBOUND,FX_TRANSFER,GBP,53017.32,CA,SETTLED
PAY-00003455,CLIENT-0034,ACC-000091,2026-02-17,INBOUND,CARD,USD,169266.47,BR,SETTLED
PAY-00003456,CLIENT-0049,ACC-000132,2026-02-23,INBOUND,CARD,USD,185338.46,FR,SETTLED
PAY-00003457,CLIENT-0467,ACC-001381,2026-01-29,OUTBOUND,BOOK_TRANSFER,USD,641.38,JP,SETTLED
PAY-00003458,CLIENT-0244,ACC-000738,2025-07-08,INBOUND,FX_TRANSFER,EUR,11969.88,IE,SETTLED
PAY-00003459,CLIENT-0212,ACC-000630,2026-05-22,OUTBOUND,CARD,USD,7944.77,IE,SETTLED
PAY-00003460,CLIENT-0129,ACC-000381,2025-04-01,INBOUND,SEPA,EUR,62.14,US,SETTLED
PAY-00003461,CLIENT-0220,ACC-000655,2026-03-24,OUTBOUND,FX_TRANSFER,USD,221083.24,DE,SETTLED
PAY-00003462,CLIENT-0319,ACC-000935,2025-06-29,INBOUND,BOOK_TRANSFER,MXN,912.96,AU,SETTLED
PAY-00003463,CLIENT-0211,ACC-000629,2026-07-18,OUTBOUND,WIRE,USD,78569.31,US,SETTLED
PAY-00003464,CLIENT-0106,ACC-000304,2026-04-25,OUTBOUND,REAL_TIME_PAYMENT,GBP,181598.28,IN,SETTLED
PAY-00003465,CLIENT-0024,ACC-000065,2026-07-25,OUTBOUND,FX_TRANSFER,GBP,14198.01,JP,SETTLED
PAY-00003466,CLIENT-0461,ACC-001360,2026-02-03,OUTBOUND,BOOK_TRANSFER,EUR,85971.40,SG,SETTLED
PAY-00003467,CLIENT-0287,ACC-000850,2024-06-21,OUTBOUND,CARD,USD,9335.02,IN,SETTLED
PAY-00003468,CLIENT-0060,ACC-000167,2025-12-20,INBOUND,SEPA,GBP,7922.12,CA,SETTLED
PAY-00003469,CLIENT-0296,ACC-000874,2026-03-02,OUTBOUND,SWIFT,EUR,151107.51,FR,SETTLED
PAY-00003470,CLIENT-0001,ACC-000003,2026-03-24,INBOUND,REAL_TIME_PAYMENT,AED,75052.82,IE,SETTLED
PAY-00003471,CLIENT-0375,ACC-001088,2025-07-15,INBOUND,REAL_TIME_PAYMENT,USD,234059.72,DE,SETTLED
PAY-00003472,CLIENT-0092,ACC-000262,2026-06-17,INBOUND,SWIFT,USD,238115.26,SG,PENDING
PAY-00003473,CLIENT-0137,ACC-000410,2025-08-30,INBOUND,SWIFT,JPY,44719.39,FR,SETTLED
PAY-00003474,CLIENT-0050,ACC-000137,2026-06-03,INBOUND,SWIFT,AUD,223611.46,FR,SETTLED
PAY-00003475,CLIENT-0389,ACC-001131,2024-05-18,OUTBOUND,ACH,USD,5527.75,JP,PENDING
PAY-00003476,CLIENT-0373,ACC-001086,2026-06-11,OUTBOUND,BOOK_TRANSFER,USD,234458.07,JP,SETTLED
PAY-00003477,CLIENT-0229,ACC-000681,2026-01-07,OUTBOUND,WIRE,USD,211830.39,CA,SETTLED
PAY-00003478,CLIENT-0428,ACC-001263,2025-12-31,INBOUND,WIRE,SGD,104427.44,JP,SETTLED
PAY-00003479,CLIENT-0231,ACC-000690,2026-07-17,INBOUND,WIRE,EUR,176567.76,MX,SETTLED
PAY-00003480,CLIENT-0369,ACC-001077,2026-06-04,INBOUND,FX_TRANSFER,USD,44094.38,MX,SETTLED
PAY-00003481,CLIENT-0351,ACC-001027,2026-02-19,OUTBOUND,ACH,EUR,12711.06,MX,SETTLED
PAY-00003482,CLIENT-0143,ACC-000426,2025-10-26,INBOUND,REAL_TIME_PAYMENT,USD,74610.82,AU,SETTLED
PAY-00003483,CLIENT-0339,ACC-000988,2026-03-28,OUTBOUND,ACH,EUR,87456.59,IN,SETTLED
PAY-00003484,CLIENT-0391,ACC-001137,2025-09-28,OUTBOUND,WIRE,USD,1638.65,AE,SETTLED
PAY-00003485,CLIENT-0475,ACC-001406,2025-05-05,INBOUND,SEPA,USD,214659.32,JP,SETTLED
PAY-00003486,CLIENT-0336,ACC-000980,2025-12-03,INBOUND,REAL_TIME_PAYMENT,USD,63629.20,BR,SETTLED
PAY-00003487,CLIENT-0136,ACC-000407,2026-07-12,INBOUND,FX_TRANSFER,USD,190210.56,AE,SETTLED
PAY-00003488,CLIENT-0465,ACC-001375,2025-06-23,INBOUND,CARD,USD,14547.25,IN,SETTLED
PAY-00003489,CLIENT-0308,ACC-000908,2026-04-05,OUTBOUND,CARD,EUR,161841.86,AU,SETTLED
PAY-00003490,CLIENT-0016,ACC-000041,2026-06-14,INBOUND,FX_TRANSFER,USD,4180.50,CH,SETTLED
PAY-00003491,CLIENT-0197,ACC-000589,2026-03-23,INBOUND,SEPA,USD,42587.04,CA,SETTLED
PAY-00003492,CLIENT-0431,ACC-001271,2026-03-23,OUTBOUND,BOOK_TRANSFER,MXN,3842.35,CH,PENDING
PAY-00003493,CLIENT-0334,ACC-000978,2026-04-26,INBOUND,CARD,USD,87388.66,FR,SETTLED
PAY-00003494,CLIENT-0025,ACC-000069,2026-01-22,OUTBOUND,FX_TRANSFER,USD,132518.19,BR,SETTLED
PAY-00003495,CLIENT-0048,ACC-000130,2025-02-04,OUTBOUND,WIRE,USD,82224.61,DE,SETTLED
PAY-00003496,CLIENT-0157,ACC-000476,2025-05-22,OUTBOUND,ACH,GBP,219733.45,SG,SETTLED
PAY-00003497,CLIENT-0074,ACC-000208,2024-03-23,INBOUND,SEPA,USD,197134.33,NL,SETTLED
PAY-00003498,CLIENT-0265,ACC-000793,2026-04-04,INBOUND,WIRE,USD,158549.13,NL,SETTLED
PAY-00003499,CLIENT-0369,ACC-001078,2024-03-08,INBOUND,SWIFT,USD,246388.67,SG,SETTLED
PAY-00003500,CLIENT-0197,ACC-000585,2026-07-27,INBOUND,SEPA,JPY,208308.28,CH,SETTLED
PAY-00003501,CLIENT-0022,ACC-000060,2024-05-18,INBOUND,SWIFT,EUR,9109.48,DE,SETTLED
PAY-00003502,CLIENT-0066,ACC-000182,2025-04-30,INBOUND,BOOK_TRANSFER,MXN,120835.56,IN,PENDING
PAY-00003503,CLIENT-0335,ACC-000979,2026-01-11,OUTBOUND,BOOK_TRANSFER,MXN,10062.85,CH,SETTLED
PAY-00003504,CLIENT-0104,ACC-000297,2026-06-10,INBOUND,SEPA,USD,208621.09,IE,SETTLED
PAY-00003505,CLIENT-0290,ACC-000861,2025-03-30,OUTBOUND,CARD,EUR,12477.61,NL,SETTLED
PAY-00003506,CLIENT-0296,ACC-000874,2026-06-16,INBOUND,REAL_TIME_PAYMENT,EUR,185474.22,GB,SETTLED
PAY-00003507,CLIENT-0247,ACC-000742,2025-10-24,INBOUND,WIRE,USD,162720.40,MX,PENDING
PAY-00003508,CLIENT-0087,ACC-000247,2024-04-21,OUTBOUND,REAL_TIME_PAYMENT,GBP,209340.08,AE,SETTLED
PAY-00003509,CLIENT-0470,ACC-001390,2024-10-05,OUTBOUND,REAL_TIME_PAYMENT,INR,14142.26,AE,SETTLED
PAY-00003510,CLIENT-0034,ACC-000091,2025-01-02,OUTBOUND,FX_TRANSFER,USD,172528.33,BR,SETTLED
PAY-00003511,CLIENT-0127,ACC-000376,2024-01-27,OUTBOUND,SEPA,USD,180468.09,FR,SETTLED
PAY-00003512,CLIENT-0124,ACC-000369,2026-04-14,OUTBOUND,FX_TRANSFER,USD,179738.23,MX,SETTLED
PAY-00003513,CLIENT-0131,ACC-000391,2024-07-24,INBOUND,FX_TRANSFER,AUD,19364.78,IE,SETTLED
PAY-00003514,CLIENT-0120,ACC-000352,2026-04-26,INBOUND,FX_TRANSFER,CHF,28189.33,NL,SETTLED
PAY-00003515,CLIENT-0209,ACC-000620,2026-01-08,OUTBOUND,SEPA,USD,193885.69,CH,SETTLED
PAY-00003516,CLIENT-0305,ACC-000895,2025-02-24,OUTBOUND,ACH,USD,843.44,FR,PENDING
PAY-00003517,CLIENT-0215,ACC-000644,2025-12-19,OUTBOUND,REAL_TIME_PAYMENT,SGD,4344.19,US,SETTLED
PAY-00003518,CLIENT-0371,ACC-001082,2025-07-24,INBOUND,SEPA,USD,191434.68,US,SETTLED
PAY-00003519,CLIENT-0031,ACC-000083,2025-04-07,OUTBOUND,REAL_TIME_PAYMENT,USD,209707.61,NL,PENDING
PAY-00003520,CLIENT-0119,ACC-000350,2026-07-15,OUTBOUND,SWIFT,USD,219131.97,BR,PENDING
PAY-00003521,CLIENT-0108,ACC-000310,2026-03-09,INBOUND,ACH,USD,178885.76,DE,PENDING
PAY-00003522,CLIENT-0121,ACC-000356,2026-01-29,OUTBOUND,SWIFT,USD,14929.34,DE,SETTLED
PAY-00003523,CLIENT-0336,ACC-000981,2026-05-02,OUTBOUND,CARD,USD,136436.80,IE,SETTLED
PAY-00003524,CLIENT-0070,ACC-000195,2026-04-08,INBOUND,BOOK_TRANSFER,USD,177383.14,BR,SETTLED
PAY-00003525,CLIENT-0298,ACC-000880,2024-08-23,INBOUND,SEPA,USD,10562.61,NL,SETTLED
PAY-00003526,CLIENT-0238,ACC-000717,2025-03-28,INBOUND,CARD,USD,42780.18,JP,SETTLED
PAY-00003527,CLIENT-0244,ACC-000735,2026-07-21,INBOUND,FX_TRANSFER,EUR,9085.00,BR,SETTLED
PAY-00003528,CLIENT-0286,ACC-000848,2026-03-28,OUTBOUND,WIRE,GBP,61448.99,SG,SETTLED
PAY-00003529,CLIENT-0218,ACC-000649,2026-07-17,INBOUND,SWIFT,MXN,152146.95,NL,SETTLED
PAY-00003530,CLIENT-0268,ACC-000800,2024-05-13,INBOUND,WIRE,EUR,151622.37,FR,PENDING
PAY-00003531,CLIENT-0092,ACC-000261,2026-04-11,OUTBOUND,CARD,AUD,221965.35,NL,SETTLED
PAY-00003532,CLIENT-0094,ACC-000265,2026-07-12,INBOUND,CARD,USD,3047.08,NL,SETTLED
PAY-00003533,CLIENT-0351,ACC-001029,2026-06-19,OUTBOUND,SWIFT,EUR,3255.21,FR,SETTLED
PAY-00003534,CLIENT-0074,ACC-000205,2025-07-18,OUTBOUND,WIRE,EUR,204408.72,CA,SETTLED
PAY-00003535,CLIENT-0096,ACC-000273,2026-03-17,INBOUND,SEPA,JPY,13597.42,DE,RETURNED
PAY-00003536,CLIENT-0477,ACC-001410,2025-08-17,INBOUND,BOOK_TRANSFER,USD,5730.20,IE,SETTLED
PAY-00003537,CLIENT-0453,ACC-001339,2026-02-03,OUTBOUND,ACH,USD,125868.47,IE,SETTLED
PAY-00003538,CLIENT-0235,ACC-000706,2026-04-06,INBOUND,BOOK_TRANSFER,USD,34185.94,CA,SETTLED
PAY-00003539,CLIENT-0199,ACC-000597,2025-10-06,INBOUND,SWIFT,USD,13156.09,JP,SETTLED
PAY-00003540,CLIENT-0224,ACC-000668,2026-04-29,INBOUND,ACH,USD,10749.97,CH,SETTLED
PAY-00003541,CLIENT-0031,ACC-000084,2024-12-18,INBOUND,WIRE,EUR,9299.58,FR,PENDING
PAY-00003542,CLIENT-0359,ACC-001052,2025-02-16,INBOUND,REAL_TIME_PAYMENT,AUD,166344.69,JP,SETTLED
PAY-00003543,CLIENT-0096,ACC-000272,2026-04-15,OUTBOUND,SWIFT,USD,14680.54,AE,SETTLED
PAY-00003544,CLIENT-0177,ACC-000533,2025-05-29,INBOUND,SEPA,USD,12722.56,CA,SETTLED
PAY-00003545,CLIENT-0062,ACC-000172,2026-06-23,OUTBOUND,SEPA,USD,190069.54,IE,PENDING
PAY-00003546,CLIENT-0306,ACC-000901,2025-09-21,INBOUND,WIRE,EUR,3896.73,US,SETTLED
PAY-00003547,CLIENT-0375,ACC-001090,2026-07-08,INBOUND,SWIFT,INR,198541.61,MX,SETTLED
PAY-00003548,CLIENT-0013,ACC-000031,2025-09-08,INBOUND,SWIFT,USD,162308.56,CA,SETTLED
PAY-00003549,CLIENT-0010,ACC-000022,2025-11-30,OUTBOUND,ACH,USD,23669.40,CH,SETTLED
PAY-00003550,CLIENT-0336,ACC-000980,2025-10-01,INBOUND,WIRE,USD,157710.69,AE,SETTLED
PAY-00003551,CLIENT-0090,ACC-000256,2026-06-27,OUTBOUND,REAL_TIME_PAYMENT,GBP,191622.28,JP,SETTLED
PAY-00003552,CLIENT-0110,ACC-000317,2026-07-05,INBOUND,CARD,USD,5979.97,SG,SETTLED
PAY-00003553,CLIENT-0436,ACC-001289,2025-04-30,INBOUND,SWIFT,BRL,150256.92,IE,SETTLED
PAY-00003554,CLIENT-0106,ACC-000302,2025-05-17,OUTBOUND,REAL_TIME_PAYMENT,USD,18536.34,US,PENDING
PAY-00003555,CLIENT-0360,ACC-001055,2026-07-12,OUTBOUND,REAL_TIME_PAYMENT,INR,3538.57,CH,PENDING
PAY-00003556,CLIENT-0106,ACC-000304,2026-05-24,INBOUND,SEPA,GBP,92201.33,FR,SETTLED
PAY-00003557,CLIENT-0024,ACC-000063,2025-10-01,INBOUND,REAL_TIME_PAYMENT,USD,4096.58,DE,SETTLED
PAY-00003558,CLIENT-0323,ACC-000947,2026-05-12,OUTBOUND,SEPA,CHF,218559.48,FR,SETTLED
PAY-00003559,CLIENT-0380,ACC-001105,2024-07-24,OUTBOUND,SEPA,USD,2215.72,CA,SETTLED
PAY-00003560,CLIENT-0455,ACC-001343,2024-08-14,OUTBOUND,SWIFT,EUR,187668.02,US,SETTLED
PAY-00003561,CLIENT-0398,ACC-001165,2025-07-17,INBOUND,SWIFT,CAD,4096.17,NL,SETTLED
PAY-00003562,CLIENT-0031,ACC-000086,2024-08-17,OUTBOUND,FX_TRANSFER,AED,37418.85,GB,SETTLED
PAY-00003563,CLIENT-0018,ACC-000045,2025-04-19,INBOUND,WIRE,SGD,109817.53,GB,SETTLED
PAY-00003564,CLIENT-0052,ACC-000143,2025-12-01,INBOUND,SEPA,USD,45984.88,GB,SETTLED
PAY-00003565,CLIENT-0219,ACC-000651,2026-06-05,INBOUND,SEPA,USD,139726.10,BR,SETTLED
PAY-00003566,CLIENT-0432,ACC-001274,2025-05-28,OUTBOUND,REAL_TIME_PAYMENT,INR,218223.69,AE,SETTLED
PAY-00003567,CLIENT-0050,ACC-000137,2026-05-30,INBOUND,CARD,AUD,17046.02,AU,SETTLED
PAY-00003568,CLIENT-0090,ACC-000255,2024-12-21,INBOUND,WIRE,CHF,183568.56,AU,SETTLED
PAY-00003569,CLIENT-0150,ACC-000451,2026-07-22,OUTBOUND,BOOK_TRANSFER,USD,51053.13,BR,SETTLED
PAY-00003570,CLIENT-0247,ACC-000743,2024-08-16,INBOUND,SEPA,MXN,40498.90,MX,SETTLED
PAY-00003571,CLIENT-0177,ACC-000532,2025-12-10,OUTBOUND,SEPA,USD,11317.17,IN,RETURNED
PAY-00003572,CLIENT-0156,ACC-000472,2024-08-31,INBOUND,WIRE,USD,6208.84,JP,SETTLED
PAY-00003573,CLIENT-0131,ACC-000390,2025-02-21,OUTBOUND,WIRE,USD,128635.06,AE,SETTLED
PAY-00003574,CLIENT-0341,ACC-000998,2026-06-01,OUTBOUND,FX_TRANSFER,USD,12412.79,NL,SETTLED
PAY-00003575,CLIENT-0200,ACC-000599,2025-07-25,INBOUND,WIRE,USD,2297.95,NL,SETTLED
PAY-00003576,CLIENT-0115,ACC-000334,2025-02-22,OUTBOUND,REAL_TIME_PAYMENT,USD,10274.69,IN,SETTLED
PAY-00003577,CLIENT-0122,ACC-000360,2026-01-10,OUTBOUND,BOOK_TRANSFER,USD,90468.97,FR,SETTLED
PAY-00003578,CLIENT-0112,ACC-000326,2024-10-18,INBOUND,SEPA,USD,216683.17,AE,SETTLED
PAY-00003579,CLIENT-0015,ACC-000037,2026-06-28,INBOUND,ACH,EUR,140332.33,SG,SETTLED
PAY-00003580,CLIENT-0099,ACC-000287,2025-04-27,INBOUND,BOOK_TRANSFER,EUR,41030.36,FR,SETTLED
PAY-00003581,CLIENT-0147,ACC-000442,2024-09-26,INBOUND,WIRE,USD,126810.76,GB,SETTLED
PAY-00003582,CLIENT-0070,ACC-000193,2025-08-01,INBOUND,WIRE,USD,47527.80,NL,SETTLED
PAY-00003583,CLIENT-0127,ACC-000377,2024-07-13,OUTBOUND,FX_TRANSFER,USD,160417.03,US,SETTLED
PAY-00003584,CLIENT-0104,ACC-000297,2026-06-15,OUTBOUND,SEPA,USD,3702.96,DE,SETTLED
PAY-00003585,CLIENT-0382,ACC-001110,2026-02-04,OUTBOUND,CARD,USD,154515.85,SG,SETTLED
PAY-00003586,CLIENT-0488,ACC-001451,2026-06-17,INBOUND,CARD,EUR,41803.81,BR,PENDING
PAY-00003587,CLIENT-0092,ACC-000260,2026-07-09,INBOUND,SWIFT,AUD,93777.66,IN,SETTLED
PAY-00003588,CLIENT-0408,ACC-001198,2025-08-27,INBOUND,REAL_TIME_PAYMENT,USD,175672.32,NL,SETTLED
PAY-00003589,CLIENT-0211,ACC-000629,2026-07-23,OUTBOUND,BOOK_TRANSFER,USD,4227.15,JP,SETTLED
PAY-00003590,CLIENT-0222,ACC-000664,2024-12-01,INBOUND,FX_TRANSFER,USD,221421.67,IE,SETTLED
PAY-00003591,CLIENT-0074,ACC-000209,2024-06-11,OUTBOUND,SEPA,EUR,32270.92,FR,SETTLED
PAY-00003592,CLIENT-0403,ACC-001185,2025-10-21,OUTBOUND,FX_TRANSFER,USD,123623.79,CH,SETTLED
PAY-00003593,CLIENT-0114,ACC-000330,2026-07-30,OUTBOUND,ACH,AUD,75364.36,FR,SETTLED
PAY-00003594,CLIENT-0436,ACC-001289,2026-01-19,INBOUND,FX_TRANSFER,BRL,106052.29,US,SETTLED
PAY-00003595,CLIENT-0399,ACC-001169,2025-12-02,INBOUND,BOOK_TRANSFER,EUR,2073.49,IE,SETTLED
PAY-00003596,CLIENT-0410,ACC-001203,2025-11-15,INBOUND,CARD,JPY,151491.32,CA,SETTLED
PAY-00003597,CLIENT-0043,ACC-000116,2025-12-29,OUTBOUND,FX_TRANSFER,USD,94645.59,CH,SETTLED
PAY-00003598,CLIENT-0377,ACC-001095,2026-02-26,OUTBOUND,FX_TRANSFER,AED,3591.84,NL,SETTLED
PAY-00003599,CLIENT-0464,ACC-001370,2026-04-09,OUTBOUND,REAL_TIME_PAYMENT,USD,248607.36,DE,SETTLED
PAY-00003600,CLIENT-0323,ACC-000950,2025-08-05,INBOUND,SWIFT,USD,135111.87,IE,SETTLED
PAY-00003601,CLIENT-0051,ACC-000139,2026-02-01,OUTBOUND,WIRE,CAD,7499.62,FR,SETTLED
PAY-00003602,CLIENT-0156,ACC-000470,2026-01-07,OUTBOUND,CARD,USD,217959.20,DE,SETTLED
PAY-00003603,CLIENT-0088,ACC-000248,2026-07-30,OUTBOUND,SEPA,USD,126148.98,DE,SETTLED
PAY-00003604,CLIENT-0479,ACC-001419,2026-05-20,INBOUND,ACH,USD,223956.12,CH,PENDING
PAY-00003605,CLIENT-0222,ACC-000663,2025-08-31,OUTBOUND,WIRE,EUR,204901.42,CH,SETTLED
PAY-00003606,CLIENT-0051,ACC-000139,2026-03-22,OUTBOUND,SEPA,CAD,49105.12,CA,SETTLED
PAY-00003607,CLIENT-0137,ACC-000408,2026-04-05,INBOUND,SEPA,JPY,66727.97,NL,SETTLED
PAY-00003608,CLIENT-0171,ACC-000518,2026-06-19,INBOUND,REAL_TIME_PAYMENT,EUR,8468.39,JP,SETTLED
PAY-00003609,CLIENT-0361,ACC-001056,2025-01-02,OUTBOUND,SWIFT,EUR,140861.84,AU,PENDING
PAY-00003610,CLIENT-0493,ACC-001473,2026-05-22,INBOUND,SWIFT,USD,6745.10,CH,PENDING
PAY-00003611,CLIENT-0247,ACC-000742,2025-01-19,OUTBOUND,ACH,USD,105025.87,BR,PENDING
PAY-00003612,CLIENT-0092,ACC-000261,2026-07-21,OUTBOUND,SWIFT,AUD,122177.22,DE,SETTLED
PAY-00003613,CLIENT-0210,ACC-000627,2025-04-25,OUTBOUND,SWIFT,USD,149457.31,JP,SETTLED
PAY-00003614,CLIENT-0332,ACC-000974,2026-02-21,INBOUND,REAL_TIME_PAYMENT,USD,39808.98,DE,SETTLED
PAY-00003615,CLIENT-0148,ACC-000444,2025-04-21,OUTBOUND,CARD,EUR,181844.59,US,SETTLED
PAY-00003616,CLIENT-0487,ACC-001450,2025-08-14,OUTBOUND,ACH,USD,61493.31,JP,SETTLED
PAY-00003617,CLIENT-0351,ACC-001029,2026-07-17,INBOUND,SWIFT,EUR,4414.61,AE,PENDING
PAY-00003618,CLIENT-0040,ACC-000110,2026-06-21,OUTBOUND,REAL_TIME_PAYMENT,USD,164556.85,IN,SETTLED
PAY-00003619,CLIENT-0165,ACC-000497,2026-01-04,INBOUND,SEPA,USD,10875.80,CH,SETTLED
PAY-00003620,CLIENT-0304,ACC-000893,2026-04-30,OUTBOUND,ACH,USD,7046.54,GB,SETTLED
PAY-00003621,CLIENT-0488,ACC-001454,2026-02-23,OUTBOUND,BOOK_TRANSFER,USD,166107.54,MX,SETTLED
PAY-00003622,CLIENT-0046,ACC-000124,2025-06-05,OUTBOUND,SWIFT,USD,11399.68,CA,SETTLED
PAY-00003623,CLIENT-0262,ACC-000787,2026-06-15,OUTBOUND,BOOK_TRANSFER,USD,7123.99,AE,SETTLED
PAY-00003624,CLIENT-0146,ACC-000438,2026-05-21,INBOUND,REAL_TIME_PAYMENT,USD,164338.11,US,SETTLED
PAY-00003625,CLIENT-0256,ACC-000773,2026-05-17,OUTBOUND,BOOK_TRANSFER,EUR,1783.85,SG,SETTLED
PAY-00003626,CLIENT-0290,ACC-000859,2025-02-18,INBOUND,SEPA,EUR,10024.47,CA,SETTLED
PAY-00003627,CLIENT-0310,ACC-000915,2026-03-16,OUTBOUND,ACH,USD,78213.83,AE,SETTLED
PAY-00003628,CLIENT-0475,ACC-001405,2024-01-26,OUTBOUND,REAL_TIME_PAYMENT,EUR,72278.03,NL,SETTLED
PAY-00003629,CLIENT-0131,ACC-000391,2025-02-28,INBOUND,FX_TRANSFER,AUD,212058.42,IN,SETTLED
PAY-00003630,CLIENT-0210,ACC-000626,2025-02-18,OUTBOUND,ACH,MXN,99304.49,CA,SETTLED
PAY-00003631,CLIENT-0498,ACC-001482,2025-12-23,OUTBOUND,WIRE,CAD,44759.29,AE,SETTLED
PAY-00003632,CLIENT-0449,ACC-001326,2026-06-25,OUTBOUND,SWIFT,USD,22097.25,FR,RETURNED
PAY-00003633,CLIENT-0361,ACC-001056,2024-07-24,OUTBOUND,SEPA,EUR,86057.77,SG,SETTLED
PAY-00003634,CLIENT-0229,ACC-000684,2025-11-04,OUTBOUND,ACH,USD,232486.11,MX,SETTLED
PAY-00003635,CLIENT-0008,ACC-000015,2024-11-17,INBOUND,SWIFT,BRL,84888.32,BR,SETTLED
PAY-00003636,CLIENT-0221,ACC-000658,2025-01-08,INBOUND,CARD,EUR,92268.97,US,SETTLED
PAY-00003637,CLIENT-0497,ACC-001481,2026-03-14,OUTBOUND,SEPA,USD,83405.05,JP,SETTLED
PAY-00003638,CLIENT-0346,ACC-001012,2024-07-24,INBOUND,ACH,MXN,153086.41,US,PENDING
PAY-00003639,CLIENT-0326,ACC-000956,2024-10-20,OUTBOUND,WIRE,USD,207150.87,MX,SETTLED
PAY-00003640,CLIENT-0311,ACC-000919,2026-02-19,OUTBOUND,CARD,INR,83864.78,AE,PENDING
PAY-00003641,CLIENT-0023,ACC-000061,2024-03-21,INBOUND,FX_TRANSFER,USD,124696.90,AE,RETURNED
PAY-00003642,CLIENT-0097,ACC-000280,2024-03-01,INBOUND,SEPA,EUR,89588.34,AE,SETTLED
PAY-00003643,CLIENT-0322,ACC-000945,2026-05-01,OUTBOUND,CARD,CHF,11567.91,CH,SETTLED
PAY-00003644,CLIENT-0495,ACC-001478,2024-10-25,OUTBOUND,SWIFT,USD,6238.96,CH,SETTLED
PAY-00003645,CLIENT-0056,ACC-000158,2025-02-03,INBOUND,WIRE,AUD,205309.01,AU,SETTLED
PAY-00003646,CLIENT-0082,ACC-000228,2024-12-16,INBOUND,CARD,JPY,383.80,AU,PENDING
PAY-00003647,CLIENT-0464,ACC-001371,2026-05-11,OUTBOUND,SEPA,USD,180002.99,MX,SETTLED
PAY-00003648,CLIENT-0394,ACC-001146,2025-06-11,OUTBOUND,FX_TRANSFER,USD,71142.85,CA,SETTLED
PAY-00003649,CLIENT-0091,ACC-000259,2026-06-24,OUTBOUND,BOOK_TRANSFER,EUR,8244.76,MX,SETTLED
PAY-00003650,CLIENT-0294,ACC-000868,2026-05-02,OUTBOUND,SWIFT,EUR,36823.82,DE,SETTLED
PAY-00003651,CLIENT-0062,ACC-000173,2026-05-09,INBOUND,CARD,INR,96486.86,BR,SETTLED
PAY-00003652,CLIENT-0478,ACC-001414,2026-01-07,INBOUND,FX_TRANSFER,CAD,80488.84,GB,REJECTED
PAY-00003653,CLIENT-0012,ACC-000026,2025-07-26,OUTBOUND,ACH,JPY,58.21,DE,SETTLED
PAY-00003654,CLIENT-0180,ACC-000542,2025-08-27,INBOUND,SEPA,USD,202660.10,BR,SETTLED
PAY-00003655,CLIENT-0068,ACC-000190,2026-03-16,OUTBOUND,REAL_TIME_PAYMENT,MXN,238249.95,IN,SETTLED
PAY-00003656,CLIENT-0494,ACC-001474,2026-02-01,OUTBOUND,FX_TRANSFER,USD,180923.64,BR,PENDING
PAY-00003657,CLIENT-0066,ACC-000180,2024-09-09,OUTBOUND,REAL_TIME_PAYMENT,USD,221395.56,AU,SETTLED
PAY-00003658,CLIENT-0451,ACC-001334,2026-01-30,INBOUND,BOOK_TRANSFER,USD,10933.90,CH,SETTLED
PAY-00003659,CLIENT-0239,ACC-000719,2025-10-23,INBOUND,SEPA,USD,224613.16,US,REJECTED
PAY-00003660,CLIENT-0398,ACC-001165,2025-04-25,OUTBOUND,SWIFT,CAD,401.66,CH,SETTLED
PAY-00003661,CLIENT-0049,ACC-000136,2025-12-22,INBOUND,BOOK_TRANSFER,EUR,69645.12,NL,PENDING
PAY-00003662,CLIENT-0383,ACC-001115,2025-10-04,OUTBOUND,REAL_TIME_PAYMENT,INR,22361.03,BR,RETURNED
PAY-00003663,CLIENT-0131,ACC-000388,2025-04-22,OUTBOUND,FX_TRANSFER,USD,214202.61,JP,SETTLED
PAY-00003664,CLIENT-0296,ACC-000873,2026-03-26,OUTBOUND,CARD,EUR,11124.96,CA,PENDING
PAY-00003665,CLIENT-0376,ACC-001094,2025-09-30,OUTBOUND,REAL_TIME_PAYMENT,USD,84276.91,FR,SETTLED
PAY-00003666,CLIENT-0351,ACC-001030,2026-06-24,OUTBOUND,SWIFT,EUR,2641.86,AE,SETTLED
PAY-00003667,CLIENT-0249,ACC-000749,2026-03-06,INBOUND,SWIFT,USD,182727.63,CH,SETTLED
PAY-00003668,CLIENT-0229,ACC-000684,2024-09-06,INBOUND,WIRE,USD,151456.61,DE,SETTLED
PAY-00003669,CLIENT-0476,ACC-001407,2026-05-22,INBOUND,ACH,EUR,16999.59,IN,SETTLED
PAY-00003670,CLIENT-0096,ACC-000271,2024-04-07,OUTBOUND,ACH,JPY,2277.70,US,SETTLED
PAY-00003671,CLIENT-0456,ACC-001345,2026-04-18,OUTBOUND,CARD,USD,228955.42,AU,SETTLED
PAY-00003672,CLIENT-0339,ACC-000990,2026-05-27,INBOUND,SWIFT,USD,161989.24,JP,SETTLED
PAY-00003673,CLIENT-0087,ACC-000246,2024-12-06,INBOUND,WIRE,EUR,29692.13,GB,SETTLED
PAY-00003674,CLIENT-0060,ACC-000167,2025-11-02,INBOUND,BOOK_TRANSFER,GBP,10626.63,CA,SETTLED
PAY-00003675,CLIENT-0001,ACC-000003,2026-03-07,OUTBOUND,SEPA,AED,83761.05,SG,SETTLED
PAY-00003676,CLIENT-0085,ACC-000238,2026-01-04,INBOUND,REAL_TIME_PAYMENT,CAD,4688.37,JP,SETTLED
PAY-00003677,CLIENT-0383,ACC-001115,2025-08-15,INBOUND,WIRE,INR,239985.93,IE,SETTLED
PAY-00003678,CLIENT-0451,ACC-001332,2026-04-30,INBOUND,BOOK_TRANSFER,GBP,3131.76,DE,SETTLED
PAY-00003679,CLIENT-0117,ACC-000345,2025-05-15,INBOUND,SEPA,USD,175153.33,GB,SETTLED
PAY-00003680,CLIENT-0152,ACC-000459,2025-05-13,OUTBOUND,SEPA,USD,12309.11,FR,SETTLED
PAY-00003681,CLIENT-0180,ACC-000542,2024-06-22,OUTBOUND,SEPA,USD,143163.55,CA,SETTLED
PAY-00003682,CLIENT-0234,ACC-000702,2026-01-15,OUTBOUND,SWIFT,EUR,167020.22,FR,SETTLED
PAY-00003683,CLIENT-0351,ACC-001030,2026-07-10,OUTBOUND,WIRE,EUR,2749.86,NL,SETTLED
PAY-00003684,CLIENT-0340,ACC-000995,2025-02-12,OUTBOUND,SEPA,USD,5341.14,BR,SETTLED
PAY-00003685,CLIENT-0214,ACC-000639,2026-05-27,OUTBOUND,SEPA,USD,53586.45,US,SETTLED
PAY-00003686,CLIENT-0151,ACC-000455,2025-11-23,OUTBOUND,ACH,USD,6312.06,DE,SETTLED
PAY-00003687,CLIENT-0275,ACC-000821,2026-01-26,OUTBOUND,ACH,EUR,51246.02,AE,SETTLED
PAY-00003688,CLIENT-0031,ACC-000083,2025-10-16,OUTBOUND,CARD,USD,144814.14,SG,SETTLED
PAY-00003689,CLIENT-0221,ACC-000661,2024-06-21,INBOUND,CARD,USD,150999.26,NL,SETTLED
PAY-00003690,CLIENT-0117,ACC-000343,2024-06-06,INBOUND,SWIFT,USD,14523.92,MX,SETTLED
PAY-00003691,CLIENT-0081,ACC-000224,2024-12-19,OUTBOUND,SEPA,INR,236874.43,FR,SETTLED
PAY-00003692,CLIENT-0291,ACC-000862,2026-03-27,OUTBOUND,CARD,GBP,209597.45,DE,SETTLED
PAY-00003693,CLIENT-0247,ACC-000745,2026-01-15,INBOUND,CARD,MXN,7453.72,AE,SETTLED
PAY-00003694,CLIENT-0451,ACC-001334,2025-08-23,INBOUND,FX_TRANSFER,USD,4127.07,CA,SETTLED
PAY-00003695,CLIENT-0174,ACC-000528,2025-08-22,OUTBOUND,SWIFT,USD,32929.52,FR,SETTLED
PAY-00003696,CLIENT-0429,ACC-001265,2026-07-15,OUTBOUND,WIRE,AED,163811.35,DE,SETTLED
PAY-00003697,CLIENT-0072,ACC-000199,2026-05-21,OUTBOUND,WIRE,USD,217299.43,US,SETTLED
PAY-00003698,CLIENT-0037,ACC-000097,2026-06-17,INBOUND,SWIFT,USD,238858.68,IN,SETTLED
PAY-00003699,CLIENT-0243,ACC-000733,2026-07-29,INBOUND,SWIFT,USD,81945.09,BR,REJECTED
PAY-00003700,CLIENT-0423,ACC-001249,2025-12-17,OUTBOUND,WIRE,EUR,108675.94,BR,SETTLED
PAY-00003701,CLIENT-0271,ACC-000807,2026-05-02,OUTBOUND,FX_TRANSFER,GBP,40759.20,CA,SETTLED
PAY-00003702,CLIENT-0421,ACC-001243,2026-05-01,INBOUND,BOOK_TRANSFER,EUR,144499.49,JP,SETTLED
PAY-00003703,CLIENT-0412,ACC-001213,2025-11-25,INBOUND,FX_TRANSFER,USD,6646.46,NL,SETTLED
PAY-00003704,CLIENT-0074,ACC-000205,2026-01-12,INBOUND,WIRE,EUR,138311.62,AE,SETTLED
PAY-00003705,CLIENT-0362,ACC-001058,2025-08-03,INBOUND,FX_TRANSFER,USD,9185.72,NL,PENDING
PAY-00003706,CLIENT-0484,ACC-001437,2026-05-10,INBOUND,BOOK_TRANSFER,USD,52841.17,JP,SETTLED
PAY-00003707,CLIENT-0160,ACC-000484,2024-10-01,INBOUND,BOOK_TRANSFER,USD,8481.39,US,PENDING
PAY-00003708,CLIENT-0186,ACC-000555,2026-01-02,INBOUND,REAL_TIME_PAYMENT,USD,94710.78,JP,SETTLED
PAY-00003709,CLIENT-0452,ACC-001335,2026-06-21,INBOUND,WIRE,USD,4664.66,FR,SETTLED
PAY-00003710,CLIENT-0403,ACC-001181,2026-07-09,INBOUND,BOOK_TRANSFER,USD,56782.01,AE,SETTLED
PAY-00003711,CLIENT-0229,ACC-000683,2025-04-01,INBOUND,CARD,EUR,50985.61,IN,SETTLED
PAY-00003712,CLIENT-0474,ACC-001401,2026-02-28,OUTBOUND,WIRE,CHF,214568.68,DE,SETTLED
PAY-00003713,CLIENT-0028,ACC-000077,2025-10-10,INBOUND,BOOK_TRANSFER,USD,134904.59,IN,PENDING
PAY-00003714,CLIENT-0151,ACC-000454,2025-07-24,OUTBOUND,WIRE,USD,3400.92,GB,SETTLED
PAY-00003715,CLIENT-0136,ACC-000405,2025-01-06,INBOUND,SEPA,USD,171505.25,NL,SETTLED
PAY-00003716,CLIENT-0500,ACC-001488,2024-10-08,INBOUND,SEPA,MXN,3864.05,CH,SETTLED
PAY-00003717,CLIENT-0156,ACC-000471,2026-06-03,INBOUND,SWIFT,USD,111915.39,CH,SETTLED
PAY-00003718,CLIENT-0175,ACC-000529,2024-07-25,INBOUND,BOOK_TRANSFER,USD,2462.54,SG,SETTLED
PAY-00003719,CLIENT-0273,ACC-000815,2026-02-24,OUTBOUND,CARD,EUR,13172.34,AE,SETTLED
PAY-00003720,CLIENT-0149,ACC-000449,2026-07-18,OUTBOUND,SWIFT,USD,46751.34,CA,SETTLED
PAY-00003721,CLIENT-0158,ACC-000477,2025-06-25,INBOUND,BOOK_TRANSFER,EUR,58162.13,IE,SETTLED
PAY-00003722,CLIENT-0278,ACC-000828,2025-12-20,OUTBOUND,SWIFT,EUR,7442.81,AE,PENDING
PAY-00003723,CLIENT-0071,ACC-000196,2025-04-16,OUTBOUND,FX_TRANSFER,GBP,241489.84,AU,SETTLED
PAY-00003724,CLIENT-0220,ACC-000655,2026-05-03,OUTBOUND,SWIFT,USD,202993.19,AU,SETTLED
PAY-00003725,CLIENT-0424,ACC-001251,2026-03-25,OUTBOUND,SWIFT,EUR,12822.96,MX,PENDING
PAY-00003726,CLIENT-0197,ACC-000587,2025-02-04,INBOUND,ACH,USD,170486.28,CA,PENDING
PAY-00003727,CLIENT-0315,ACC-000925,2024-07-10,OUTBOUND,REAL_TIME_PAYMENT,USD,108850.04,JP,SETTLED
PAY-00003728,CLIENT-0239,ACC-000719,2026-05-17,INBOUND,ACH,USD,240674.30,CA,SETTLED
PAY-00003729,CLIENT-0250,ACC-000753,2026-07-26,INBOUND,BOOK_TRANSFER,EUR,442.78,SG,SETTLED
PAY-00003730,CLIENT-0140,ACC-000419,2026-06-01,INBOUND,BOOK_TRANSFER,EUR,39347.82,GB,SETTLED
PAY-00003731,CLIENT-0109,ACC-000313,2026-01-31,OUTBOUND,CARD,USD,199520.40,BR,SETTLED
PAY-00003732,CLIENT-0335,ACC-000979,2024-12-27,OUTBOUND,ACH,MXN,4429.87,DE,SETTLED
PAY-00003733,CLIENT-0268,ACC-000801,2026-07-11,INBOUND,SEPA,EUR,116039.54,AU,SETTLED
PAY-00003734,CLIENT-0011,ACC-000025,2026-07-19,INBOUND,FX_TRANSFER,USD,1488.28,MX,SETTLED
PAY-00003735,CLIENT-0059,ACC-000162,2024-06-28,OUTBOUND,CARD,USD,124763.70,IE,SETTLED
PAY-00003736,CLIENT-0016,ACC-000040,2026-01-15,OUTBOUND,REAL_TIME_PAYMENT,USD,9118.30,CH,SETTLED
PAY-00003737,CLIENT-0463,ACC-001365,2026-01-12,OUTBOUND,ACH,EUR,11021.92,GB,PENDING
PAY-00003738,CLIENT-0212,ACC-000632,2025-11-27,INBOUND,WIRE,USD,11848.03,CA,SETTLED
PAY-00003739,CLIENT-0056,ACC-000159,2026-05-15,OUTBOUND,CARD,MXN,118382.97,AE,SETTLED
PAY-00003740,CLIENT-0349,ACC-001024,2026-07-26,OUTBOUND,WIRE,USD,241395.52,NL,SETTLED
PAY-00003741,CLIENT-0271,ACC-000809,2025-10-13,OUTBOUND,SEPA,USD,208370.67,CH,SETTLED
PAY-00003742,CLIENT-0305,ACC-000895,2024-10-13,INBOUND,ACH,USD,11916.71,FR,SETTLED
PAY-00003743,CLIENT-0207,ACC-000617,2024-06-14,INBOUND,ACH,EUR,91943.84,AE,SETTLED
PAY-00003744,CLIENT-0431,ACC-001273,2025-08-24,INBOUND,FX_TRANSFER,USD,11527.86,SG,SETTLED
PAY-00003745,CLIENT-0087,ACC-000245,2025-12-30,OUTBOUND,WIRE,EUR,103415.17,IE,SETTLED
PAY-00003746,CLIENT-0288,ACC-000851,2026-05-14,INBOUND,BOOK_TRANSFER,BRL,88239.32,US,SETTLED
PAY-00003747,CLIENT-0143,ACC-000427,2025-03-04,INBOUND,WIRE,USD,193349.05,IN,SETTLED
PAY-00003748,CLIENT-0022,ACC-000060,2025-01-18,OUTBOUND,WIRE,EUR,8963.04,BR,SETTLED
PAY-00003749,CLIENT-0074,ACC-000206,2025-03-11,INBOUND,FX_TRANSFER,USD,63464.66,CH,SETTLED
PAY-00003750,CLIENT-0390,ACC-001133,2025-08-06,INBOUND,BOOK_TRANSFER,USD,13468.31,AU,SETTLED
PAY-00003751,CLIENT-0116,ACC-000339,2024-09-27,OUTBOUND,SWIFT,USD,2826.26,AU,SETTLED
PAY-00003752,CLIENT-0243,ACC-000734,2024-07-29,INBOUND,WIRE,EUR,197549.57,MX,SETTLED
PAY-00003753,CLIENT-0300,ACC-000884,2024-09-15,OUTBOUND,BOOK_TRANSFER,USD,74071.29,IE,SETTLED
PAY-00003754,CLIENT-0317,ACC-000933,2025-10-11,OUTBOUND,CARD,EUR,96230.93,IE,PENDING
PAY-00003755,CLIENT-0434,ACC-001281,2025-07-23,OUTBOUND,FX_TRANSFER,AED,21061.60,DE,SETTLED
PAY-00003756,CLIENT-0466,ACC-001378,2025-11-12,INBOUND,REAL_TIME_PAYMENT,INR,108184.29,AE,SETTLED
PAY-00003757,CLIENT-0093,ACC-000264,2026-03-03,INBOUND,WIRE,USD,190919.88,SG,SETTLED
PAY-00003758,CLIENT-0445,ACC-001310,2025-06-04,INBOUND,REAL_TIME_PAYMENT,USD,235593.16,AE,SETTLED
PAY-00003759,CLIENT-0461,ACC-001360,2025-05-12,OUTBOUND,REAL_TIME_PAYMENT,EUR,229356.81,BR,SETTLED
PAY-00003760,CLIENT-0124,ACC-000369,2026-02-10,OUTBOUND,SEPA,USD,108512.61,CH,SETTLED
PAY-00003761,CLIENT-0250,ACC-000755,2025-09-22,INBOUND,SEPA,EUR,5880.90,MX,SETTLED
PAY-00003762,CLIENT-0019,ACC-000050,2026-07-05,INBOUND,SWIFT,USD,3086.19,JP,SETTLED
PAY-00003763,CLIENT-0341,ACC-000996,2025-10-18,OUTBOUND,SWIFT,USD,10975.47,BR,SETTLED
PAY-00003764,CLIENT-0051,ACC-000140,2026-03-11,INBOUND,WIRE,USD,2817.42,IN,SETTLED
PAY-00003765,CLIENT-0050,ACC-000137,2026-06-13,INBOUND,SWIFT,AUD,204914.08,GB,SETTLED
PAY-00003766,CLIENT-0001,ACC-000005,2026-04-05,OUTBOUND,WIRE,AED,243423.46,AE,SETTLED
PAY-00003767,CLIENT-0139,ACC-000414,2026-04-09,OUTBOUND,BOOK_TRANSFER,EUR,133673.57,FR,SETTLED
PAY-00003768,CLIENT-0090,ACC-000254,2026-06-20,INBOUND,SWIFT,EUR,122846.21,IE,SETTLED
PAY-00003769,CLIENT-0450,ACC-001328,2025-10-22,OUTBOUND,ACH,EUR,52080.93,US,SETTLED
PAY-00003770,CLIENT-0347,ACC-001017,2025-09-18,OUTBOUND,FX_TRANSFER,INR,83424.94,AE,SETTLED
PAY-00003771,CLIENT-0030,ACC-000079,2026-06-01,OUTBOUND,ACH,EUR,217605.19,BR,SETTLED
PAY-00003772,CLIENT-0249,ACC-000749,2026-02-24,OUTBOUND,BOOK_TRANSFER,USD,175776.60,IN,SETTLED
PAY-00003773,CLIENT-0446,ACC-001316,2026-01-14,OUTBOUND,BOOK_TRANSFER,USD,154854.66,US,SETTLED
PAY-00003774,CLIENT-0297,ACC-000878,2026-03-03,INBOUND,CARD,USD,5614.43,MX,REJECTED
PAY-00003775,CLIENT-0067,ACC-000186,2026-03-09,OUTBOUND,BOOK_TRANSFER,USD,108045.47,CH,REJECTED
PAY-00003776,CLIENT-0087,ACC-000247,2024-05-24,OUTBOUND,WIRE,GBP,93751.01,DE,SETTLED
PAY-00003777,CLIENT-0082,ACC-000226,2025-03-02,INBOUND,SEPA,EUR,13452.58,BR,REJECTED
PAY-00003778,CLIENT-0005,ACC-000010,2025-10-26,INBOUND,SEPA,CAD,141091.25,GB,SETTLED
PAY-00003779,CLIENT-0268,ACC-000801,2026-06-22,INBOUND,FX_TRANSFER,EUR,206336.19,FR,PENDING
PAY-00003780,CLIENT-0097,ACC-000277,2025-11-26,OUTBOUND,SEPA,EUR,12270.94,MX,PENDING
PAY-00003781,CLIENT-0098,ACC-000283,2026-04-21,OUTBOUND,WIRE,USD,53390.71,AE,SETTLED
PAY-00003782,CLIENT-0202,ACC-000608,2026-05-01,INBOUND,ACH,USD,180892.02,NL,SETTLED
PAY-00003783,CLIENT-0286,ACC-000849,2024-11-04,OUTBOUND,BOOK_TRANSFER,CAD,227746.81,BR,SETTLED
PAY-00003784,CLIENT-0281,ACC-000834,2025-06-15,INBOUND,SEPA,USD,20374.31,IN,SETTLED
PAY-00003785,CLIENT-0453,ACC-001339,2024-02-13,OUTBOUND,SEPA,USD,197664.61,IN,SETTLED
PAY-00003786,CLIENT-0352,ACC-001031,2026-06-23,INBOUND,ACH,BRL,232814.99,AE,SETTLED
PAY-00003787,CLIENT-0208,ACC-000618,2025-09-21,INBOUND,WIRE,AED,67838.74,US,SETTLED
PAY-00003788,CLIENT-0161,ACC-000487,2026-07-26,OUTBOUND,SEPA,EUR,6002.02,FR,SETTLED
PAY-00003789,CLIENT-0256,ACC-000773,2026-04-19,OUTBOUND,WIRE,EUR,9334.98,FR,SETTLED
PAY-00003790,CLIENT-0307,ACC-000905,2026-06-26,OUTBOUND,SWIFT,USD,128940.42,NL,SETTLED
PAY-00003791,CLIENT-0284,ACC-000840,2025-12-14,OUTBOUND,ACH,USD,175507.14,FR,SETTLED
PAY-00003792,CLIENT-0288,ACC-000852,2025-02-27,INBOUND,FX_TRANSFER,USD,243891.80,GB,SETTLED
PAY-00003793,CLIENT-0399,ACC-001166,2026-05-05,OUTBOUND,CARD,GBP,8165.71,NL,SETTLED
PAY-00003794,CLIENT-0359,ACC-001053,2026-06-13,OUTBOUND,ACH,USD,213551.86,CH,SETTLED
PAY-00003795,CLIENT-0148,ACC-000444,2025-12-22,INBOUND,BOOK_TRANSFER,EUR,114506.08,SG,SETTLED
PAY-00003796,CLIENT-0028,ACC-000075,2026-04-19,OUTBOUND,BOOK_TRANSFER,EUR,237713.01,IN,SETTLED
PAY-00003797,CLIENT-0253,ACC-000759,2025-06-17,OUTBOUND,FX_TRANSFER,USD,195708.05,CH,REJECTED
PAY-00003798,CLIENT-0498,ACC-001482,2025-07-26,OUTBOUND,CARD,CAD,17374.85,NL,SETTLED
PAY-00003799,CLIENT-0205,ACC-000612,2024-06-17,OUTBOUND,SEPA,USD,2829.46,CH,SETTLED
PAY-00003800,CLIENT-0158,ACC-000477,2024-02-15,INBOUND,BOOK_TRANSFER,EUR,117610.84,AU,SETTLED
PAY-00003801,CLIENT-0392,ACC-001140,2026-01-23,INBOUND,ACH,GBP,36178.91,IN,SETTLED
PAY-00003802,CLIENT-0347,ACC-001018,2024-09-21,INBOUND,BOOK_TRANSFER,INR,153763.81,AU,SETTLED
PAY-00003803,CLIENT-0070,ACC-000195,2026-02-23,OUTBOUND,FX_TRANSFER,USD,208494.98,US,SETTLED
PAY-00003804,CLIENT-0135,ACC-000400,2025-08-17,OUTBOUND,SWIFT,USD,2675.83,BR,SETTLED
PAY-00003805,CLIENT-0413,ACC-001217,2024-09-10,OUTBOUND,CARD,EUR,132098.39,IE,SETTLED
PAY-00003806,CLIENT-0048,ACC-000129,2026-04-17,OUTBOUND,SWIFT,USD,155762.23,CA,SETTLED
PAY-00003807,CLIENT-0226,ACC-000675,2026-03-26,OUTBOUND,ACH,USD,35902.10,MX,SETTLED
PAY-00003808,CLIENT-0131,ACC-000387,2025-08-16,INBOUND,CARD,EUR,223818.77,CA,SETTLED
PAY-00003809,CLIENT-0096,ACC-000271,2025-07-05,INBOUND,FX_TRANSFER,JPY,5397.99,DE,SETTLED
PAY-00003810,CLIENT-0440,ACC-001298,2026-07-31,OUTBOUND,WIRE,CAD,1102.19,AE,SETTLED
PAY-00003811,CLIENT-0054,ACC-000150,2026-07-02,INBOUND,ACH,USD,7924.02,JP,PENDING
PAY-00003812,CLIENT-0221,ACC-000661,2026-05-04,INBOUND,ACH,USD,176643.77,GB,SETTLED
PAY-00003813,CLIENT-0391,ACC-001137,2026-06-01,OUTBOUND,SEPA,USD,269.15,SG,SETTLED
PAY-00003814,CLIENT-0456,ACC-001348,2026-03-10,OUTBOUND,SWIFT,USD,172779.68,CA,SETTLED
PAY-00003815,CLIENT-0448,ACC-001320,2024-08-09,OUTBOUND,CARD,EUR,198779.11,FR,SETTLED
PAY-00003816,CLIENT-0211,ACC-000628,2026-02-15,OUTBOUND,SWIFT,BRL,104477.93,FR,SETTLED
PAY-00003817,CLIENT-0106,ACC-000305,2025-10-24,INBOUND,ACH,GBP,72354.65,MX,SETTLED
PAY-00003818,CLIENT-0402,ACC-001179,2026-07-17,OUTBOUND,REAL_TIME_PAYMENT,EUR,128861.64,GB,SETTLED
PAY-00003819,CLIENT-0179,ACC-000539,2024-12-15,OUTBOUND,BOOK_TRANSFER,USD,235571.90,BR,SETTLED
PAY-00003820,CLIENT-0457,ACC-001352,2026-03-24,OUTBOUND,WIRE,EUR,245.64,AU,SETTLED
PAY-00003821,CLIENT-0156,ACC-000469,2026-07-12,INBOUND,CARD,USD,123972.71,NL,SETTLED
PAY-00003822,CLIENT-0325,ACC-000955,2025-04-12,OUTBOUND,SWIFT,USD,9764.24,BR,SETTLED
PAY-00003823,CLIENT-0122,ACC-000361,2024-12-12,OUTBOUND,CARD,USD,249717.69,JP,PENDING
PAY-00003824,CLIENT-0388,ACC-001125,2026-04-12,OUTBOUND,REAL_TIME_PAYMENT,EUR,119714.00,CA,SETTLED
PAY-00003825,CLIENT-0221,ACC-000658,2025-01-07,OUTBOUND,ACH,EUR,161000.44,GB,SETTLED
PAY-00003826,CLIENT-0139,ACC-000413,2025-12-14,OUTBOUND,SEPA,INR,197268.11,SG,SETTLED
PAY-00003827,CLIENT-0480,ACC-001424,2026-03-27,OUTBOUND,REAL_TIME_PAYMENT,MXN,7520.17,MX,SETTLED
PAY-00003828,CLIENT-0033,ACC-000089,2026-06-15,INBOUND,BOOK_TRANSFER,INR,215829.69,SG,SETTLED
PAY-00003829,CLIENT-0233,ACC-000696,2025-03-08,INBOUND,BOOK_TRANSFER,AUD,153100.92,IN,PENDING
PAY-00003830,CLIENT-0011,ACC-000023,2026-07-08,OUTBOUND,CARD,USD,12288.02,AU,SETTLED
PAY-00003831,CLIENT-0167,ACC-000506,2024-07-09,OUTBOUND,CARD,EUR,80760.18,CA,SETTLED
PAY-00003832,CLIENT-0396,ACC-001158,2025-08-05,INBOUND,REAL_TIME_PAYMENT,USD,161404.80,JP,SETTLED
PAY-00003833,CLIENT-0085,ACC-000240,2026-01-31,OUTBOUND,ACH,CAD,1565.49,GB,PENDING
PAY-00003834,CLIENT-0008,ACC-000014,2026-03-27,OUTBOUND,ACH,BRL,73184.60,SG,PENDING
PAY-00003835,CLIENT-0327,ACC-000961,2026-07-29,INBOUND,SWIFT,USD,9910.81,FR,SETTLED
PAY-00003836,CLIENT-0200,ACC-000601,2025-08-26,INBOUND,REAL_TIME_PAYMENT,AUD,8973.13,AU,RETURNED
PAY-00003837,CLIENT-0200,ACC-000599,2025-09-16,INBOUND,WIRE,USD,10753.83,NL,SETTLED
PAY-00003838,CLIENT-0136,ACC-000404,2024-09-10,INBOUND,BOOK_TRANSFER,CHF,175194.66,SG,SETTLED
PAY-00003839,CLIENT-0018,ACC-000045,2026-02-27,OUTBOUND,REAL_TIME_PAYMENT,SGD,133003.35,GB,SETTLED
PAY-00003840,CLIENT-0440,ACC-001302,2026-06-16,OUTBOUND,ACH,CAD,7153.68,US,SETTLED
PAY-00003841,CLIENT-0426,ACC-001256,2026-05-18,OUTBOUND,WIRE,USD,236927.01,MX,SETTLED
PAY-00003842,CLIENT-0162,ACC-000491,2025-10-23,INBOUND,BOOK_TRANSFER,EUR,13511.20,NL,SETTLED
PAY-00003843,CLIENT-0486,ACC-001445,2025-06-11,INBOUND,SEPA,USD,49326.37,SG,SETTLED
PAY-00003844,CLIENT-0391,ACC-001136,2026-05-03,OUTBOUND,SWIFT,USD,11537.46,SG,SETTLED
PAY-00003845,CLIENT-0465,ACC-001375,2024-07-08,OUTBOUND,BOOK_TRANSFER,USD,8562.59,FR,SETTLED
PAY-00003846,CLIENT-0103,ACC-000294,2025-10-05,OUTBOUND,CARD,USD,132382.74,NL,SETTLED
PAY-00003847,CLIENT-0460,ACC-001359,2026-06-03,OUTBOUND,SWIFT,USD,67454.43,AU,PENDING
PAY-00003848,CLIENT-0063,ACC-000174,2024-03-15,INBOUND,SWIFT,SGD,2629.20,AE,REJECTED
PAY-00003849,CLIENT-0155,ACC-000464,2026-03-18,INBOUND,ACH,JPY,153894.66,JP,SETTLED
PAY-00003850,CLIENT-0461,ACC-001360,2025-04-05,OUTBOUND,WIRE,EUR,117999.64,SG,SETTLED
PAY-00003851,CLIENT-0155,ACC-000464,2026-04-30,OUTBOUND,FX_TRANSFER,JPY,10975.51,NL,SETTLED
PAY-00003852,CLIENT-0188,ACC-000563,2026-03-29,INBOUND,ACH,EUR,82512.45,CH,SETTLED
PAY-00003853,CLIENT-0016,ACC-000042,2026-06-01,INBOUND,FX_TRANSFER,EUR,13050.19,NL,SETTLED
PAY-00003854,CLIENT-0394,ACC-001149,2026-02-09,OUTBOUND,SEPA,USD,57769.00,GB,SETTLED
PAY-00003855,CLIENT-0336,ACC-000982,2024-09-04,OUTBOUND,REAL_TIME_PAYMENT,USD,150523.44,FR,SETTLED
PAY-00003856,CLIENT-0009,ACC-000016,2026-07-04,INBOUND,SEPA,JPY,1474.94,DE,SETTLED
PAY-00003857,CLIENT-0203,ACC-000610,2025-09-30,OUTBOUND,BOOK_TRANSFER,EUR,2678.56,GB,SETTLED
PAY-00003858,CLIENT-0353,ACC-001037,2026-07-29,INBOUND,REAL_TIME_PAYMENT,USD,5575.86,IN,SETTLED
PAY-00003859,CLIENT-0282,ACC-000836,2024-01-14,OUTBOUND,SWIFT,USD,3262.59,NL,RETURNED
PAY-00003860,CLIENT-0456,ACC-001348,2025-06-27,INBOUND,SWIFT,USD,95207.58,GB,SETTLED
PAY-00003861,CLIENT-0366,ACC-001069,2024-02-10,OUTBOUND,REAL_TIME_PAYMENT,EUR,218390.36,IN,REJECTED
PAY-00003862,CLIENT-0363,ACC-001062,2026-07-13,OUTBOUND,FX_TRANSFER,EUR,209786.34,BR,SETTLED
PAY-00003863,CLIENT-0489,ACC-001460,2026-05-28,OUTBOUND,BOOK_TRANSFER,AED,202500.29,IN,SETTLED
PAY-00003864,CLIENT-0483,ACC-001432,2026-04-25,OUTBOUND,REAL_TIME_PAYMENT,USD,10515.01,MX,PENDING
PAY-00003865,CLIENT-0018,ACC-000044,2025-01-30,OUTBOUND,SEPA,USD,19948.00,BR,SETTLED
PAY-00003866,CLIENT-0005,ACC-000010,2025-01-25,OUTBOUND,SWIFT,CAD,159801.77,JP,SETTLED
PAY-00003867,CLIENT-0107,ACC-000306,2025-10-23,INBOUND,SEPA,EUR,176405.85,IE,SETTLED
PAY-00003868,CLIENT-0480,ACC-001425,2025-07-07,OUTBOUND,ACH,USD,7903.08,IN,SETTLED
PAY-00003869,CLIENT-0224,ACC-000670,2026-04-10,INBOUND,BOOK_TRANSFER,EUR,4321.09,US,SETTLED
PAY-00003870,CLIENT-0081,ACC-000224,2025-01-08,INBOUND,REAL_TIME_PAYMENT,INR,248895.89,GB,SETTLED
PAY-00003871,CLIENT-0427,ACC-001261,2025-01-12,OUTBOUND,REAL_TIME_PAYMENT,USD,68720.30,JP,SETTLED
PAY-00003872,CLIENT-0227,ACC-000678,2025-04-13,INBOUND,FX_TRANSFER,USD,6443.58,CH,SETTLED
PAY-00003873,CLIENT-0238,ACC-000716,2025-11-11,OUTBOUND,BOOK_TRANSFER,USD,145319.12,MX,SETTLED
PAY-00003874,CLIENT-0056,ACC-000157,2024-08-31,INBOUND,SEPA,USD,107321.88,CA,SETTLED
PAY-00003875,CLIENT-0177,ACC-000532,2026-07-26,INBOUND,SEPA,USD,12152.05,SG,SETTLED
PAY-00003876,CLIENT-0346,ACC-001015,2024-01-09,OUTBOUND,CARD,USD,121413.61,CA,SETTLED
PAY-00003877,CLIENT-0485,ACC-001439,2026-02-01,OUTBOUND,SWIFT,BRL,7336.36,AE,SETTLED
PAY-00003878,CLIENT-0299,ACC-000882,2025-09-25,INBOUND,ACH,USD,96544.33,DE,SETTLED
PAY-00003879,CLIENT-0352,ACC-001035,2026-03-14,OUTBOUND,WIRE,USD,165375.01,US,SETTLED
PAY-00003880,CLIENT-0462,ACC-001363,2025-07-10,INBOUND,REAL_TIME_PAYMENT,EUR,2624.28,MX,SETTLED
PAY-00003881,CLIENT-0337,ACC-000984,2026-05-01,INBOUND,REAL_TIME_PAYMENT,CAD,458.26,JP,SETTLED
PAY-00003882,CLIENT-0356,ACC-001048,2024-08-31,INBOUND,SEPA,SGD,196088.43,NL,SETTLED
PAY-00003883,CLIENT-0403,ACC-001185,2025-07-14,INBOUND,SEPA,USD,94157.79,US,SETTLED
PAY-00003884,CLIENT-0093,ACC-000263,2026-07-23,INBOUND,WIRE,MXN,51765.17,DE,SETTLED
PAY-00003885,CLIENT-0239,ACC-000720,2026-05-31,OUTBOUND,CARD,EUR,48424.31,SG,SETTLED
PAY-00003886,CLIENT-0308,ACC-000911,2026-06-04,OUTBOUND,ACH,USD,139003.24,MX,SETTLED
PAY-00003887,CLIENT-0172,ACC-000522,2026-06-12,INBOUND,SEPA,EUR,203426.81,IE,PENDING
PAY-00003888,CLIENT-0388,ACC-001128,2026-03-02,INBOUND,FX_TRANSFER,EUR,114252.82,IN,RETURNED
PAY-00003889,CLIENT-0142,ACC-000422,2026-01-17,INBOUND,BOOK_TRANSFER,JPY,158873.33,JP,SETTLED
PAY-00003890,CLIENT-0077,ACC-000216,2026-04-18,OUTBOUND,FX_TRANSFER,EUR,12504.49,DE,SETTLED
PAY-00003891,CLIENT-0122,ACC-000363,2026-06-07,OUTBOUND,SEPA,USD,88532.73,FR,REJECTED
PAY-00003892,CLIENT-0016,ACC-000042,2024-11-27,OUTBOUND,WIRE,EUR,13736.06,MX,SETTLED
PAY-00003893,CLIENT-0486,ACC-001447,2025-05-17,INBOUND,WIRE,CHF,88480.42,CH,PENDING
PAY-00003894,CLIENT-0326,ACC-000959,2025-08-30,INBOUND,BOOK_TRANSFER,USD,5162.28,GB,PENDING
PAY-00003895,CLIENT-0026,ACC-000070,2025-12-07,OUTBOUND,REAL_TIME_PAYMENT,USD,6477.11,US,SETTLED
PAY-00003896,CLIENT-0100,ACC-000288,2026-05-13,OUTBOUND,ACH,EUR,38986.89,CA,SETTLED
PAY-00003897,CLIENT-0136,ACC-000405,2025-09-07,INBOUND,SWIFT,USD,163905.16,DE,SETTLED
PAY-00003898,CLIENT-0440,ACC-001299,2026-05-17,OUTBOUND,REAL_TIME_PAYMENT,CAD,10880.24,JP,SETTLED
PAY-00003899,CLIENT-0404,ACC-001186,2024-09-08,OUTBOUND,SEPA,USD,112556.37,NL,SETTLED
PAY-00003900,CLIENT-0120,ACC-000352,2026-07-13,OUTBOUND,SEPA,CHF,161935.81,DE,SETTLED
PAY-00003901,CLIENT-0096,ACC-000271,2025-07-03,OUTBOUND,SEPA,JPY,14618.10,FR,SETTLED
PAY-00003902,CLIENT-0352,ACC-001032,2026-07-04,OUTBOUND,FX_TRANSFER,USD,10127.67,NL,SETTLED
PAY-00003903,CLIENT-0019,ACC-000051,2024-11-05,INBOUND,CARD,BRL,13307.46,DE,SETTLED
PAY-00003904,CLIENT-0262,ACC-000787,2026-04-30,OUTBOUND,BOOK_TRANSFER,USD,4606.94,IN,SETTLED
PAY-00003905,CLIENT-0299,ACC-000882,2025-10-12,OUTBOUND,SWIFT,USD,69978.90,AE,SETTLED
PAY-00003906,CLIENT-0050,ACC-000137,2026-06-27,INBOUND,CARD,AUD,166017.72,MX,SETTLED
PAY-00003907,CLIENT-0031,ACC-000084,2025-01-17,OUTBOUND,WIRE,EUR,29432.90,MX,PENDING
PAY-00003908,CLIENT-0142,ACC-000424,2025-02-22,OUTBOUND,REAL_TIME_PAYMENT,USD,134347.10,BR,SETTLED
PAY-00003909,CLIENT-0138,ACC-000411,2026-07-20,OUTBOUND,FX_TRANSFER,MXN,87352.91,GB,SETTLED
PAY-00003910,CLIENT-0297,ACC-000877,2026-07-29,OUTBOUND,ACH,USD,113329.83,NL,SETTLED
PAY-00003911,CLIENT-0201,ACC-000603,2024-02-23,OUTBOUND,SEPA,USD,2946.28,DE,SETTLED
PAY-00003912,CLIENT-0331,ACC-000971,2026-07-13,INBOUND,SWIFT,USD,159883.92,AU,SETTLED
PAY-00003913,CLIENT-0413,ACC-001216,2024-01-06,INBOUND,SEPA,USD,44782.38,DE,SETTLED
PAY-00003914,CLIENT-0220,ACC-000657,2025-12-25,INBOUND,CARD,USD,59728.52,AU,SETTLED
PAY-00003915,CLIENT-0048,ACC-000129,2026-05-06,INBOUND,BOOK_TRANSFER,USD,31415.53,BR,SETTLED
PAY-00003916,CLIENT-0319,ACC-000936,2024-07-27,OUTBOUND,WIRE,USD,2701.52,AU,SETTLED
PAY-00003917,CLIENT-0130,ACC-000386,2026-02-16,OUTBOUND,REAL_TIME_PAYMENT,USD,34341.57,JP,SETTLED
PAY-00003918,CLIENT-0142,ACC-000423,2025-12-29,INBOUND,BOOK_TRANSFER,USD,20126.74,AU,SETTLED
PAY-00003919,CLIENT-0039,ACC-000108,2026-05-23,INBOUND,CARD,USD,185207.93,NL,SETTLED
PAY-00003920,CLIENT-0327,ACC-000963,2026-04-09,INBOUND,SWIFT,USD,185629.53,AU,SETTLED
PAY-00003921,CLIENT-0211,ACC-000628,2026-07-02,OUTBOUND,SEPA,BRL,178746.59,GB,SETTLED
PAY-00003922,CLIENT-0319,ACC-000938,2025-09-06,OUTBOUND,SEPA,USD,11953.23,SG,SETTLED
PAY-00003923,CLIENT-0478,ACC-001416,2025-06-26,INBOUND,SEPA,CAD,12583.97,DE,SETTLED
PAY-00003924,CLIENT-0361,ACC-001056,2024-04-06,INBOUND,ACH,EUR,247509.64,GB,SETTLED
PAY-00003925,CLIENT-0357,ACC-001050,2026-05-25,OUTBOUND,WIRE,USD,4012.89,AE,SETTLED
PAY-00003926,CLIENT-0442,ACC-001304,2025-11-06,INBOUND,CARD,USD,9797.85,BR,REJECTED
PAY-00003927,CLIENT-0464,ACC-001371,2025-08-15,OUTBOUND,CARD,USD,195806.21,MX,SETTLED
PAY-00003928,CLIENT-0232,ACC-000695,2026-06-02,INBOUND,ACH,USD,73061.36,MX,SETTLED
PAY-00003929,CLIENT-0055,ACC-000156,2024-04-09,OUTBOUND,WIRE,BRL,71607.23,CH,SETTLED
PAY-00003930,CLIENT-0367,ACC-001071,2024-10-20,INBOUND,SWIFT,GBP,87187.49,DE,SETTLED
PAY-00003931,CLIENT-0403,ACC-001183,2026-06-25,OUTBOUND,SWIFT,USD,54140.99,GB,SETTLED
PAY-00003932,CLIENT-0384,ACC-001117,2026-02-12,OUTBOUND,REAL_TIME_PAYMENT,USD,11578.48,US,SETTLED
PAY-00003933,CLIENT-0411,ACC-001208,2026-05-17,INBOUND,BOOK_TRANSFER,USD,166877.58,AE,RETURNED
PAY-00003934,CLIENT-0066,ACC-000180,2026-05-22,INBOUND,BOOK_TRANSFER,USD,110811.59,IE,PENDING
PAY-00003935,CLIENT-0273,ACC-000817,2024-11-15,OUTBOUND,FX_TRANSFER,USD,12902.99,AE,SETTLED
PAY-00003936,CLIENT-0410,ACC-001204,2026-04-19,INBOUND,CARD,USD,158936.02,US,SETTLED
PAY-00003937,CLIENT-0362,ACC-001060,2024-11-30,OUTBOUND,WIRE,USD,62588.49,US,SETTLED
PAY-00003938,CLIENT-0031,ACC-000086,2025-11-13,INBOUND,SWIFT,AED,52207.53,BR,SETTLED
PAY-00003939,CLIENT-0098,ACC-000283,2026-04-30,INBOUND,CARD,USD,190497.48,CA,SETTLED
PAY-00003940,CLIENT-0145,ACC-000433,2024-09-09,OUTBOUND,CARD,USD,237787.36,BR,SETTLED
PAY-00003941,CLIENT-0196,ACC-000583,2025-08-06,INBOUND,FX_TRANSFER,USD,225216.55,GB,SETTLED
PAY-00003942,CLIENT-0485,ACC-001440,2026-01-28,INBOUND,SEPA,USD,11831.12,BR,SETTLED
PAY-00003943,CLIENT-0138,ACC-000412,2026-03-03,OUTBOUND,WIRE,MXN,230224.64,DE,PENDING
PAY-00003944,CLIENT-0106,ACC-000301,2025-08-15,INBOUND,ACH,USD,213315.37,CA,SETTLED
PAY-00003945,CLIENT-0144,ACC-000430,2026-03-01,OUTBOUND,SEPA,EUR,7558.13,CA,SETTLED
PAY-00003946,CLIENT-0163,ACC-000493,2026-07-23,OUTBOUND,SWIFT,INR,120332.73,AU,SETTLED
PAY-00003947,CLIENT-0196,ACC-000584,2025-10-06,OUTBOUND,ACH,USD,95659.74,JP,RETURNED
PAY-00003948,CLIENT-0382,ACC-001112,2026-03-09,OUTBOUND,FX_TRANSFER,USD,77787.83,FR,REJECTED
PAY-00003949,CLIENT-0030,ACC-000082,2026-02-05,INBOUND,FX_TRANSFER,EUR,236630.81,CA,SETTLED
PAY-00003950,CLIENT-0319,ACC-000938,2026-06-18,OUTBOUND,CARD,USD,9214.01,SG,RETURNED
PAY-00003951,CLIENT-0263,ACC-000790,2024-06-01,INBOUND,ACH,EUR,7987.63,IE,SETTLED
PAY-00003952,CLIENT-0188,ACC-000563,2026-06-23,INBOUND,SEPA,EUR,172422.72,IE,SETTLED
PAY-00003953,CLIENT-0139,ACC-000413,2026-01-22,OUTBOUND,WIRE,INR,12217.46,DE,SETTLED
PAY-00003954,CLIENT-0290,ACC-000858,2025-09-18,OUTBOUND,ACH,EUR,11629.58,MX,SETTLED
PAY-00003955,CLIENT-0272,ACC-000812,2025-12-15,INBOUND,SEPA,EUR,11806.58,BR,SETTLED
PAY-00003956,CLIENT-0076,ACC-000213,2026-06-06,INBOUND,BOOK_TRANSFER,USD,197699.23,AE,PENDING
PAY-00003957,CLIENT-0240,ACC-000723,2025-01-30,INBOUND,REAL_TIME_PAYMENT,USD,10291.85,US,SETTLED
PAY-00003958,CLIENT-0172,ACC-000522,2026-01-16,OUTBOUND,ACH,EUR,192995.95,AU,SETTLED
PAY-00003959,CLIENT-0116,ACC-000341,2026-06-08,OUTBOUND,CARD,SGD,1709.23,DE,PENDING
PAY-00003960,CLIENT-0466,ACC-001378,2025-11-29,OUTBOUND,REAL_TIME_PAYMENT,INR,22725.92,US,SETTLED
PAY-00003961,CLIENT-0394,ACC-001146,2026-06-30,OUTBOUND,CARD,USD,989.76,BR,SETTLED
PAY-00003962,CLIENT-0150,ACC-000451,2026-07-16,OUTBOUND,SEPA,USD,112354.00,AU,SETTLED
PAY-00003963,CLIENT-0201,ACC-000604,2025-06-08,OUTBOUND,WIRE,USD,13994.23,DE,SETTLED
PAY-00003964,CLIENT-0288,ACC-000851,2026-02-01,OUTBOUND,BOOK_TRANSFER,BRL,236932.03,US,SETTLED
PAY-00003965,CLIENT-0304,ACC-000893,2025-07-13,INBOUND,FX_TRANSFER,USD,6207.12,IE,SETTLED
PAY-00003966,CLIENT-0177,ACC-000534,2026-01-06,INBOUND,BOOK_TRANSFER,USD,3285.99,DE,SETTLED
PAY-00003967,CLIENT-0466,ACC-001379,2026-07-17,OUTBOUND,FX_TRANSFER,INR,33477.38,NL,SETTLED
PAY-00003968,CLIENT-0183,ACC-000550,2024-12-27,OUTBOUND,REAL_TIME_PAYMENT,USD,10923.63,FR,SETTLED
PAY-00003969,CLIENT-0185,ACC-000554,2026-07-03,OUTBOUND,WIRE,EUR,58953.95,CH,SETTLED
PAY-00003970,CLIENT-0197,ACC-000589,2026-05-31,INBOUND,BOOK_TRANSFER,USD,132479.90,AE,SETTLED
PAY-00003971,CLIENT-0408,ACC-001197,2025-02-23,OUTBOUND,SEPA,GBP,13649.36,MX,SETTLED
PAY-00003972,CLIENT-0121,ACC-000356,2025-11-15,INBOUND,SEPA,USD,3436.27,NL,SETTLED
PAY-00003973,CLIENT-0091,ACC-000259,2026-05-20,OUTBOUND,ACH,EUR,7662.72,SG,SETTLED
PAY-00003974,CLIENT-0114,ACC-000331,2026-02-27,OUTBOUND,WIRE,AUD,71607.04,US,SETTLED
PAY-00003975,CLIENT-0500,ACC-001486,2026-04-17,OUTBOUND,BOOK_TRANSFER,MXN,5044.55,BR,SETTLED
PAY-00003976,CLIENT-0131,ACC-000389,2024-09-13,OUTBOUND,REAL_TIME_PAYMENT,AUD,201222.05,IN,SETTLED
PAY-00003977,CLIENT-0167,ACC-000506,2025-07-08,INBOUND,SWIFT,EUR,31024.78,AE,SETTLED
PAY-00003978,CLIENT-0172,ACC-000523,2025-05-06,OUTBOUND,ACH,USD,194619.27,DE,SETTLED
PAY-00003979,CLIENT-0148,ACC-000444,2025-10-07,OUTBOUND,SWIFT,EUR,86797.63,NL,SETTLED
PAY-00003980,CLIENT-0402,ACC-001180,2026-06-15,OUTBOUND,ACH,EUR,135909.59,DE,SETTLED
PAY-00003981,CLIENT-0212,ACC-000630,2025-07-08,OUTBOUND,SWIFT,USD,7862.95,CH,SETTLED
PAY-00003982,CLIENT-0452,ACC-001336,2026-07-24,INBOUND,FX_TRANSFER,USD,146548.96,CA,SETTLED
PAY-00003983,CLIENT-0188,ACC-000561,2025-11-21,OUTBOUND,SWIFT,GBP,161944.63,DE,PENDING
PAY-00003984,CLIENT-0097,ACC-000280,2024-05-06,INBOUND,SEPA,EUR,176294.13,GB,SETTLED
PAY-00003985,CLIENT-0488,ACC-001451,2026-01-07,INBOUND,BOOK_TRANSFER,EUR,48015.60,AU,SETTLED
PAY-00003986,CLIENT-0470,ACC-001392,2025-04-05,OUTBOUND,CARD,USD,4233.25,AE,SETTLED
PAY-00003987,CLIENT-0024,ACC-000065,2026-07-21,INBOUND,SEPA,GBP,152.53,FR,SETTLED
PAY-00003988,CLIENT-0462,ACC-001363,2026-03-28,OUTBOUND,FX_TRANSFER,EUR,861.03,NL,SETTLED
PAY-00003989,CLIENT-0465,ACC-001376,2026-07-05,OUTBOUND,SWIFT,INR,14589.06,IE,SETTLED
PAY-00003990,CLIENT-0449,ACC-001322,2024-09-02,OUTBOUND,REAL_TIME_PAYMENT,USD,152805.82,DE,SETTLED
PAY-00003991,CLIENT-0471,ACC-001395,2024-04-07,OUTBOUND,CARD,USD,57469.84,CA,SETTLED
PAY-00003992,CLIENT-0240,ACC-000722,2025-03-28,INBOUND,REAL_TIME_PAYMENT,USD,4515.89,IN,SETTLED
PAY-00003993,CLIENT-0368,ACC-001073,2026-06-15,INBOUND,WIRE,USD,230809.30,AE,SETTLED
PAY-00003994,CLIENT-0215,ACC-000641,2025-08-30,OUTBOUND,REAL_TIME_PAYMENT,EUR,11121.12,BR,SETTLED
PAY-00003995,CLIENT-0324,ACC-000952,2024-08-07,OUTBOUND,CARD,EUR,16611.97,FR,SETTLED
PAY-00003996,CLIENT-0092,ACC-000262,2024-07-22,OUTBOUND,BOOK_TRANSFER,USD,222416.43,IE,SETTLED
PAY-00003997,CLIENT-0116,ACC-000340,2026-01-21,INBOUND,ACH,SGD,11619.93,JP,SETTLED
PAY-00003998,CLIENT-0341,ACC-000999,2024-10-09,INBOUND,SEPA,USD,13669.50,SG,PENDING
PAY-00003999,CLIENT-0290,ACC-000858,2026-07-14,INBOUND,FX_TRANSFER,EUR,4810.63,AU,PENDING
PAY-00004000,CLIENT-0181,ACC-000546,2025-05-19,OUTBOUND,WIRE,USD,8838.15,US,SETTLED
PAY-00004001,CLIENT-0297,ACC-000877,2025-09-10,OUTBOUND,SEPA,USD,68213.79,MX,SETTLED
PAY-00004002,CLIENT-0024,ACC-000062,2025-11-17,OUTBOUND,WIRE,BRL,11097.33,GB,SETTLED
PAY-00004003,CLIENT-0160,ACC-000484,2026-02-13,OUTBOUND,SEPA,USD,3827.98,DE,SETTLED
PAY-00004004,CLIENT-0310,ACC-000915,2026-04-02,INBOUND,BOOK_TRANSFER,USD,212795.46,FR,SETTLED
PAY-00004005,CLIENT-0422,ACC-001246,2025-12-02,INBOUND,BOOK_TRANSFER,EUR,51784.90,AE,SETTLED
PAY-00004006,CLIENT-0456,ACC-001348,2025-01-30,OUTBOUND,CARD,USD,229270.11,BR,SETTLED
PAY-00004007,CLIENT-0450,ACC-001329,2026-05-16,OUTBOUND,FX_TRANSFER,EUR,226077.54,FR,SETTLED
PAY-00004008,CLIENT-0464,ACC-001368,2025-08-10,OUTBOUND,CARD,USD,19812.99,NL,SETTLED
PAY-00004009,CLIENT-0326,ACC-000960,2025-05-23,OUTBOUND,WIRE,USD,61598.72,MX,PENDING
PAY-00004010,CLIENT-0150,ACC-000452,2025-06-29,OUTBOUND,BOOK_TRANSFER,USD,237101.85,SG,SETTLED
PAY-00004011,CLIENT-0108,ACC-000309,2026-03-15,INBOUND,SEPA,AED,13878.11,IN,PENDING
PAY-00004012,CLIENT-0049,ACC-000135,2026-04-20,OUTBOUND,REAL_TIME_PAYMENT,USD,65726.55,IN,SETTLED
PAY-00004013,CLIENT-0071,ACC-000197,2026-03-21,OUTBOUND,ACH,EUR,77083.40,AE,SETTLED
PAY-00004014,CLIENT-0363,ACC-001062,2026-02-02,OUTBOUND,SEPA,EUR,167343.75,AE,SETTLED
PAY-00004015,CLIENT-0080,ACC-000222,2025-11-23,INBOUND,ACH,EUR,31031.46,AU,SETTLED
PAY-00004016,CLIENT-0082,ACC-000227,2024-10-05,OUTBOUND,SEPA,USD,759.24,FR,SETTLED
PAY-00004017,CLIENT-0261,ACC-000781,2026-07-26,INBOUND,SEPA,GBP,92338.34,BR,SETTLED
PAY-00004018,CLIENT-0266,ACC-000794,2025-11-14,INBOUND,REAL_TIME_PAYMENT,EUR,3054.02,AE,SETTLED
PAY-00004019,CLIENT-0170,ACC-000515,2026-04-08,OUTBOUND,ACH,USD,155781.76,SG,SETTLED
PAY-00004020,CLIENT-0127,ACC-000379,2026-05-02,INBOUND,SEPA,USD,86484.95,CH,SETTLED
PAY-00004021,CLIENT-0195,ACC-000578,2025-11-24,OUTBOUND,ACH,CAD,747.75,CH,SETTLED
PAY-00004022,CLIENT-0209,ACC-000622,2025-07-13,INBOUND,CARD,CAD,175476.00,BR,SETTLED
PAY-00004023,CLIENT-0279,ACC-000831,2025-05-11,OUTBOUND,SEPA,USD,180964.38,AU,SETTLED
PAY-00004024,CLIENT-0387,ACC-001122,2025-06-29,INBOUND,REAL_TIME_PAYMENT,USD,5172.78,US,SETTLED
PAY-00004025,CLIENT-0378,ACC-001098,2026-06-10,OUTBOUND,FX_TRANSFER,USD,100985.02,US,SETTLED
PAY-00004026,CLIENT-0073,ACC-000204,2025-09-29,OUTBOUND,SWIFT,USD,12.19,MX,SETTLED
PAY-00004027,CLIENT-0324,ACC-000951,2026-05-15,INBOUND,REAL_TIME_PAYMENT,EUR,145448.76,SG,SETTLED
PAY-00004028,CLIENT-0279,ACC-000831,2025-05-23,OUTBOUND,WIRE,USD,164869.09,MX,SETTLED
PAY-00004029,CLIENT-0418,ACC-001236,2026-03-28,OUTBOUND,FX_TRANSFER,USD,63410.29,CA,SETTLED
PAY-00004030,CLIENT-0170,ACC-000515,2026-06-23,INBOUND,ACH,USD,130074.25,US,PENDING
PAY-00004031,CLIENT-0391,ACC-001137,2025-09-22,OUTBOUND,REAL_TIME_PAYMENT,USD,923.23,SG,REJECTED
PAY-00004032,CLIENT-0112,ACC-000323,2026-04-13,OUTBOUND,REAL_TIME_PAYMENT,EUR,184215.69,BR,SETTLED
PAY-00004033,CLIENT-0216,ACC-000645,2026-01-16,INBOUND,BOOK_TRANSFER,USD,7226.12,CA,SETTLED
PAY-00004034,CLIENT-0490,ACC-001461,2025-04-01,OUTBOUND,SEPA,USD,8881.91,DE,SETTLED
PAY-00004035,CLIENT-0061,ACC-000168,2025-11-12,OUTBOUND,BOOK_TRANSFER,USD,10407.77,BR,SETTLED
PAY-00004036,CLIENT-0341,ACC-000999,2026-07-12,OUTBOUND,FX_TRANSFER,USD,7842.61,SG,SETTLED
PAY-00004037,CLIENT-0080,ACC-000223,2025-01-11,INBOUND,BOOK_TRANSFER,SGD,183594.07,JP,SETTLED
PAY-00004038,CLIENT-0428,ACC-001263,2026-01-20,OUTBOUND,FX_TRANSFER,SGD,49519.41,MX,RETURNED
PAY-00004039,CLIENT-0082,ACC-000227,2025-02-22,OUTBOUND,CARD,USD,3494.91,DE,SETTLED
PAY-00004040,CLIENT-0323,ACC-000948,2024-01-10,INBOUND,SEPA,CAD,149756.39,FR,SETTLED
PAY-00004041,CLIENT-0255,ACC-000766,2025-05-26,INBOUND,SWIFT,INR,224553.36,AU,SETTLED
PAY-00004042,CLIENT-0475,ACC-001406,2026-03-16,OUTBOUND,BOOK_TRANSFER,USD,108614.26,DE,SETTLED
PAY-00004043,CLIENT-0175,ACC-000529,2025-07-25,INBOUND,REAL_TIME_PAYMENT,USD,54017.58,IN,SETTLED
PAY-00004044,CLIENT-0393,ACC-001144,2026-06-28,INBOUND,FX_TRANSFER,USD,63149.65,MX,SETTLED
PAY-00004045,CLIENT-0472,ACC-001398,2026-05-23,OUTBOUND,SEPA,USD,98045.10,US,PENDING
PAY-00004046,CLIENT-0139,ACC-000415,2025-04-05,OUTBOUND,WIRE,USD,168588.27,CH,SETTLED
PAY-00004047,CLIENT-0494,ACC-001475,2024-03-16,OUTBOUND,CARD,EUR,96712.19,CH,SETTLED
PAY-00004048,CLIENT-0173,ACC-000524,2025-12-01,OUTBOUND,SWIFT,SGD,9806.86,AU,SETTLED
PAY-00004049,CLIENT-0341,ACC-000999,2026-06-11,OUTBOUND,BOOK_TRANSFER,USD,13935.51,NL,SETTLED
PAY-00004050,CLIENT-0049,ACC-000135,2026-06-10,INBOUND,FX_TRANSFER,USD,144300.81,BR,SETTLED
PAY-00004051,CLIENT-0483,ACC-001436,2026-07-13,OUTBOUND,CARD,USD,16.97,NL,SETTLED
PAY-00004052,CLIENT-0148,ACC-000444,2026-03-24,INBOUND,BOOK_TRANSFER,EUR,56246.07,NL,SETTLED
PAY-00004053,CLIENT-0008,ACC-000014,2024-08-07,OUTBOUND,BOOK_TRANSFER,BRL,121.74,AE,SETTLED
PAY-00004054,CLIENT-0488,ACC-001451,2026-01-21,OUTBOUND,BOOK_TRANSFER,EUR,91138.83,NL,SETTLED
PAY-00004055,CLIENT-0185,ACC-000554,2026-03-09,OUTBOUND,FX_TRANSFER,EUR,15429.93,GB,SETTLED
PAY-00004056,CLIENT-0388,ACC-001128,2026-04-30,OUTBOUND,REAL_TIME_PAYMENT,EUR,28187.44,CA,SETTLED
PAY-00004057,CLIENT-0003,ACC-000007,2025-04-02,OUTBOUND,FX_TRANSFER,EUR,138313.59,MX,SETTLED
PAY-00004058,CLIENT-0456,ACC-001349,2024-02-12,INBOUND,BOOK_TRANSFER,USD,46189.27,DE,SETTLED
PAY-00004059,CLIENT-0352,ACC-001034,2025-03-12,OUTBOUND,SWIFT,BRL,170529.07,MX,SETTLED
PAY-00004060,CLIENT-0221,ACC-000660,2025-11-29,OUTBOUND,CARD,USD,208079.31,JP,SETTLED
PAY-00004061,CLIENT-0003,ACC-000007,2024-11-13,INBOUND,ACH,EUR,247201.22,CA,SETTLED
PAY-00004062,CLIENT-0311,ACC-000918,2026-04-09,INBOUND,SWIFT,USD,76592.66,CA,SETTLED
PAY-00004063,CLIENT-0166,ACC-000501,2026-05-11,OUTBOUND,ACH,EUR,65059.51,AE,SETTLED
PAY-00004064,CLIENT-0185,ACC-000554,2026-06-10,OUTBOUND,SEPA,EUR,246480.47,GB,SETTLED
PAY-00004065,CLIENT-0012,ACC-000030,2025-03-29,INBOUND,BOOK_TRANSFER,EUR,11750.53,IE,SETTLED
PAY-00004066,CLIENT-0067,ACC-000184,2025-07-19,OUTBOUND,REAL_TIME_PAYMENT,USD,194200.98,CH,SETTLED
PAY-00004067,CLIENT-0098,ACC-000283,2026-02-23,OUTBOUND,FX_TRANSFER,USD,104491.27,IE,SETTLED
PAY-00004068,CLIENT-0157,ACC-000475,2024-11-08,OUTBOUND,SWIFT,EUR,15935.76,BR,SETTLED
PAY-00004069,CLIENT-0136,ACC-000407,2026-06-28,INBOUND,REAL_TIME_PAYMENT,USD,62804.04,CA,PENDING
PAY-00004070,CLIENT-0244,ACC-000737,2026-02-03,OUTBOUND,SEPA,USD,6481.97,GB,SETTLED
PAY-00004071,CLIENT-0120,ACC-000353,2025-12-28,OUTBOUND,WIRE,EUR,205289.68,FR,SETTLED
PAY-00004072,CLIENT-0470,ACC-001392,2025-11-07,OUTBOUND,BOOK_TRANSFER,USD,3256.99,DE,SETTLED
PAY-00004073,CLIENT-0113,ACC-000329,2026-07-31,INBOUND,FX_TRANSFER,USD,70077.71,AU,REJECTED
PAY-00004074,CLIENT-0340,ACC-000993,2026-06-12,INBOUND,WIRE,USD,13952.29,GB,SETTLED
PAY-00004075,CLIENT-0011,ACC-000023,2026-05-04,INBOUND,CARD,USD,615.39,IE,SETTLED
PAY-00004076,CLIENT-0489,ACC-001459,2025-09-24,OUTBOUND,REAL_TIME_PAYMENT,GBP,70259.80,MX,SETTLED
PAY-00004077,CLIENT-0071,ACC-000196,2024-03-19,OUTBOUND,REAL_TIME_PAYMENT,GBP,183190.09,DE,SETTLED
PAY-00004078,CLIENT-0173,ACC-000525,2026-01-17,OUTBOUND,SEPA,SGD,5037.43,CH,SETTLED
PAY-00004079,CLIENT-0233,ACC-000699,2025-03-15,OUTBOUND,WIRE,AUD,107873.38,IE,SETTLED
PAY-00004080,CLIENT-0245,ACC-000740,2025-03-15,OUTBOUND,SWIFT,EUR,1899.52,MX,SETTLED
PAY-00004081,CLIENT-0247,ACC-000742,2025-09-25,OUTBOUND,SWIFT,USD,37438.13,IE,SETTLED
PAY-00004082,CLIENT-0054,ACC-000149,2025-05-23,INBOUND,SWIFT,USD,12170.28,FR,SETTLED
PAY-00004083,CLIENT-0067,ACC-000186,2025-10-04,OUTBOUND,REAL_TIME_PAYMENT,USD,103478.30,IE,SETTLED
PAY-00004084,CLIENT-0121,ACC-000355,2025-12-27,INBOUND,WIRE,USD,9278.65,CA,SETTLED
PAY-00004085,CLIENT-0202,ACC-000607,2025-06-11,OUTBOUND,FX_TRANSFER,USD,231026.00,MX,SETTLED
PAY-00004086,CLIENT-0229,ACC-000682,2026-06-24,OUTBOUND,CARD,EUR,224468.77,US,PENDING
PAY-00004087,CLIENT-0411,ACC-001207,2026-03-04,INBOUND,SEPA,MXN,159514.76,IN,SETTLED
PAY-00004088,CLIENT-0147,ACC-000440,2026-07-26,OUTBOUND,BOOK_TRANSFER,USD,11701.78,IN,SETTLED
PAY-00004089,CLIENT-0204,ACC-000611,2026-07-14,OUTBOUND,BOOK_TRANSFER,USD,9315.68,GB,SETTLED
PAY-00004090,CLIENT-0341,ACC-000998,2026-05-30,OUTBOUND,REAL_TIME_PAYMENT,USD,3058.01,FR,SETTLED
PAY-00004091,CLIENT-0386,ACC-001121,2026-05-07,OUTBOUND,SEPA,USD,40790.95,NL,RETURNED
PAY-00004092,CLIENT-0186,ACC-000555,2025-01-28,OUTBOUND,ACH,USD,87780.17,SG,SETTLED
PAY-00004093,CLIENT-0189,ACC-000568,2024-11-20,OUTBOUND,FX_TRANSFER,USD,3484.72,IN,PENDING
PAY-00004094,CLIENT-0489,ACC-001456,2024-06-19,OUTBOUND,REAL_TIME_PAYMENT,GBP,4331.08,DE,SETTLED
PAY-00004095,CLIENT-0251,ACC-000756,2025-05-29,OUTBOUND,ACH,USD,11249.43,NL,SETTLED
PAY-00004096,CLIENT-0051,ACC-000142,2026-05-30,INBOUND,BOOK_TRANSFER,USD,111662.64,IN,SETTLED
PAY-00004097,CLIENT-0369,ACC-001076,2025-04-18,INBOUND,CARD,USD,7465.32,CH,SETTLED
PAY-00004098,CLIENT-0463,ACC-001365,2024-11-08,INBOUND,ACH,EUR,7337.12,AU,SETTLED
PAY-00004099,CLIENT-0267,ACC-000798,2026-07-16,INBOUND,BOOK_TRANSFER,USD,9677.69,NL,SETTLED
PAY-00004100,CLIENT-0259,ACC-000776,2024-11-25,OUTBOUND,BOOK_TRANSFER,EUR,42394.68,NL,SETTLED
PAY-00004101,CLIENT-0191,ACC-000570,2025-05-16,OUTBOUND,SWIFT,EUR,7051.16,AE,SETTLED
PAY-00004102,CLIENT-0264,ACC-000792,2025-12-29,OUTBOUND,BOOK_TRANSFER,USD,11945.21,MX,SETTLED
PAY-00004103,CLIENT-0139,ACC-000413,2026-02-13,OUTBOUND,SEPA,INR,82496.60,JP,SETTLED
PAY-00004104,CLIENT-0446,ACC-001315,2025-05-14,OUTBOUND,CARD,SGD,100961.74,AU,SETTLED
PAY-00004105,CLIENT-0226,ACC-000672,2026-03-17,OUTBOUND,FX_TRANSFER,USD,243628.84,AU,SETTLED
PAY-00004106,CLIENT-0483,ACC-001436,2025-10-16,OUTBOUND,WIRE,USD,309.03,CH,SETTLED
PAY-00004107,CLIENT-0049,ACC-000132,2026-02-16,OUTBOUND,SWIFT,USD,102963.68,IE,SETTLED
PAY-00004108,CLIENT-0220,ACC-000654,2025-04-18,INBOUND,WIRE,USD,63473.81,GB,SETTLED
PAY-00004109,CLIENT-0062,ACC-000172,2026-07-10,OUTBOUND,SWIFT,USD,100824.54,MX,SETTLED
PAY-00004110,CLIENT-0018,ACC-000045,2026-03-20,OUTBOUND,BOOK_TRANSFER,SGD,211690.29,AE,SETTLED
PAY-00004111,CLIENT-0016,ACC-000039,2025-06-27,OUTBOUND,BOOK_TRANSFER,USD,13053.76,AE,SETTLED
PAY-00004112,CLIENT-0446,ACC-001315,2024-03-03,OUTBOUND,CARD,SGD,42627.01,US,SETTLED
PAY-00004113,CLIENT-0233,ACC-000699,2025-12-30,INBOUND,SWIFT,AUD,92298.95,IN,SETTLED
PAY-00004114,CLIENT-0405,ACC-001188,2024-04-14,OUTBOUND,FX_TRANSFER,USD,107177.72,BR,SETTLED
PAY-00004115,CLIENT-0346,ACC-001015,2024-10-03,OUTBOUND,SWIFT,USD,191074.75,AU,SETTLED
PAY-00004116,CLIENT-0487,ACC-001448,2025-12-06,OUTBOUND,SWIFT,EUR,204571.90,NL,SETTLED
PAY-00004117,CLIENT-0328,ACC-000966,2026-06-18,INBOUND,SWIFT,USD,238874.33,AE,SETTLED
PAY-00004118,CLIENT-0455,ACC-001344,2025-07-29,OUTBOUND,FX_TRANSFER,EUR,190106.04,IN,SETTLED
PAY-00004119,CLIENT-0442,ACC-001305,2026-01-07,OUTBOUND,FX_TRANSFER,BRL,4689.52,CH,SETTLED
PAY-00004120,CLIENT-0010,ACC-000020,2024-08-26,OUTBOUND,WIRE,GBP,63652.84,JP,SETTLED
PAY-00004121,CLIENT-0255,ACC-000769,2025-01-27,OUTBOUND,REAL_TIME_PAYMENT,INR,3663.29,DE,PENDING
PAY-00004122,CLIENT-0463,ACC-001366,2026-06-11,OUTBOUND,BOOK_TRANSFER,EUR,6152.07,GB,SETTLED
PAY-00004123,CLIENT-0453,ACC-001338,2026-03-09,OUTBOUND,CARD,USD,104016.09,IE,SETTLED
PAY-00004124,CLIENT-0435,ACC-001283,2026-01-31,INBOUND,CARD,USD,2098.74,CH,SETTLED
PAY-00004125,CLIENT-0387,ACC-001123,2024-02-18,INBOUND,WIRE,EUR,13597.85,SG,SETTLED
PAY-00004126,CLIENT-0151,ACC-000455,2025-07-05,OUTBOUND,REAL_TIME_PAYMENT,USD,7804.47,DE,SETTLED
PAY-00004127,CLIENT-0368,ACC-001075,2026-06-23,OUTBOUND,REAL_TIME_PAYMENT,USD,92705.03,AE,SETTLED
PAY-00004128,CLIENT-0345,ACC-001009,2025-05-07,INBOUND,SWIFT,USD,10669.26,GB,SETTLED
PAY-00004129,CLIENT-0046,ACC-000124,2025-01-26,OUTBOUND,WIRE,USD,8898.77,JP,SETTLED
PAY-00004130,CLIENT-0236,ACC-000708,2026-04-23,INBOUND,CARD,USD,3651.07,CH,SETTLED
PAY-00004131,CLIENT-0438,ACC-001294,2026-06-05,INBOUND,CARD,USD,104583.71,IN,SETTLED
PAY-00004132,CLIENT-0405,ACC-001189,2026-03-19,OUTBOUND,WIRE,AUD,144158.68,GB,PENDING
PAY-00004133,CLIENT-0465,ACC-001373,2025-12-09,OUTBOUND,SWIFT,USD,902.61,JP,SETTLED
PAY-00004134,CLIENT-0450,ACC-001327,2026-01-29,OUTBOUND,WIRE,EUR,195448.78,CH,SETTLED
PAY-00004135,CLIENT-0139,ACC-000414,2026-06-01,INBOUND,SEPA,EUR,40777.22,FR,SETTLED
PAY-00004136,CLIENT-0173,ACC-000524,2025-06-11,INBOUND,FX_TRANSFER,SGD,6239.83,JP,SETTLED
PAY-00004137,CLIENT-0470,ACC-001390,2025-09-02,INBOUND,BOOK_TRANSFER,INR,13353.53,AU,SETTLED
PAY-00004138,CLIENT-0306,ACC-000902,2026-07-26,INBOUND,SWIFT,GBP,2659.36,AU,SETTLED
PAY-00004139,CLIENT-0406,ACC-001192,2025-10-08,INBOUND,REAL_TIME_PAYMENT,EUR,228183.57,US,SETTLED
PAY-00004140,CLIENT-0476,ACC-001408,2024-11-22,OUTBOUND,WIRE,USD,37426.90,IE,PENDING
PAY-00004141,CLIENT-0299,ACC-000883,2025-10-01,OUTBOUND,REAL_TIME_PAYMENT,EUR,6004.69,DE,RETURNED
PAY-00004142,CLIENT-0174,ACC-000528,2025-04-02,INBOUND,ACH,USD,199581.19,BR,SETTLED
PAY-00004143,CLIENT-0376,ACC-001094,2026-02-28,INBOUND,FX_TRANSFER,USD,188545.58,GB,SETTLED
PAY-00004144,CLIENT-0021,ACC-000058,2026-01-01,INBOUND,BOOK_TRANSFER,GBP,105885.08,IN,PENDING
PAY-00004145,CLIENT-0106,ACC-000302,2025-04-01,INBOUND,SEPA,USD,200092.37,NL,SETTLED
PAY-00004146,CLIENT-0496,ACC-001479,2024-04-27,OUTBOUND,WIRE,USD,95330.86,JP,SETTLED
PAY-00004147,CLIENT-0092,ACC-000261,2026-05-28,OUTBOUND,WIRE,AUD,158315.52,AE,REJECTED
PAY-00004148,CLIENT-0234,ACC-000702,2026-05-31,OUTBOUND,WIRE,EUR,97669.07,AE,SETTLED
PAY-00004149,CLIENT-0293,ACC-000867,2025-07-18,OUTBOUND,CARD,CAD,9117.45,DE,SETTLED
PAY-00004150,CLIENT-0117,ACC-000345,2024-01-28,INBOUND,WIRE,USD,241438.17,JP,SETTLED
PAY-00004151,CLIENT-0271,ACC-000811,2024-06-03,INBOUND,SWIFT,USD,169931.28,GB,SETTLED
PAY-00004152,CLIENT-0416,ACC-001230,2025-05-09,INBOUND,CARD,CAD,144821.91,FR,SETTLED
PAY-00004153,CLIENT-0052,ACC-000144,2024-06-20,INBOUND,FX_TRANSFER,EUR,19789.41,US,SETTLED
PAY-00004154,CLIENT-0015,ACC-000036,2025-10-29,INBOUND,BOOK_TRANSFER,USD,145072.89,NL,SETTLED
PAY-00004155,CLIENT-0480,ACC-001426,2026-02-24,INBOUND,BOOK_TRANSFER,USD,14721.81,CA,SETTLED
PAY-00004156,CLIENT-0048,ACC-000127,2025-11-02,INBOUND,CARD,USD,104538.48,NL,SETTLED
PAY-00004157,CLIENT-0451,ACC-001332,2026-05-26,OUTBOUND,FX_TRANSFER,GBP,4550.61,IN,PENDING
PAY-00004158,CLIENT-0270,ACC-000804,2025-10-17,INBOUND,CARD,USD,6062.70,IN,SETTLED
PAY-00004159,CLIENT-0461,ACC-001360,2025-04-23,INBOUND,CARD,EUR,190054.30,US,SETTLED
PAY-00004160,CLIENT-0187,ACC-000558,2024-09-10,INBOUND,ACH,USD,12137.34,IE,SETTLED
PAY-00004161,CLIENT-0296,ACC-000874,2026-02-08,OUTBOUND,SWIFT,EUR,240528.31,CH,SETTLED
PAY-00004162,CLIENT-0195,ACC-000578,2025-06-18,INBOUND,SWIFT,CAD,4018.14,JP,SETTLED
PAY-00004163,CLIENT-0383,ACC-001114,2024-04-01,INBOUND,SWIFT,CHF,49630.51,FR,SETTLED
PAY-00004164,CLIENT-0348,ACC-001021,2024-02-22,OUTBOUND,BOOK_TRANSFER,USD,42633.17,DE,PENDING
PAY-00004165,CLIENT-0311,ACC-000919,2026-01-28,OUTBOUND,SWIFT,INR,152709.29,JP,SETTLED
PAY-00004166,CLIENT-0173,ACC-000526,2026-03-05,OUTBOUND,SWIFT,AED,7268.64,MX,RETURNED
PAY-00004167,CLIENT-0103,ACC-000292,2025-04-03,OUTBOUND,SEPA,USD,166970.93,GB,PENDING
PAY-00004168,CLIENT-0493,ACC-001470,2025-09-01,OUTBOUND,CARD,USD,155.68,IN,SETTLED
PAY-00004169,CLIENT-0046,ACC-000123,2026-06-17,INBOUND,SEPA,USD,7024.70,US,SETTLED
PAY-00004170,CLIENT-0045,ACC-000118,2025-08-13,OUTBOUND,CARD,USD,248147.01,BR,SETTLED
PAY-00004171,CLIENT-0372,ACC-001085,2025-09-24,OUTBOUND,ACH,EUR,5871.16,CA,SETTLED
PAY-00004172,CLIENT-0055,ACC-000156,2025-06-29,OUTBOUND,WIRE,BRL,187661.94,JP,SETTLED
PAY-00004173,CLIENT-0230,ACC-000687,2025-06-19,INBOUND,WIRE,USD,212259.35,AU,SETTLED
PAY-00004174,CLIENT-0019,ACC-000049,2025-07-05,OUTBOUND,CARD,USD,8968.89,IE,SETTLED
PAY-00004175,CLIENT-0379,ACC-001102,2025-02-03,INBOUND,REAL_TIME_PAYMENT,USD,5094.68,AU,SETTLED
PAY-00004176,CLIENT-0096,ACC-000274,2025-03-16,INBOUND,WIRE,USD,11727.87,CA,SETTLED
PAY-00004177,CLIENT-0492,ACC-001467,2024-04-09,INBOUND,BOOK_TRANSFER,USD,38872.46,GB,SETTLED
PAY-00004178,CLIENT-0084,ACC-000237,2026-03-29,OUTBOUND,BOOK_TRANSFER,USD,34225.91,DE,SETTLED
PAY-00004179,CLIENT-0073,ACC-000202,2024-06-06,INBOUND,FX_TRANSFER,USD,6025.91,IN,SETTLED
PAY-00004180,CLIENT-0363,ACC-001062,2026-05-17,INBOUND,REAL_TIME_PAYMENT,EUR,168640.38,US,SETTLED
PAY-00004181,CLIENT-0466,ACC-001380,2025-10-29,INBOUND,BOOK_TRANSFER,INR,152539.59,GB,SETTLED
PAY-00004182,CLIENT-0317,ACC-000933,2024-08-15,INBOUND,WIRE,EUR,245133.35,JP,SETTLED
PAY-00004183,CLIENT-0172,ACC-000519,2024-05-19,INBOUND,REAL_TIME_PAYMENT,USD,99580.12,MX,SETTLED
PAY-00004184,CLIENT-0435,ACC-001284,2026-05-12,OUTBOUND,SEPA,USD,3112.34,SG,SETTLED
PAY-00004185,CLIENT-0030,ACC-000079,2026-05-19,INBOUND,WIRE,EUR,7222.89,FR,SETTLED
PAY-00004186,CLIENT-0316,ACC-000927,2026-01-21,OUTBOUND,FX_TRANSFER,USD,51938.81,AE,SETTLED
PAY-00004187,CLIENT-0053,ACC-000146,2024-07-07,OUTBOUND,SWIFT,MXN,6480.65,SG,SETTLED
PAY-00004188,CLIENT-0316,ACC-000927,2024-08-26,OUTBOUND,WIRE,USD,229397.99,BR,SETTLED
PAY-00004189,CLIENT-0199,ACC-000596,2026-03-05,OUTBOUND,ACH,USD,7298.70,GB,SETTLED
PAY-00004190,CLIENT-0168,ACC-000510,2025-11-24,OUTBOUND,SWIFT,EUR,2703.36,SG,SETTLED
PAY-00004191,CLIENT-0189,ACC-000566,2026-07-05,OUTBOUND,WIRE,USD,11335.98,IN,SETTLED
PAY-00004192,CLIENT-0318,ACC-000934,2026-04-12,INBOUND,SEPA,USD,210633.20,MX,SETTLED
PAY-00004193,CLIENT-0444,ACC-001309,2024-07-15,OUTBOUND,FX_TRANSFER,EUR,63009.01,JP,SETTLED
PAY-00004194,CLIENT-0420,ACC-001242,2025-02-14,OUTBOUND,WIRE,AUD,64816.67,DE,SETTLED
PAY-00004195,CLIENT-0351,ACC-001027,2026-07-02,INBOUND,REAL_TIME_PAYMENT,EUR,13837.74,GB,SETTLED
PAY-00004196,CLIENT-0372,ACC-001083,2025-10-02,INBOUND,WIRE,USD,4911.72,BR,SETTLED
PAY-00004197,CLIENT-0247,ACC-000745,2026-07-07,INBOUND,SEPA,MXN,119413.33,AU,SETTLED
PAY-00004198,CLIENT-0476,ACC-001409,2026-04-01,OUTBOUND,REAL_TIME_PAYMENT,USD,154084.78,FR,SETTLED
PAY-00004199,CLIENT-0122,ACC-000359,2025-10-22,INBOUND,ACH,USD,239106.72,AE,SETTLED
PAY-00004200,CLIENT-0326,ACC-000958,2025-05-20,OUTBOUND,CARD,USD,69404.96,SG,SETTLED
PAY-00004201,CLIENT-0494,ACC-001474,2025-09-22,INBOUND,REAL_TIME_PAYMENT,USD,155191.72,IE,SETTLED
PAY-00004202,CLIENT-0211,ACC-000629,2026-07-23,OUTBOUND,SEPA,USD,22126.77,GB,SETTLED
PAY-00004203,CLIENT-0123,ACC-000367,2026-01-23,OUTBOUND,REAL_TIME_PAYMENT,USD,80242.19,JP,SETTLED
PAY-00004204,CLIENT-0211,ACC-000628,2026-02-17,INBOUND,FX_TRANSFER,BRL,23604.76,BR,SETTLED
PAY-00004205,CLIENT-0286,ACC-000848,2026-02-22,INBOUND,ACH,GBP,38171.39,SG,SETTLED
PAY-00004206,CLIENT-0400,ACC-001171,2024-06-25,OUTBOUND,FX_TRANSFER,USD,168539.91,AU,SETTLED
PAY-00004207,CLIENT-0259,ACC-000777,2026-01-26,OUTBOUND,ACH,EUR,52323.69,FR,SETTLED
PAY-00004208,CLIENT-0464,ACC-001368,2025-10-19,OUTBOUND,CARD,USD,155222.29,NL,SETTLED
PAY-00004209,CLIENT-0485,ACC-001442,2026-05-20,OUTBOUND,SEPA,EUR,9757.23,SG,SETTLED
PAY-00004210,CLIENT-0172,ACC-000520,2026-06-08,INBOUND,WIRE,EUR,217035.84,IN,SETTLED
PAY-00004211,CLIENT-0082,ACC-000227,2025-01-03,OUTBOUND,SWIFT,USD,6321.24,SG,SETTLED
PAY-00004212,CLIENT-0425,ACC-001254,2025-12-02,INBOUND,WIRE,USD,84694.28,NL,SETTLED
PAY-00004213,CLIENT-0220,ACC-000656,2025-12-25,OUTBOUND,ACH,USD,152875.22,MX,SETTLED
PAY-00004214,CLIENT-0197,ACC-000589,2026-07-25,OUTBOUND,WIRE,USD,19953.61,IN,SETTLED
PAY-00004215,CLIENT-0421,ACC-001244,2026-01-12,OUTBOUND,CARD,EUR,96541.02,FR,SETTLED
PAY-00004216,CLIENT-0395,ACC-001154,2026-02-27,OUTBOUND,FX_TRANSFER,AED,83653.57,CA,SETTLED
PAY-00004217,CLIENT-0464,ACC-001369,2026-06-15,OUTBOUND,ACH,EUR,78756.45,AE,SETTLED
PAY-00004218,CLIENT-0388,ACC-001125,2026-01-11,OUTBOUND,ACH,EUR,89420.73,NL,SETTLED
PAY-00004219,CLIENT-0275,ACC-000824,2025-11-26,INBOUND,FX_TRANSFER,USD,2211.34,AU,SETTLED
PAY-00004220,CLIENT-0181,ACC-000546,2026-02-17,INBOUND,WIRE,USD,10099.75,BR,SETTLED
PAY-00004221,CLIENT-0357,ACC-001050,2025-11-27,OUTBOUND,BOOK_TRANSFER,USD,12872.83,AU,SETTLED
PAY-00004222,CLIENT-0343,ACC-001003,2025-10-29,INBOUND,SWIFT,USD,155663.24,GB,SETTLED
PAY-00004223,CLIENT-0299,ACC-000883,2024-11-30,OUTBOUND,ACH,EUR,145403.90,DE,SETTLED
PAY-00004224,CLIENT-0201,ACC-000602,2026-03-09,OUTBOUND,BOOK_TRANSFER,USD,1341.44,JP,SETTLED
PAY-00004225,CLIENT-0253,ACC-000758,2026-05-22,INBOUND,BOOK_TRANSFER,JPY,210187.52,NL,SETTLED
PAY-00004226,CLIENT-0086,ACC-000242,2025-02-25,OUTBOUND,ACH,USD,9616.14,AU,SETTLED
PAY-00004227,CLIENT-0325,ACC-000955,2025-05-02,INBOUND,SEPA,USD,1865.38,CA,SETTLED
PAY-00004228,CLIENT-0256,ACC-000771,2025-10-28,OUTBOUND,ACH,EUR,7194.51,US,SETTLED
PAY-00004229,CLIENT-0062,ACC-000172,2026-07-23,OUTBOUND,WIRE,USD,51210.87,MX,SETTLED
PAY-00004230,CLIENT-0242,ACC-000728,2024-10-01,INBOUND,REAL_TIME_PAYMENT,USD,249406.14,NL,SETTLED
PAY-00004231,CLIENT-0322,ACC-000945,2025-06-10,OUTBOUND,BOOK_TRANSFER,CHF,10932.80,AE,SETTLED
PAY-00004232,CLIENT-0092,ACC-000260,2026-07-19,OUTBOUND,SEPA,AUD,13044.18,GB,SETTLED
PAY-00004233,CLIENT-0001,ACC-000004,2025-12-14,OUTBOUND,WIRE,AED,232661.63,IN,SETTLED
PAY-00004234,CLIENT-0097,ACC-000280,2024-02-08,INBOUND,WIRE,EUR,212460.16,US,PENDING
PAY-00004235,CLIENT-0444,ACC-001309,2024-10-21,INBOUND,WIRE,EUR,148283.76,FR,SETTLED
PAY-00004236,CLIENT-0156,ACC-000471,2024-12-26,OUTBOUND,BOOK_TRANSFER,USD,121193.60,DE,SETTLED
PAY-00004237,CLIENT-0009,ACC-000017,2026-04-02,OUTBOUND,SWIFT,JPY,7797.89,US,SETTLED
PAY-00004238,CLIENT-0341,ACC-000999,2024-02-13,INBOUND,SWIFT,USD,6458.51,NL,SETTLED
PAY-00004239,CLIENT-0272,ACC-000814,2024-12-31,OUTBOUND,BOOK_TRANSFER,EUR,58802.18,CH,SETTLED
PAY-00004240,CLIENT-0224,ACC-000670,2026-04-15,OUTBOUND,WIRE,EUR,13919.91,JP,SETTLED
PAY-00004241,CLIENT-0255,ACC-000766,2024-12-23,OUTBOUND,BOOK_TRANSFER,INR,237052.74,BR,SETTLED
PAY-00004242,CLIENT-0140,ACC-000419,2026-04-03,OUTBOUND,WIRE,EUR,152123.60,JP,SETTLED
PAY-00004243,CLIENT-0293,ACC-000867,2024-04-27,OUTBOUND,FX_TRANSFER,CAD,8116.80,FR,SETTLED
PAY-00004244,CLIENT-0490,ACC-001463,2025-08-10,OUTBOUND,FX_TRANSFER,BRL,8837.84,AE,SETTLED
PAY-00004245,CLIENT-0306,ACC-000903,2025-01-12,INBOUND,REAL_TIME_PAYMENT,EUR,3982.80,MX,SETTLED
PAY-00004246,CLIENT-0284,ACC-000842,2026-02-02,INBOUND,ACH,USD,56547.93,AU,SETTLED
PAY-00004247,CLIENT-0062,ACC-000171,2025-07-21,INBOUND,REAL_TIME_PAYMENT,EUR,179638.54,SG,SETTLED
PAY-00004248,CLIENT-0354,ACC-001038,2025-02-28,OUTBOUND,CARD,EUR,206157.86,DE,SETTLED
PAY-00004249,CLIENT-0379,ACC-001102,2025-08-27,OUTBOUND,BOOK_TRANSFER,USD,5297.45,CH,SETTLED
PAY-00004250,CLIENT-0134,ACC-000397,2024-10-02,INBOUND,SEPA,USD,17350.83,CH,SETTLED
PAY-00004251,CLIENT-0401,ACC-001174,2025-12-04,OUTBOUND,CARD,EUR,628.03,CH,SETTLED
PAY-00004252,CLIENT-0483,ACC-001433,2024-09-29,OUTBOUND,SWIFT,USD,5408.72,GB,SETTLED
PAY-00004253,CLIENT-0196,ACC-000584,2026-05-04,OUTBOUND,WIRE,USD,182880.23,BR,SETTLED
PAY-00004254,CLIENT-0019,ACC-000053,2026-01-28,OUTBOUND,BOOK_TRANSFER,BRL,12133.76,AU,SETTLED
PAY-00004255,CLIENT-0363,ACC-001062,2026-04-21,INBOUND,CARD,EUR,166820.46,GB,SETTLED
PAY-00004256,CLIENT-0383,ACC-001113,2024-03-18,OUTBOUND,REAL_TIME_PAYMENT,USD,108757.50,BR,SETTLED
PAY-00004257,CLIENT-0013,ACC-000031,2025-08-27,INBOUND,WIRE,USD,188292.09,FR,SETTLED
PAY-00004258,CLIENT-0364,ACC-001064,2025-07-05,OUTBOUND,FX_TRANSFER,USD,90848.95,AU,SETTLED
PAY-00004259,CLIENT-0255,ACC-000769,2025-06-06,INBOUND,ACH,INR,242584.31,BR,SETTLED
PAY-00004260,CLIENT-0278,ACC-000830,2025-11-22,INBOUND,ACH,EUR,14588.75,SG,SETTLED
PAY-00004261,CLIENT-0319,ACC-000937,2025-06-09,OUTBOUND,BOOK_TRANSFER,GBP,2429.45,DE,SETTLED
PAY-00004262,CLIENT-0405,ACC-001188,2024-01-06,INBOUND,SEPA,USD,152920.18,BR,SETTLED
PAY-00004263,CLIENT-0466,ACC-001377,2024-01-23,OUTBOUND,BOOK_TRANSFER,INR,107977.90,CH,SETTLED
PAY-00004264,CLIENT-0095,ACC-000268,2024-11-09,OUTBOUND,FX_TRANSFER,SGD,5906.87,CH,PENDING
PAY-00004265,CLIENT-0298,ACC-000879,2026-06-25,OUTBOUND,BOOK_TRANSFER,USD,1636.57,NL,PENDING
PAY-00004266,CLIENT-0205,ACC-000612,2024-10-08,INBOUND,ACH,USD,14332.60,AE,SETTLED
PAY-00004267,CLIENT-0145,ACC-000433,2026-02-28,OUTBOUND,SWIFT,USD,69790.13,DE,SETTLED
PAY-00004268,CLIENT-0447,ACC-001318,2025-08-20,INBOUND,CARD,USD,169915.94,JP,SETTLED
PAY-00004269,CLIENT-0455,ACC-001343,2026-04-25,INBOUND,FX_TRANSFER,EUR,104522.92,GB,RETURNED
PAY-00004270,CLIENT-0115,ACC-000336,2025-07-17,OUTBOUND,CARD,USD,118.10,IE,SETTLED
PAY-00004271,CLIENT-0498,ACC-001484,2025-11-16,INBOUND,BOOK_TRANSFER,USD,238440.00,JP,SETTLED
PAY-00004272,CLIENT-0336,ACC-000980,2025-07-29,OUTBOUND,FX_TRANSFER,USD,117875.34,MX,REJECTED
PAY-00004273,CLIENT-0139,ACC-000416,2026-04-13,INBOUND,WIRE,INR,88351.60,AE,SETTLED
PAY-00004274,CLIENT-0439,ACC-001296,2025-04-22,OUTBOUND,WIRE,MXN,131173.78,FR,SETTLED
PAY-00004275,CLIENT-0009,ACC-000017,2025-07-23,OUTBOUND,CARD,JPY,1460.97,BR,SETTLED
PAY-00004276,CLIENT-0103,ACC-000293,2025-03-27,OUTBOUND,WIRE,USD,238057.66,CH,SETTLED
PAY-00004277,CLIENT-0120,ACC-000351,2026-03-27,OUTBOUND,WIRE,CHF,212621.59,JP,SETTLED
PAY-00004278,CLIENT-0311,ACC-000919,2026-01-30,OUTBOUND,WIRE,INR,73759.43,SG,SETTLED
PAY-00004279,CLIENT-0471,ACC-001394,2024-09-26,OUTBOUND,WIRE,CHF,113967.45,DE,SETTLED
PAY-00004280,CLIENT-0273,ACC-000817,2025-11-17,OUTBOUND,BOOK_TRANSFER,USD,2990.50,BR,REJECTED
PAY-00004281,CLIENT-0173,ACC-000525,2026-05-18,INBOUND,REAL_TIME_PAYMENT,SGD,11978.98,FR,SETTLED
PAY-00004282,CLIENT-0267,ACC-000797,2025-06-30,OUTBOUND,BOOK_TRANSFER,USD,2860.87,IN,PENDING
PAY-00004283,CLIENT-0237,ACC-000712,2025-12-01,OUTBOUND,BOOK_TRANSFER,USD,210983.69,AU,SETTLED
PAY-00004284,CLIENT-0140,ACC-000419,2025-11-04,OUTBOUND,SWIFT,EUR,139460.60,IN,SETTLED
PAY-00004285,CLIENT-0025,ACC-000068,2025-06-05,OUTBOUND,SWIFT,JPY,156782.85,CH,SETTLED
PAY-00004286,CLIENT-0288,ACC-000855,2024-11-24,INBOUND,CARD,BRL,154645.49,IN,SETTLED
PAY-00004287,CLIENT-0076,ACC-000212,2024-09-01,INBOUND,SEPA,USD,155483.56,CH,SETTLED
PAY-00004288,CLIENT-0218,ACC-000650,2026-02-06,INBOUND,WIRE,USD,116136.30,FR,SETTLED
PAY-00004289,CLIENT-0458,ACC-001353,2025-10-23,OUTBOUND,WIRE,USD,106099.38,GB,SETTLED
PAY-00004290,CLIENT-0122,ACC-000359,2026-01-29,INBOUND,CARD,USD,181680.32,NL,PENDING
PAY-00004291,CLIENT-0087,ACC-000246,2025-09-06,OUTBOUND,SEPA,EUR,142504.15,DE,SETTLED
PAY-00004292,CLIENT-0489,ACC-001456,2024-04-25,OUTBOUND,BOOK_TRANSFER,GBP,37124.59,AU,SETTLED
PAY-00004293,CLIENT-0226,ACC-000675,2024-10-27,INBOUND,ACH,USD,174327.64,CA,SETTLED
PAY-00004294,CLIENT-0383,ACC-001113,2024-11-08,INBOUND,BOOK_TRANSFER,USD,78206.75,FR,SETTLED
PAY-00004295,CLIENT-0256,ACC-000772,2026-06-14,OUTBOUND,REAL_TIME_PAYMENT,USD,11045.77,NL,SETTLED
PAY-00004296,CLIENT-0202,ACC-000607,2024-12-02,INBOUND,CARD,USD,246858.46,CH,SETTLED
PAY-00004297,CLIENT-0394,ACC-001148,2026-01-10,INBOUND,WIRE,USD,24637.97,CA,SETTLED
PAY-00004298,CLIENT-0485,ACC-001439,2026-06-04,INBOUND,ACH,BRL,12298.57,AU,SETTLED
PAY-00004299,CLIENT-0424,ACC-001250,2025-09-16,OUTBOUND,FX_TRANSFER,AUD,4589.43,SG,PENDING
PAY-00004300,CLIENT-0405,ACC-001189,2025-08-07,OUTBOUND,WIRE,AUD,35347.59,IN,SETTLED
PAY-00004301,CLIENT-0418,ACC-001238,2026-05-04,OUTBOUND,SWIFT,USD,196808.03,NL,SETTLED
PAY-00004302,CLIENT-0341,ACC-000998,2026-05-12,INBOUND,WIRE,USD,2933.78,MX,REJECTED
PAY-00004303,CLIENT-0049,ACC-000134,2026-07-08,OUTBOUND,REAL_TIME_PAYMENT,USD,136377.59,IN,SETTLED
PAY-00004304,CLIENT-0135,ACC-000403,2026-06-27,INBOUND,ACH,USD,2666.94,GB,SETTLED
PAY-00004305,CLIENT-0146,ACC-000436,2026-04-17,INBOUND,ACH,CAD,221757.39,IE,SETTLED
PAY-00004306,CLIENT-0423,ACC-001247,2024-04-18,INBOUND,REAL_TIME_PAYMENT,USD,60031.45,NL,SETTLED
PAY-00004307,CLIENT-0485,ACC-001441,2026-06-05,INBOUND,FX_TRANSFER,USD,7335.12,SG,SETTLED
PAY-00004308,CLIENT-0370,ACC-001080,2026-04-11,OUTBOUND,SWIFT,USD,246897.85,FR,PENDING
PAY-00004309,CLIENT-0016,ACC-000040,2026-02-19,INBOUND,SWIFT,USD,13635.39,SG,SETTLED
PAY-00004310,CLIENT-0190,ACC-000569,2026-03-31,OUTBOUND,BOOK_TRANSFER,AUD,6929.81,GB,SETTLED
PAY-00004311,CLIENT-0316,ACC-000927,2024-01-13,INBOUND,FX_TRANSFER,USD,44332.28,SG,SETTLED
PAY-00004312,CLIENT-0456,ACC-001348,2024-10-15,OUTBOUND,CARD,USD,99730.03,CH,SETTLED
PAY-00004313,CLIENT-0431,ACC-001271,2026-03-17,OUTBOUND,BOOK_TRANSFER,MXN,130.96,IE,PENDING
PAY-00004314,CLIENT-0244,ACC-000737,2025-09-20,OUTBOUND,SWIFT,USD,5105.68,BR,SETTLED
PAY-00004315,CLIENT-0092,ACC-000262,2026-06-05,INBOUND,SWIFT,USD,11730.11,CH,SETTLED
PAY-00004316,CLIENT-0106,ACC-000304,2026-07-15,INBOUND,SWIFT,GBP,3431.37,DE,SETTLED
PAY-00004317,CLIENT-0233,ACC-000698,2026-04-23,INBOUND,WIRE,USD,157137.66,DE,SETTLED
PAY-00004318,CLIENT-0301,ACC-000887,2025-08-25,OUTBOUND,SWIFT,USD,145307.99,DE,SETTLED
PAY-00004319,CLIENT-0395,ACC-001153,2025-12-04,OUTBOUND,SEPA,USD,248907.30,CA,PENDING
PAY-00004320,CLIENT-0109,ACC-000315,2025-01-19,INBOUND,CARD,USD,216034.17,AE,SETTLED
PAY-00004321,CLIENT-0203,ACC-000610,2025-11-15,OUTBOUND,FX_TRANSFER,EUR,271.73,AE,SETTLED
PAY-00004322,CLIENT-0336,ACC-000980,2026-06-30,INBOUND,WIRE,USD,100115.86,BR,SETTLED
PAY-00004323,CLIENT-0171,ACC-000518,2024-12-12,OUTBOUND,REAL_TIME_PAYMENT,EUR,180186.22,US,SETTLED
PAY-00004324,CLIENT-0411,ACC-001209,2025-07-11,INBOUND,ACH,USD,24480.17,IE,PENDING
PAY-00004325,CLIENT-0453,ACC-001338,2026-02-22,OUTBOUND,WIRE,USD,211911.48,MX,SETTLED
PAY-00004326,CLIENT-0305,ACC-000897,2026-03-05,OUTBOUND,FX_TRANSFER,CAD,16.82,BR,SETTLED
PAY-00004327,CLIENT-0129,ACC-000384,2025-05-03,OUTBOUND,REAL_TIME_PAYMENT,EUR,3571.76,BR,SETTLED
PAY-00004328,CLIENT-0315,ACC-000925,2024-08-31,OUTBOUND,SEPA,USD,72919.34,BR,SETTLED
PAY-00004329,CLIENT-0038,ACC-000102,2026-07-27,INBOUND,BOOK_TRANSFER,USD,110600.04,IN,SETTLED
PAY-00004330,CLIENT-0241,ACC-000727,2026-06-20,OUTBOUND,BOOK_TRANSFER,USD,227841.15,NL,SETTLED
PAY-00004331,CLIENT-0314,ACC-000924,2024-10-29,OUTBOUND,SEPA,EUR,210186.57,IE,SETTLED
PAY-00004332,CLIENT-0397,ACC-001163,2026-06-30,INBOUND,CARD,USD,46719.11,CA,SETTLED
PAY-00004333,CLIENT-0302,ACC-000889,2026-06-28,OUTBOUND,FX_TRANSFER,EUR,112209.28,AU,SETTLED
PAY-00004334,CLIENT-0011,ACC-000025,2026-07-10,OUTBOUND,BOOK_TRANSFER,USD,11286.20,DE,SETTLED
PAY-00004335,CLIENT-0242,ACC-000729,2024-10-14,INBOUND,CARD,USD,228726.05,AU,SETTLED
PAY-00004336,CLIENT-0172,ACC-000519,2026-06-21,OUTBOUND,FX_TRANSFER,USD,190992.90,US,SETTLED
PAY-00004337,CLIENT-0389,ACC-001132,2025-11-06,INBOUND,CARD,USD,4767.74,FR,SETTLED
PAY-00004338,CLIENT-0125,ACC-000372,2026-04-07,INBOUND,ACH,USD,189421.37,CA,SETTLED
PAY-00004339,CLIENT-0381,ACC-001107,2026-01-01,OUTBOUND,SWIFT,EUR,170092.84,IN,SETTLED
PAY-00004340,CLIENT-0098,ACC-000283,2026-07-01,INBOUND,REAL_TIME_PAYMENT,USD,23250.55,CH,SETTLED
PAY-00004341,CLIENT-0443,ACC-001308,2026-02-06,OUTBOUND,CARD,CAD,12457.77,JP,SETTLED
PAY-00004342,CLIENT-0046,ACC-000124,2025-07-09,INBOUND,SWIFT,USD,12789.21,CH,REJECTED
PAY-00004343,CLIENT-0114,ACC-000330,2026-06-19,OUTBOUND,REAL_TIME_PAYMENT,AUD,90981.10,US,RETURNED
PAY-00004344,CLIENT-0440,ACC-001299,2026-04-07,OUTBOUND,FX_TRANSFER,CAD,7939.71,SG,SETTLED
PAY-00004345,CLIENT-0275,ACC-000820,2025-12-19,OUTBOUND,FX_TRANSFER,USD,112431.82,MX,SETTLED
PAY-00004346,CLIENT-0068,ACC-000190,2026-03-22,OUTBOUND,SEPA,MXN,171009.32,IE,SETTLED
PAY-00004347,CLIENT-0140,ACC-000419,2026-06-19,INBOUND,FX_TRANSFER,EUR,200463.69,MX,SETTLED
PAY-00004348,CLIENT-0108,ACC-000309,2026-07-10,OUTBOUND,ACH,AED,227794.87,IN,SETTLED
PAY-00004349,CLIENT-0253,ACC-000762,2026-07-10,INBOUND,SEPA,USD,40708.55,IN,SETTLED
PAY-00004350,CLIENT-0151,ACC-000455,2026-07-09,OUTBOUND,BOOK_TRANSFER,USD,13287.56,NL,SETTLED
PAY-00004351,CLIENT-0395,ACC-001150,2026-06-26,OUTBOUND,WIRE,USD,73086.69,DE,SETTLED
PAY-00004352,CLIENT-0306,ACC-000901,2026-01-15,OUTBOUND,BOOK_TRANSFER,EUR,11768.41,MX,SETTLED
PAY-00004353,CLIENT-0405,ACC-001189,2025-11-08,OUTBOUND,ACH,AUD,102960.44,MX,SETTLED
PAY-00004354,CLIENT-0066,ACC-000180,2024-09-06,OUTBOUND,WIRE,USD,124647.99,CA,SETTLED
PAY-00004355,CLIENT-0017,ACC-000043,2026-06-27,INBOUND,WIRE,CAD,4878.06,IE,SETTLED
PAY-00004356,CLIENT-0478,ACC-001416,2024-01-28,INBOUND,CARD,CAD,175300.53,CH,SETTLED
PAY-00004357,CLIENT-0120,ACC-000351,2026-06-24,INBOUND,SEPA,CHF,86281.63,CH,PENDING
PAY-00004358,CLIENT-0317,ACC-000932,2024-04-23,OUTBOUND,REAL_TIME_PAYMENT,USD,199670.49,GB,SETTLED
PAY-00004359,CLIENT-0247,ACC-000742,2024-10-01,OUTBOUND,CARD,USD,149517.68,CA,SETTLED
PAY-00004360,CLIENT-0112,ACC-000327,2026-01-05,OUTBOUND,REAL_TIME_PAYMENT,EUR,214237.34,GB,SETTLED
PAY-00004361,CLIENT-0183,ACC-000549,2025-12-23,OUTBOUND,REAL_TIME_PAYMENT,USD,11781.28,JP,SETTLED
PAY-00004362,CLIENT-0389,ACC-001130,2024-02-01,OUTBOUND,CARD,USD,14382.43,GB,SETTLED
PAY-00004363,CLIENT-0403,ACC-001181,2026-04-27,OUTBOUND,REAL_TIME_PAYMENT,USD,187237.82,IE,SETTLED
PAY-00004364,CLIENT-0254,ACC-000764,2026-07-30,INBOUND,SWIFT,USD,131429.83,IE,PENDING
PAY-00004365,CLIENT-0281,ACC-000834,2025-08-21,OUTBOUND,FX_TRANSFER,USD,181369.47,NL,SETTLED
PAY-00004366,CLIENT-0236,ACC-000708,2026-06-04,OUTBOUND,BOOK_TRANSFER,USD,5120.77,SG,SETTLED
PAY-00004367,CLIENT-0413,ACC-001219,2026-03-03,OUTBOUND,CARD,GBP,246858.24,DE,SETTLED
PAY-00004368,CLIENT-0152,ACC-000456,2025-06-09,INBOUND,FX_TRANSFER,INR,1231.51,CH,SETTLED
PAY-00004369,CLIENT-0105,ACC-000299,2026-06-22,OUTBOUND,WIRE,SGD,5690.72,FR,SETTLED
PAY-00004370,CLIENT-0051,ACC-000138,2026-07-13,INBOUND,CARD,USD,73644.34,FR,SETTLED
PAY-00004371,CLIENT-0282,ACC-000837,2025-04-21,OUTBOUND,REAL_TIME_PAYMENT,EUR,3630.36,NL,PENDING
PAY-00004372,CLIENT-0493,ACC-001469,2026-05-20,INBOUND,CARD,USD,178.43,CH,SETTLED
PAY-00004373,CLIENT-0055,ACC-000154,2026-02-01,INBOUND,BOOK_TRANSFER,BRL,208417.88,JP,SETTLED
PAY-00004374,CLIENT-0468,ACC-001386,2024-05-24,OUTBOUND,FX_TRANSFER,USD,4280.76,GB,SETTLED
PAY-00004375,CLIENT-0148,ACC-000445,2026-04-06,OUTBOUND,BOOK_TRANSFER,USD,89067.40,IE,SETTLED
PAY-00004376,CLIENT-0276,ACC-000825,2026-07-02,INBOUND,WIRE,USD,51457.06,NL,SETTLED
PAY-00004377,CLIENT-0316,ACC-000927,2025-12-06,INBOUND,FX_TRANSFER,USD,12467.35,GB,SETTLED
PAY-00004378,CLIENT-0188,ACC-000565,2026-07-02,OUTBOUND,REAL_TIME_PAYMENT,USD,67634.11,BR,SETTLED
PAY-00004379,CLIENT-0137,ACC-000409,2025-04-24,OUTBOUND,FX_TRANSFER,USD,46841.52,FR,SETTLED
PAY-00004380,CLIENT-0043,ACC-000116,2026-01-30,INBOUND,SEPA,USD,204592.95,FR,SETTLED
PAY-00004381,CLIENT-0488,ACC-001455,2024-03-04,INBOUND,SWIFT,USD,202437.04,JP,PENDING
PAY-00004382,CLIENT-0109,ACC-000315,2025-01-13,OUTBOUND,REAL_TIME_PAYMENT,USD,35098.40,IN,SETTLED
PAY-00004383,CLIENT-0341,ACC-000998,2026-06-20,OUTBOUND,SEPA,USD,7014.79,US,SETTLED
PAY-00004384,CLIENT-0379,ACC-001103,2024-10-27,OUTBOUND,FX_TRANSFER,USD,6645.45,MX,SETTLED
PAY-00004385,CLIENT-0240,ACC-000721,2025-02-23,INBOUND,FX_TRANSFER,USD,3482.40,IE,SETTLED
PAY-00004386,CLIENT-0181,ACC-000546,2026-03-20,INBOUND,REAL_TIME_PAYMENT,USD,14611.32,NL,SETTLED
PAY-00004387,CLIENT-0096,ACC-000272,2026-04-28,INBOUND,FX_TRANSFER,USD,4915.31,AU,SETTLED
PAY-00004388,CLIENT-0467,ACC-001385,2025-06-24,INBOUND,SWIFT,USD,10796.51,DE,SETTLED
PAY-00004389,CLIENT-0348,ACC-001020,2025-08-15,OUTBOUND,SEPA,USD,23943.85,AE,SETTLED
PAY-00004390,CLIENT-0405,ACC-001190,2026-07-04,OUTBOUND,FX_TRANSFER,USD,241405.83,JP,SETTLED
PAY-00004391,CLIENT-0162,ACC-000488,2025-10-21,INBOUND,SWIFT,USD,2876.55,AU,SETTLED
PAY-00004392,CLIENT-0435,ACC-001285,2025-07-05,INBOUND,WIRE,USD,3067.49,AE,SETTLED
PAY-00004393,CLIENT-0105,ACC-000299,2025-09-21,OUTBOUND,SWIFT,SGD,11730.65,GB,SETTLED
PAY-00004394,CLIENT-0152,ACC-000459,2025-01-29,OUTBOUND,ACH,USD,9571.95,BR,PENDING
PAY-00004395,CLIENT-0084,ACC-000234,2026-06-30,INBOUND,ACH,USD,43935.19,AE,SETTLED
PAY-00004396,CLIENT-0142,ACC-000422,2026-06-04,INBOUND,CARD,JPY,95388.44,IE,REJECTED
PAY-00004397,CLIENT-0080,ACC-000221,2025-04-18,OUTBOUND,FX_TRANSFER,EUR,27352.75,FR,PENDING
PAY-00004398,CLIENT-0476,ACC-001408,2024-05-20,INBOUND,CARD,USD,146691.40,US,SETTLED
PAY-00004399,CLIENT-0352,ACC-001035,2026-06-25,INBOUND,ACH,USD,204826.16,JP,SETTLED
PAY-00004400,CLIENT-0087,ACC-000244,2026-06-05,OUTBOUND,REAL_TIME_PAYMENT,GBP,57883.93,DE,SETTLED
PAY-00004401,CLIENT-0301,ACC-000888,2026-02-28,INBOUND,FX_TRANSFER,USD,146007.76,IN,SETTLED
PAY-00004402,CLIENT-0106,ACC-000301,2025-10-08,INBOUND,SWIFT,USD,71289.78,IN,SETTLED
PAY-00004403,CLIENT-0172,ACC-000522,2026-03-12,INBOUND,ACH,EUR,155592.02,BR,SETTLED
PAY-00004404,CLIENT-0311,ACC-000917,2024-09-07,INBOUND,SEPA,INR,178530.92,AU,RETURNED
PAY-00004405,CLIENT-0082,ACC-000230,2025-09-14,INBOUND,SWIFT,USD,10662.85,IE,SETTLED
PAY-00004406,CLIENT-0172,ACC-000520,2026-03-04,INBOUND,BOOK_TRANSFER,EUR,234389.93,AU,SETTLED
PAY-00004407,CLIENT-0295,ACC-000870,2024-03-11,INBOUND,BOOK_TRANSFER,GBP,57475.67,BR,SETTLED
PAY-00004408,CLIENT-0085,ACC-000240,2024-10-17,OUTBOUND,ACH,CAD,12736.97,CA,REJECTED
PAY-00004409,CLIENT-0143,ACC-000428,2026-04-21,OUTBOUND,SWIFT,EUR,120173.04,JP,SETTLED
PAY-00004410,CLIENT-0210,ACC-000627,2025-11-22,INBOUND,REAL_TIME_PAYMENT,USD,242773.63,GB,PENDING
PAY-00004411,CLIENT-0067,ACC-000186,2026-07-04,INBOUND,BOOK_TRANSFER,USD,117455.99,AU,SETTLED
PAY-00004412,CLIENT-0148,ACC-000447,2024-07-01,OUTBOUND,WIRE,SGD,150712.33,CA,SETTLED
PAY-00004413,CLIENT-0195,ACC-000577,2026-01-21,OUTBOUND,ACH,USD,7303.44,IE,SETTLED
PAY-00004414,CLIENT-0426,ACC-001255,2024-11-10,OUTBOUND,REAL_TIME_PAYMENT,EUR,69609.77,JP,SETTLED
PAY-00004415,CLIENT-0012,ACC-000026,2026-04-09,OUTBOUND,REAL_TIME_PAYMENT,JPY,5605.05,IE,SETTLED
PAY-00004416,CLIENT-0209,ACC-000621,2026-01-06,OUTBOUND,FX_TRANSFER,CAD,173667.75,CH,PENDING
PAY-00004417,CLIENT-0306,ACC-000899,2024-01-02,OUTBOUND,SEPA,GBP,682.05,NL,SETTLED
PAY-00004418,CLIENT-0417,ACC-001233,2024-07-03,OUTBOUND,SEPA,JPY,112499.91,US,REJECTED
PAY-00004419,CLIENT-0100,ACC-000289,2026-05-18,INBOUND,BOOK_TRANSFER,EUR,179160.65,DE,SETTLED
PAY-00004420,CLIENT-0089,ACC-000250,2026-07-27,OUTBOUND,ACH,USD,98838.52,MX,SETTLED
PAY-00004421,CLIENT-0210,ACC-000625,2026-06-13,INBOUND,REAL_TIME_PAYMENT,MXN,177767.92,US,SETTLED
PAY-00004422,CLIENT-0326,ACC-000959,2026-03-20,INBOUND,CARD,USD,205143.53,CH,SETTLED
PAY-00004423,CLIENT-0161,ACC-000485,2026-04-04,OUTBOUND,ACH,EUR,259.75,AE,SETTLED
PAY-00004424,CLIENT-0388,ACC-001125,2025-09-16,INBOUND,SEPA,EUR,62018.55,MX,SETTLED
PAY-00004425,CLIENT-0128,ACC-000380,2025-10-09,OUTBOUND,REAL_TIME_PAYMENT,USD,11641.75,GB,SETTLED
PAY-00004426,CLIENT-0319,ACC-000936,2025-06-28,INBOUND,ACH,USD,9859.98,US,SETTLED
PAY-00004427,CLIENT-0326,ACC-000957,2026-07-27,INBOUND,SWIFT,USD,230809.75,FR,SETTLED
PAY-00004428,CLIENT-0485,ACC-001442,2026-07-26,OUTBOUND,BOOK_TRANSFER,EUR,13561.23,FR,SETTLED
PAY-00004429,CLIENT-0495,ACC-001478,2025-03-26,OUTBOUND,SWIFT,USD,5780.90,AU,SETTLED
PAY-00004430,CLIENT-0264,ACC-000792,2025-09-24,OUTBOUND,REAL_TIME_PAYMENT,USD,5276.49,IN,REJECTED
PAY-00004431,CLIENT-0300,ACC-000885,2025-05-29,OUTBOUND,CARD,USD,78737.91,FR,SETTLED
PAY-00004432,CLIENT-0232,ACC-000693,2024-04-14,INBOUND,FX_TRANSFER,USD,16794.79,IN,SETTLED
PAY-00004433,CLIENT-0168,ACC-000509,2025-12-09,OUTBOUND,SWIFT,EUR,6275.47,AE,SETTLED
PAY-00004434,CLIENT-0498,ACC-001482,2026-02-01,INBOUND,SWIFT,CAD,38412.18,MX,SETTLED
PAY-00004435,CLIENT-0322,ACC-000946,2026-01-04,OUTBOUND,WIRE,CHF,8715.78,US,SETTLED
PAY-00004436,CLIENT-0396,ACC-001156,2024-08-20,OUTBOUND,FX_TRANSFER,USD,14396.27,AU,REJECTED
PAY-00004437,CLIENT-0118,ACC-000348,2025-11-03,INBOUND,WIRE,USD,7648.96,AU,SETTLED
PAY-00004438,CLIENT-0271,ACC-000811,2026-06-26,INBOUND,SEPA,USD,131731.63,US,SETTLED
PAY-00004439,CLIENT-0440,ACC-001302,2026-04-20,OUTBOUND,FX_TRANSFER,CAD,6927.10,IE,SETTLED
PAY-00004440,CLIENT-0210,ACC-000626,2025-06-19,OUTBOUND,FX_TRANSFER,MXN,231386.38,AE,SETTLED
PAY-00004441,CLIENT-0328,ACC-000966,2025-05-10,OUTBOUND,WIRE,USD,140708.75,IE,SETTLED
PAY-00004442,CLIENT-0455,ACC-001342,2025-09-15,INBOUND,BOOK_TRANSFER,USD,176354.92,GB,SETTLED
PAY-00004443,CLIENT-0071,ACC-000197,2025-11-07,OUTBOUND,SWIFT,EUR,87009.64,FR,SETTLED
PAY-00004444,CLIENT-0062,ACC-000169,2026-07-28,INBOUND,ACH,EUR,235037.89,BR,PENDING
PAY-00004445,CLIENT-0241,ACC-000726,2025-05-10,OUTBOUND,SWIFT,USD,245789.01,CH,SETTLED
PAY-00004446,CLIENT-0275,ACC-000821,2026-05-01,OUTBOUND,REAL_TIME_PAYMENT,EUR,209985.16,SG,SETTLED
PAY-00004447,CLIENT-0200,ACC-000600,2025-07-27,INBOUND,BOOK_TRANSFER,GBP,4768.34,SG,SETTLED
PAY-00004448,CLIENT-0363,ACC-001062,2026-06-21,OUTBOUND,WIRE,EUR,1530.99,AU,SETTLED
PAY-00004449,CLIENT-0492,ACC-001468,2026-07-31,OUTBOUND,WIRE,CAD,72819.50,DE,SETTLED
PAY-00004450,CLIENT-0210,ACC-000625,2026-05-15,INBOUND,REAL_TIME_PAYMENT,MXN,86210.33,GB,SETTLED
PAY-00004451,CLIENT-0184,ACC-000553,2025-12-23,OUTBOUND,BOOK_TRANSFER,EUR,9862.84,MX,SETTLED
PAY-00004452,CLIENT-0169,ACC-000513,2026-07-18,OUTBOUND,CARD,USD,7863.33,IE,SETTLED
PAY-00004453,CLIENT-0460,ACC-001357,2025-10-13,INBOUND,FX_TRANSFER,USD,113172.10,GB,PENDING
PAY-00004454,CLIENT-0384,ACC-001118,2025-11-13,INBOUND,REAL_TIME_PAYMENT,EUR,2872.54,CA,SETTLED
PAY-00004455,CLIENT-0416,ACC-001228,2026-02-20,OUTBOUND,BOOK_TRANSFER,USD,70386.81,AE,PENDING
PAY-00004456,CLIENT-0273,ACC-000815,2026-05-03,INBOUND,REAL_TIME_PAYMENT,EUR,11638.59,DE,SETTLED
PAY-00004457,CLIENT-0381,ACC-001108,2025-05-28,INBOUND,BOOK_TRANSFER,EUR,24999.01,AU,SETTLED
PAY-00004458,CLIENT-0203,ACC-000610,2025-01-27,OUTBOUND,SEPA,EUR,279.41,AE,SETTLED
PAY-00004459,CLIENT-0439,ACC-001297,2026-07-11,INBOUND,SWIFT,USD,51904.93,CH,PENDING
PAY-00004460,CLIENT-0356,ACC-001047,2024-05-23,INBOUND,BOOK_TRANSFER,GBP,73741.88,IN,SETTLED
PAY-00004461,CLIENT-0456,ACC-001346,2026-04-03,OUTBOUND,REAL_TIME_PAYMENT,USD,38712.33,FR,SETTLED
PAY-00004462,CLIENT-0024,ACC-000063,2026-02-10,INBOUND,WIRE,USD,13507.34,IN,SETTLED
PAY-00004463,CLIENT-0268,ACC-000800,2024-01-22,OUTBOUND,FX_TRANSFER,EUR,204167.21,GB,SETTLED
PAY-00004464,CLIENT-0125,ACC-000373,2025-01-18,OUTBOUND,BOOK_TRANSFER,USD,100365.96,IE,SETTLED
PAY-00004465,CLIENT-0149,ACC-000450,2025-10-14,OUTBOUND,WIRE,USD,123966.62,AE,SETTLED
PAY-00004466,CLIENT-0112,ACC-000326,2026-01-25,OUTBOUND,ACH,USD,60654.84,BR,SETTLED
PAY-00004467,CLIENT-0270,ACC-000806,2024-10-02,INBOUND,SWIFT,CHF,12417.84,AU,SETTLED
PAY-00004468,CLIENT-0192,ACC-000571,2026-01-28,INBOUND,SWIFT,USD,139669.35,DE,SETTLED
PAY-00004469,CLIENT-0041,ACC-000114,2026-02-23,OUTBOUND,SEPA,USD,14036.75,GB,SETTLED
PAY-00004470,CLIENT-0466,ACC-001380,2025-10-17,OUTBOUND,FX_TRANSFER,INR,80401.27,JP,SETTLED
PAY-00004471,CLIENT-0395,ACC-001151,2025-08-31,INBOUND,WIRE,USD,38444.13,AU,SETTLED
PAY-00004472,CLIENT-0146,ACC-000435,2026-03-10,INBOUND,WIRE,CAD,138144.87,IN,SETTLED
PAY-00004473,CLIENT-0320,ACC-000939,2026-04-02,OUTBOUND,REAL_TIME_PAYMENT,INR,14833.65,SG,PENDING
PAY-00004474,CLIENT-0480,ACC-001422,2026-07-11,INBOUND,ACH,USD,531.76,DE,SETTLED
PAY-00004475,CLIENT-0411,ACC-001209,2026-01-02,OUTBOUND,SEPA,USD,25444.14,MX,SETTLED
PAY-00004476,CLIENT-0456,ACC-001349,2025-09-15,OUTBOUND,REAL_TIME_PAYMENT,USD,128297.33,GB,SETTLED
PAY-00004477,CLIENT-0263,ACC-000790,2024-07-20,INBOUND,SEPA,EUR,14693.64,US,SETTLED
PAY-00004478,CLIENT-0036,ACC-000096,2025-03-23,INBOUND,CARD,USD,5912.66,JP,SETTLED
PAY-00004479,CLIENT-0189,ACC-000568,2025-12-16,OUTBOUND,SEPA,USD,11682.94,AE,SETTLED
PAY-00004480,CLIENT-0030,ACC-000080,2026-01-22,INBOUND,WIRE,EUR,147134.87,MX,SETTLED
PAY-00004481,CLIENT-0165,ACC-000497,2025-07-03,OUTBOUND,SEPA,USD,11636.16,CH,SETTLED
PAY-00004482,CLIENT-0427,ACC-001260,2025-02-26,INBOUND,WIRE,USD,59933.00,BR,REJECTED
PAY-00004483,CLIENT-0449,ACC-001325,2025-01-18,OUTBOUND,FX_TRANSFER,USD,159707.10,NL,SETTLED
PAY-00004484,CLIENT-0485,ACC-001439,2026-01-13,OUTBOUND,CARD,BRL,1294.69,CH,PENDING
PAY-00004485,CLIENT-0434,ACC-001278,2026-06-29,INBOUND,FX_TRANSFER,USD,225441.17,MX,SETTLED
PAY-00004486,CLIENT-0025,ACC-000066,2026-03-15,INBOUND,REAL_TIME_PAYMENT,USD,67971.78,NL,SETTLED
PAY-00004487,CLIENT-0117,ACC-000343,2025-10-13,INBOUND,ACH,USD,234119.29,DE,SETTLED
PAY-00004488,CLIENT-0472,ACC-001398,2026-02-28,OUTBOUND,FX_TRANSFER,USD,110879.63,BR,SETTLED
PAY-00004489,CLIENT-0395,ACC-001152,2026-01-06,INBOUND,CARD,USD,150577.85,IE,SETTLED
PAY-00004490,CLIENT-0244,ACC-000739,2026-06-25,INBOUND,BOOK_TRANSFER,EUR,4129.75,JP,PENDING
PAY-00004491,CLIENT-0227,ACC-000677,2026-05-31,INBOUND,BOOK_TRANSFER,USD,6295.08,US,SETTLED
PAY-00004492,CLIENT-0228,ACC-000679,2024-09-09,INBOUND,WIRE,USD,115848.46,DE,SETTLED
PAY-00004493,CLIENT-0152,ACC-000458,2026-07-29,INBOUND,REAL_TIME_PAYMENT,USD,11893.78,FR,SETTLED
PAY-00004494,CLIENT-0357,ACC-001050,2026-06-13,OUTBOUND,WIRE,USD,5244.69,MX,PENDING
PAY-00004495,CLIENT-0044,ACC-000117,2026-04-12,INBOUND,REAL_TIME_PAYMENT,BRL,199892.79,IN,SETTLED
PAY-00004496,CLIENT-0039,ACC-000105,2026-06-29,OUTBOUND,WIRE,EUR,173263.52,GB,SETTLED
PAY-00004497,CLIENT-0024,ACC-000065,2026-07-12,OUTBOUND,SWIFT,GBP,14445.14,BR,SETTLED
PAY-00004498,CLIENT-0488,ACC-001455,2025-12-27,INBOUND,ACH,USD,58963.64,US,SETTLED
PAY-00004499,CLIENT-0113,ACC-000328,2025-04-03,INBOUND,FX_TRANSFER,USD,165814.46,BR,SETTLED
PAY-00004500,CLIENT-0098,ACC-000281,2026-07-31,INBOUND,SEPA,MXN,242104.34,IE,SETTLED
PAY-00004501,CLIENT-0155,ACC-000466,2026-03-18,INBOUND,CARD,JPY,137221.37,NL,SETTLED
PAY-00004502,CLIENT-0485,ACC-001440,2025-11-06,OUTBOUND,FX_TRANSFER,USD,9155.85,AE,REJECTED
PAY-00004503,CLIENT-0049,ACC-000135,2026-03-28,OUTBOUND,REAL_TIME_PAYMENT,USD,66183.87,BR,SETTLED
PAY-00004504,CLIENT-0380,ACC-001105,2026-03-18,OUTBOUND,SWIFT,USD,1422.92,NL,SETTLED
PAY-00004505,CLIENT-0394,ACC-001148,2026-01-30,OUTBOUND,FX_TRANSFER,USD,225137.91,BR,SETTLED
PAY-00004506,CLIENT-0399,ACC-001168,2026-04-24,INBOUND,FX_TRANSFER,EUR,12043.08,DE,PENDING
PAY-00004507,CLIENT-0397,ACC-001159,2026-02-08,OUTBOUND,WIRE,USD,193932.06,US,SETTLED
PAY-00004508,CLIENT-0352,ACC-001035,2026-05-03,INBOUND,SWIFT,USD,75671.93,AE,SETTLED
PAY-00004509,CLIENT-0115,ACC-000337,2026-01-19,INBOUND,WIRE,SGD,14891.57,IN,SETTLED
PAY-00004510,CLIENT-0137,ACC-000409,2025-11-14,INBOUND,BOOK_TRANSFER,USD,38563.68,FR,SETTLED
PAY-00004511,CLIENT-0464,ACC-001371,2024-12-08,INBOUND,SEPA,USD,190831.18,NL,SETTLED
PAY-00004512,CLIENT-0037,ACC-000098,2026-03-10,OUTBOUND,SWIFT,USD,110067.46,AU,SETTLED
PAY-00004513,CLIENT-0456,ACC-001347,2026-04-02,INBOUND,SEPA,BRL,43763.59,DE,SETTLED
PAY-00004514,CLIENT-0382,ACC-001112,2026-03-11,OUTBOUND,SEPA,USD,59354.76,MX,SETTLED
PAY-00004515,CLIENT-0021,ACC-000057,2025-12-14,OUTBOUND,SWIFT,GBP,33328.31,CH,REJECTED
PAY-00004516,CLIENT-0435,ACC-001285,2026-01-18,OUTBOUND,SWIFT,USD,14356.72,DE,SETTLED
PAY-00004517,CLIENT-0394,ACC-001148,2026-02-05,INBOUND,ACH,USD,91302.69,AU,SETTLED
PAY-00004518,CLIENT-0070,ACC-000192,2026-06-30,OUTBOUND,WIRE,EUR,34535.40,US,SETTLED
PAY-00004519,CLIENT-0353,ACC-001037,2026-01-13,OUTBOUND,SEPA,USD,12855.60,SG,PENDING
PAY-00004520,CLIENT-0435,ACC-001285,2025-09-05,OUTBOUND,REAL_TIME_PAYMENT,USD,13325.69,AU,SETTLED
PAY-00004521,CLIENT-0244,ACC-000737,2025-08-18,INBOUND,BOOK_TRANSFER,USD,5115.88,US,RETURNED
PAY-00004522,CLIENT-0196,ACC-000580,2025-08-25,INBOUND,SEPA,USD,193222.92,NL,SETTLED
PAY-00004523,CLIENT-0261,ACC-000784,2024-04-28,OUTBOUND,SWIFT,GBP,179571.28,DE,SETTLED
PAY-00004524,CLIENT-0328,ACC-000966,2026-03-14,OUTBOUND,FX_TRANSFER,USD,97331.65,US,SETTLED
PAY-00004525,CLIENT-0454,ACC-001340,2025-06-02,OUTBOUND,SWIFT,USD,50989.80,US,SETTLED
PAY-00004526,CLIENT-0028,ACC-000075,2026-01-28,OUTBOUND,ACH,EUR,136701.60,JP,SETTLED
PAY-00004527,CLIENT-0464,ACC-001367,2025-03-30,OUTBOUND,FX_TRANSFER,USD,1598.56,GB,SETTLED
PAY-00004528,CLIENT-0406,ACC-001194,2025-01-05,OUTBOUND,SWIFT,EUR,228212.67,CH,SETTLED
PAY-00004529,CLIENT-0232,ACC-000694,2024-03-04,INBOUND,SEPA,EUR,31646.28,AU,SETTLED
PAY-00004530,CLIENT-0363,ACC-001062,2026-07-16,OUTBOUND,SEPA,EUR,145474.46,JP,SETTLED
PAY-00004531,CLIENT-0083,ACC-000233,2025-02-25,OUTBOUND,SEPA,EUR,39710.12,AE,SETTLED
PAY-00004532,CLIENT-0359,ACC-001053,2026-07-07,INBOUND,REAL_TIME_PAYMENT,USD,111868.41,IN,PENDING
PAY-00004533,CLIENT-0051,ACC-000142,2026-06-13,OUTBOUND,CARD,USD,134069.13,MX,PENDING
PAY-00004534,CLIENT-0316,ACC-000928,2026-01-18,INBOUND,SEPA,USD,224232.41,JP,SETTLED
PAY-00004535,CLIENT-0103,ACC-000295,2026-07-12,INBOUND,REAL_TIME_PAYMENT,USD,40603.77,DE,SETTLED
PAY-00004536,CLIENT-0392,ACC-001139,2026-03-23,INBOUND,FX_TRANSFER,USD,247228.76,US,SETTLED
PAY-00004537,CLIENT-0397,ACC-001160,2026-01-04,INBOUND,SEPA,USD,135277.10,NL,SETTLED
PAY-00004538,CLIENT-0227,ACC-000678,2024-06-05,INBOUND,SEPA,USD,8455.44,IE,SETTLED
PAY-00004539,CLIENT-0431,ACC-001269,2025-09-09,OUTBOUND,WIRE,USD,1207.79,NL,SETTLED
PAY-00004540,CLIENT-0418,ACC-001235,2026-02-23,INBOUND,WIRE,EUR,105127.96,SG,SETTLED
PAY-00004541,CLIENT-0499,ACC-001485,2025-12-24,OUTBOUND,FX_TRANSFER,USD,97358.47,CA,PENDING
PAY-00004542,CLIENT-0118,ACC-000349,2024-12-16,OUTBOUND,SWIFT,USD,11640.61,CH,SETTLED
PAY-00004543,CLIENT-0296,ACC-000872,2025-01-07,INBOUND,REAL_TIME_PAYMENT,GBP,62904.48,AE,SETTLED
PAY-00004544,CLIENT-0122,ACC-000363,2026-04-01,OUTBOUND,SEPA,USD,230921.66,IN,SETTLED
PAY-00004545,CLIENT-0008,ACC-000014,2024-10-08,INBOUND,WIRE,BRL,70231.31,AU,SETTLED
PAY-00004546,CLIENT-0325,ACC-000953,2025-09-07,INBOUND,REAL_TIME_PAYMENT,JPY,13314.38,AU,SETTLED
PAY-00004547,CLIENT-0388,ACC-001128,2025-09-11,OUTBOUND,FX_TRANSFER,EUR,85302.42,FR,SETTLED
PAY-00004548,CLIENT-0220,ACC-000657,2025-05-31,OUTBOUND,FX_TRANSFER,USD,69367.39,SG,SETTLED
PAY-00004549,CLIENT-0122,ACC-000362,2026-05-25,INBOUND,SEPA,USD,208364.38,IE,SETTLED
PAY-00004550,CLIENT-0382,ACC-001110,2025-05-13,OUTBOUND,ACH,USD,134046.77,JP,SETTLED
PAY-00004551,CLIENT-0414,ACC-001221,2026-01-12,OUTBOUND,ACH,USD,7305.77,GB,PENDING
PAY-00004552,CLIENT-0400,ACC-001171,2024-05-20,INBOUND,CARD,USD,64490.14,MX,SETTLED
PAY-00004553,CLIENT-0177,ACC-000532,2025-06-03,OUTBOUND,WIRE,USD,5383.02,BR,SETTLED
PAY-00004554,CLIENT-0314,ACC-000924,2026-05-17,OUTBOUND,CARD,EUR,175330.79,AE,SETTLED
PAY-00004555,CLIENT-0038,ACC-000102,2026-07-30,INBOUND,FX_TRANSFER,USD,238112.40,FR,SETTLED
PAY-00004556,CLIENT-0391,ACC-001137,2025-04-13,OUTBOUND,FX_TRANSFER,USD,13866.25,JP,SETTLED
PAY-00004557,CLIENT-0136,ACC-000407,2025-10-22,OUTBOUND,ACH,USD,35964.09,JP,SETTLED
PAY-00004558,CLIENT-0356,ACC-001047,2025-11-16,OUTBOUND,SWIFT,GBP,128660.29,BR,SETTLED
PAY-00004559,CLIENT-0052,ACC-000143,2025-05-01,OUTBOUND,BOOK_TRANSFER,USD,134803.46,JP,SETTLED
PAY-00004560,CLIENT-0253,ACC-000759,2025-06-06,OUTBOUND,ACH,USD,113364.02,CH,SETTLED
PAY-00004561,CLIENT-0404,ACC-001186,2024-06-08,OUTBOUND,FX_TRANSFER,USD,218904.53,BR,RETURNED
PAY-00004562,CLIENT-0095,ACC-000269,2026-05-09,OUTBOUND,REAL_TIME_PAYMENT,USD,202810.34,IE,SETTLED
PAY-00004563,CLIENT-0352,ACC-001032,2025-04-28,INBOUND,CARD,USD,5928.19,JP,SETTLED
PAY-00004564,CLIENT-0400,ACC-001172,2024-02-08,OUTBOUND,ACH,USD,6986.96,US,SETTLED
PAY-00004565,CLIENT-0097,ACC-000277,2024-07-30,INBOUND,BOOK_TRANSFER,EUR,179366.82,MX,SETTLED
PAY-00004566,CLIENT-0365,ACC-001065,2024-05-02,INBOUND,CARD,CAD,11970.85,MX,SETTLED
PAY-00004567,CLIENT-0322,ACC-000946,2026-02-05,OUTBOUND,CARD,CHF,9196.83,IN,SETTLED
PAY-00004568,CLIENT-0165,ACC-000497,2025-04-27,OUTBOUND,WIRE,USD,967.36,CA,SETTLED
PAY-00004569,CLIENT-0424,ACC-001252,2025-05-26,INBOUND,REAL_TIME_PAYMENT,USD,6801.32,IN,SETTLED
PAY-00004570,CLIENT-0048,ACC-000131,2026-06-02,INBOUND,BOOK_TRANSFER,USD,111415.04,US,SETTLED
PAY-00004571,CLIENT-0365,ACC-001067,2025-12-10,OUTBOUND,SEPA,JPY,2838.33,BR,SETTLED
PAY-00004572,CLIENT-0059,ACC-000166,2025-02-21,OUTBOUND,REAL_TIME_PAYMENT,USD,113950.04,US,SETTLED
PAY-00004573,CLIENT-0086,ACC-000243,2025-04-26,OUTBOUND,BOOK_TRANSFER,JPY,12494.61,JP,SETTLED
PAY-00004574,CLIENT-0400,ACC-001172,2025-07-10,OUTBOUND,ACH,USD,130465.40,CA,SETTLED
PAY-00004575,CLIENT-0462,ACC-001364,2025-08-26,INBOUND,FX_TRANSFER,EUR,8723.05,MX,SETTLED
PAY-00004576,CLIENT-0031,ACC-000087,2026-05-21,INBOUND,FX_TRANSFER,EUR,157878.47,BR,SETTLED
PAY-00004577,CLIENT-0210,ACC-000625,2025-12-19,INBOUND,SWIFT,MXN,79495.01,DE,SETTLED
PAY-00004578,CLIENT-0368,ACC-001074,2025-07-31,OUTBOUND,SEPA,USD,99323.40,JP,RETURNED
PAY-00004579,CLIENT-0475,ACC-001406,2025-06-13,OUTBOUND,ACH,USD,224835.18,US,SETTLED
PAY-00004580,CLIENT-0476,ACC-001408,2025-02-23,OUTBOUND,WIRE,USD,144886.29,BR,SETTLED
PAY-00004581,CLIENT-0041,ACC-000114,2025-12-04,INBOUND,REAL_TIME_PAYMENT,USD,4514.66,AE,SETTLED
PAY-00004582,CLIENT-0121,ACC-000355,2026-06-27,INBOUND,WIRE,USD,9282.74,AE,SETTLED
PAY-00004583,CLIENT-0166,ACC-000500,2026-01-28,OUTBOUND,REAL_TIME_PAYMENT,USD,97707.88,CH,SETTLED
PAY-00004584,CLIENT-0341,ACC-001000,2026-07-26,INBOUND,ACH,USD,483.87,IE,SETTLED
PAY-00004585,CLIENT-0301,ACC-000888,2025-02-01,INBOUND,REAL_TIME_PAYMENT,USD,215731.64,CA,SETTLED
PAY-00004586,CLIENT-0293,ACC-000867,2025-03-08,OUTBOUND,BOOK_TRANSFER,CAD,9879.98,IN,SETTLED
PAY-00004587,CLIENT-0275,ACC-000824,2026-02-25,OUTBOUND,REAL_TIME_PAYMENT,USD,99012.60,CH,PENDING
PAY-00004588,CLIENT-0221,ACC-000660,2025-11-24,OUTBOUND,FX_TRANSFER,USD,59394.72,IE,SETTLED
PAY-00004589,CLIENT-0107,ACC-000306,2024-10-10,INBOUND,FX_TRANSFER,EUR,11772.45,NL,SETTLED
PAY-00004590,CLIENT-0467,ACC-001383,2026-02-14,OUTBOUND,SEPA,USD,4859.54,AU,SETTLED
PAY-00004591,CLIENT-0214,ACC-000637,2026-07-12,INBOUND,REAL_TIME_PAYMENT,USD,238176.88,GB,SETTLED
PAY-00004592,CLIENT-0427,ACC-001258,2025-12-08,OUTBOUND,BOOK_TRANSFER,USD,10707.02,JP,SETTLED
PAY-00004593,CLIENT-0157,ACC-000476,2025-07-24,OUTBOUND,WIRE,GBP,229950.47,BR,SETTLED
PAY-00004594,CLIENT-0048,ACC-000128,2025-12-30,INBOUND,SEPA,USD,231450.06,BR,SETTLED
PAY-00004595,CLIENT-0484,ACC-001438,2024-02-11,OUTBOUND,SWIFT,USD,5161.61,FR,SETTLED
PAY-00004596,CLIENT-0165,ACC-000497,2024-08-13,INBOUND,CARD,USD,13866.32,IN,SETTLED
PAY-00004597,CLIENT-0310,ACC-000915,2026-04-02,OUTBOUND,WIRE,USD,233884.36,SG,SETTLED
PAY-00004598,CLIENT-0381,ACC-001107,2026-07-12,OUTBOUND,FX_TRANSFER,EUR,94879.83,US,SETTLED
PAY-00004599,CLIENT-0007,ACC-000013,2026-06-28,OUTBOUND,REAL_TIME_PAYMENT,USD,99138.65,SG,SETTLED
PAY-00004600,CLIENT-0010,ACC-000018,2024-12-28,OUTBOUND,FX_TRANSFER,CAD,42400.39,MX,PENDING
PAY-00004601,CLIENT-0110,ACC-000319,2025-07-08,OUTBOUND,REAL_TIME_PAYMENT,CAD,1845.71,AU,SETTLED
PAY-00004602,CLIENT-0324,ACC-000952,2025-06-30,INBOUND,SEPA,EUR,3658.96,DE,SETTLED
PAY-00004603,CLIENT-0229,ACC-000680,2025-09-15,OUTBOUND,SEPA,INR,37828.96,DE,SETTLED
PAY-00004604,CLIENT-0498,ACC-001484,2024-10-29,INBOUND,CARD,USD,173010.44,IE,SETTLED
PAY-00004605,CLIENT-0056,ACC-000159,2026-05-13,INBOUND,SWIFT,MXN,56285.66,CH,SETTLED
PAY-00004606,CLIENT-0117,ACC-000343,2025-05-14,OUTBOUND,BOOK_TRANSFER,USD,221952.52,AU,SETTLED
PAY-00004607,CLIENT-0378,ACC-001098,2026-02-01,INBOUND,BOOK_TRANSFER,USD,82228.34,MX,SETTLED
PAY-00004608,CLIENT-0050,ACC-000137,2026-06-29,INBOUND,SEPA,AUD,101361.30,JP,SETTLED
PAY-00004609,CLIENT-0340,ACC-000994,2025-08-22,OUTBOUND,FX_TRANSFER,USD,11737.80,JP,SETTLED
PAY-00004610,CLIENT-0321,ACC-000943,2025-05-29,INBOUND,BOOK_TRANSFER,USD,226109.06,DE,SETTLED
PAY-00004611,CLIENT-0324,ACC-000952,2025-11-02,INBOUND,CARD,EUR,213295.27,NL,SETTLED
PAY-00004612,CLIENT-0055,ACC-000156,2024-08-07,INBOUND,SWIFT,BRL,117167.83,FR,SETTLED
PAY-00004613,CLIENT-0201,ACC-000603,2026-03-01,OUTBOUND,REAL_TIME_PAYMENT,USD,8823.27,GB,PENDING
PAY-00004614,CLIENT-0026,ACC-000071,2025-12-20,INBOUND,SEPA,EUR,146827.48,AU,PENDING
PAY-00004615,CLIENT-0210,ACC-000627,2025-11-28,INBOUND,SWIFT,USD,100247.00,US,SETTLED
PAY-00004616,CLIENT-0379,ACC-001103,2026-02-09,INBOUND,FX_TRANSFER,USD,8464.40,IE,SETTLED
PAY-00004617,CLIENT-0324,ACC-000952,2025-06-07,OUTBOUND,REAL_TIME_PAYMENT,EUR,219023.73,AU,PENDING
PAY-00004618,CLIENT-0120,ACC-000353,2026-02-14,OUTBOUND,CARD,EUR,186256.61,CH,SETTLED
PAY-00004619,CLIENT-0393,ACC-001143,2025-10-08,OUTBOUND,REAL_TIME_PAYMENT,USD,224431.08,GB,SETTLED
PAY-00004620,CLIENT-0386,ACC-001121,2024-10-27,OUTBOUND,SWIFT,USD,99282.81,MX,SETTLED
PAY-00004621,CLIENT-0406,ACC-001191,2026-07-19,OUTBOUND,CARD,USD,42605.51,AE,SETTLED
PAY-00004622,CLIENT-0080,ACC-000220,2025-07-30,OUTBOUND,CARD,USD,126921.37,NL,RETURNED
PAY-00004623,CLIENT-0133,ACC-000396,2025-12-19,INBOUND,SWIFT,USD,1803.09,AU,SETTLED
PAY-00004624,CLIENT-0477,ACC-001412,2026-04-02,INBOUND,ACH,USD,2357.85,JP,SETTLED
PAY-00004625,CLIENT-0121,ACC-000358,2024-04-24,INBOUND,REAL_TIME_PAYMENT,USD,2437.34,AU,SETTLED
PAY-00004626,CLIENT-0151,ACC-000454,2025-05-26,INBOUND,SEPA,USD,7681.56,IN,SETTLED
PAY-00004627,CLIENT-0289,ACC-000856,2025-07-07,INBOUND,SEPA,AUD,198791.65,SG,SETTLED
PAY-00004628,CLIENT-0182,ACC-000548,2024-06-02,OUTBOUND,SWIFT,USD,210942.71,US,PENDING
PAY-00004629,CLIENT-0012,ACC-000026,2026-03-30,OUTBOUND,CARD,JPY,4400.66,DE,SETTLED
PAY-00004630,CLIENT-0316,ACC-000928,2026-06-29,INBOUND,ACH,USD,117807.40,SG,SETTLED
PAY-00004631,CLIENT-0321,ACC-000941,2024-10-17,INBOUND,FX_TRANSFER,USD,219814.32,IN,PENDING
PAY-00004632,CLIENT-0373,ACC-001086,2025-10-13,OUTBOUND,SEPA,USD,14888.34,IE,REJECTED
PAY-00004633,CLIENT-0221,ACC-000658,2024-08-08,OUTBOUND,REAL_TIME_PAYMENT,EUR,180803.95,MX,SETTLED
PAY-00004634,CLIENT-0170,ACC-000516,2026-07-07,OUTBOUND,WIRE,USD,1122.02,NL,SETTLED
PAY-00004635,CLIENT-0123,ACC-000364,2025-12-25,OUTBOUND,SEPA,USD,139257.28,JP,SETTLED
PAY-00004636,CLIENT-0208,ACC-000618,2026-03-21,OUTBOUND,BOOK_TRANSFER,AED,53367.46,MX,SETTLED
PAY-00004637,CLIENT-0269,ACC-000803,2026-07-02,INBOUND,SEPA,AUD,15547.50,IE,RETURNED
PAY-00004638,CLIENT-0309,ACC-000913,2024-10-18,OUTBOUND,SWIFT,BRL,183326.97,AE,SETTLED
PAY-00004639,CLIENT-0255,ACC-000766,2025-12-16,OUTBOUND,CARD,INR,40537.52,IN,SETTLED
PAY-00004640,CLIENT-0332,ACC-000972,2026-04-03,OUTBOUND,SEPA,USD,101665.57,IN,SETTLED
PAY-00004641,CLIENT-0467,ACC-001384,2026-05-15,OUTBOUND,REAL_TIME_PAYMENT,USD,6633.45,AE,SETTLED
PAY-00004642,CLIENT-0446,ACC-001316,2026-05-21,OUTBOUND,WIRE,USD,163716.84,DE,PENDING
PAY-00004643,CLIENT-0339,ACC-000988,2026-04-17,INBOUND,CARD,EUR,162475.70,NL,SETTLED
PAY-00004644,CLIENT-0283,ACC-000839,2026-02-09,OUTBOUND,SEPA,GBP,63488.32,NL,SETTLED
PAY-00004645,CLIENT-0409,ACC-001201,2025-10-05,OUTBOUND,FX_TRANSFER,MXN,92143.02,NL,SETTLED
PAY-00004646,CLIENT-0172,ACC-000519,2024-08-18,OUTBOUND,CARD,USD,182494.31,NL,SETTLED
PAY-00004647,CLIENT-0264,ACC-000792,2025-11-10,OUTBOUND,ACH,USD,14225.81,CA,SETTLED
PAY-00004648,CLIENT-0021,ACC-000058,2026-01-17,OUTBOUND,ACH,GBP,141449.46,NL,SETTLED
PAY-00004649,CLIENT-0259,ACC-000777,2025-07-27,INBOUND,SEPA,EUR,246438.02,AE,SETTLED
PAY-00004650,CLIENT-0145,ACC-000434,2026-05-22,INBOUND,ACH,USD,66041.90,JP,SETTLED
PAY-00004651,CLIENT-0369,ACC-001078,2024-04-15,INBOUND,FX_TRANSFER,USD,207460.54,MX,SETTLED
PAY-00004652,CLIENT-0379,ACC-001101,2024-01-24,OUTBOUND,WIRE,EUR,7630.71,NL,SETTLED
PAY-00004653,CLIENT-0005,ACC-000010,2026-07-16,OUTBOUND,ACH,CAD,59557.82,JP,SETTLED
PAY-00004654,CLIENT-0422,ACC-001246,2025-12-28,OUTBOUND,ACH,EUR,207201.72,DE,SETTLED
PAY-00004655,CLIENT-0429,ACC-001267,2025-05-06,OUTBOUND,FX_TRANSFER,USD,38979.54,US,SETTLED
PAY-00004656,CLIENT-0258,ACC-000775,2026-04-14,OUTBOUND,CARD,USD,302.57,CH,SETTLED
PAY-00004657,CLIENT-0080,ACC-000223,2025-02-26,OUTBOUND,BOOK_TRANSFER,SGD,226031.50,IE,SETTLED
PAY-00004658,CLIENT-0177,ACC-000531,2025-08-12,INBOUND,SWIFT,USD,5664.14,SG,SETTLED
PAY-00004659,CLIENT-0336,ACC-000980,2024-05-27,INBOUND,WIRE,USD,75926.85,BR,SETTLED
PAY-00004660,CLIENT-0290,ACC-000857,2025-07-20,OUTBOUND,FX_TRANSFER,EUR,11026.80,GB,SETTLED
PAY-00004661,CLIENT-0351,ACC-001029,2026-06-13,OUTBOUND,ACH,EUR,1999.72,CA,SETTLED
PAY-00004662,CLIENT-0366,ACC-001068,2025-12-21,OUTBOUND,FX_TRANSFER,USD,33644.73,FR,PENDING
PAY-00004663,CLIENT-0379,ACC-001103,2024-05-04,OUTBOUND,CARD,USD,2850.59,NL,SETTLED
PAY-00004664,CLIENT-0236,ACC-000708,2026-06-06,INBOUND,REAL_TIME_PAYMENT,USD,14581.35,FR,SETTLED
PAY-00004665,CLIENT-0024,ACC-000063,2026-04-14,OUTBOUND,ACH,USD,3150.17,BR,SETTLED
PAY-00004666,CLIENT-0435,ACC-001284,2026-04-26,OUTBOUND,ACH,USD,11836.87,AE,SETTLED
PAY-00004667,CLIENT-0456,ACC-001349,2024-04-27,OUTBOUND,WIRE,USD,100482.02,GB,SETTLED
PAY-00004668,CLIENT-0096,ACC-000273,2025-07-24,OUTBOUND,FX_TRANSFER,JPY,13041.85,NL,SETTLED
PAY-00004669,CLIENT-0146,ACC-000437,2026-03-06,OUTBOUND,ACH,USD,214989.71,FR,SETTLED
PAY-00004670,CLIENT-0429,ACC-001267,2025-09-18,OUTBOUND,CARD,USD,134266.29,MX,SETTLED
PAY-00004671,CLIENT-0351,ACC-001027,2025-06-26,OUTBOUND,SWIFT,EUR,1372.33,MX,SETTLED
PAY-00004672,CLIENT-0025,ACC-000067,2024-12-23,INBOUND,WIRE,USD,136133.39,IN,SETTLED
PAY-00004673,CLIENT-0409,ACC-001201,2025-11-14,OUTBOUND,WIRE,MXN,189132.80,NL,SETTLED
PAY-00004674,CLIENT-0148,ACC-000444,2025-05-14,INBOUND,CARD,EUR,35436.14,AU,SETTLED
PAY-00004675,CLIENT-0208,ACC-000619,2025-11-25,INBOUND,CARD,AED,119619.32,NL,SETTLED
PAY-00004676,CLIENT-0016,ACC-000041,2025-01-14,OUTBOUND,SEPA,USD,7034.02,US,SETTLED
PAY-00004677,CLIENT-0450,ACC-001327,2026-01-19,OUTBOUND,ACH,EUR,57631.27,CA,SETTLED
PAY-00004678,CLIENT-0410,ACC-001202,2026-05-04,OUTBOUND,WIRE,JPY,213195.71,DE,SETTLED
PAY-00004679,CLIENT-0331,ACC-000971,2026-07-09,OUTBOUND,CARD,USD,15226.75,IN,SETTLED
PAY-00004680,CLIENT-0259,ACC-000779,2025-07-21,INBOUND,ACH,EUR,176109.77,IE,SETTLED
PAY-00004681,CLIENT-0497,ACC-001481,2026-07-11,INBOUND,FX_TRANSFER,USD,19227.03,DE,SETTLED
PAY-00004682,CLIENT-0297,ACC-000875,2025-09-04,OUTBOUND,SEPA,USD,111095.59,FR,SETTLED
PAY-00004683,CLIENT-0158,ACC-000479,2025-02-19,OUTBOUND,BOOK_TRANSFER,USD,178668.79,CH,SETTLED
PAY-00004684,CLIENT-0087,ACC-000246,2024-08-02,OUTBOUND,SEPA,EUR,36865.53,AU,SETTLED
PAY-00004685,CLIENT-0414,ACC-001221,2024-06-11,OUTBOUND,REAL_TIME_PAYMENT,USD,30404.04,BR,SETTLED
PAY-00004686,CLIENT-0038,ACC-000104,2026-01-29,INBOUND,BOOK_TRANSFER,USD,2842.57,US,SETTLED
PAY-00004687,CLIENT-0149,ACC-000448,2025-10-12,INBOUND,REAL_TIME_PAYMENT,EUR,166966.95,GB,SETTLED
PAY-00004688,CLIENT-0280,ACC-000833,2026-07-10,OUTBOUND,REAL_TIME_PAYMENT,EUR,73459.13,DE,SETTLED
PAY-00004689,CLIENT-0059,ACC-000165,2026-03-19,OUTBOUND,BOOK_TRANSFER,USD,9106.12,FR,SETTLED
PAY-00004690,CLIENT-0343,ACC-001006,2025-03-26,OUTBOUND,SWIFT,USD,19592.96,MX,SETTLED
PAY-00004691,CLIENT-0486,ACC-001444,2025-04-05,OUTBOUND,SWIFT,USD,13092.92,DE,PENDING
PAY-00004692,CLIENT-0088,ACC-000248,2026-07-15,INBOUND,BOOK_TRANSFER,USD,221877.92,SG,REJECTED
PAY-00004693,CLIENT-0177,ACC-000532,2024-11-30,OUTBOUND,SWIFT,USD,8397.21,AU,SETTLED
PAY-00004694,CLIENT-0479,ACC-001421,2026-07-18,OUTBOUND,WIRE,EUR,159033.67,FR,SETTLED
PAY-00004695,CLIENT-0240,ACC-000723,2025-12-12,INBOUND,WIRE,USD,13676.38,CH,SETTLED
PAY-00004696,CLIENT-0187,ACC-000557,2025-10-13,OUTBOUND,SEPA,USD,12620.89,BR,SETTLED
PAY-00004697,CLIENT-0409,ACC-001200,2026-07-01,OUTBOUND,REAL_TIME_PAYMENT,USD,128802.33,IE,SETTLED
PAY-00004698,CLIENT-0388,ACC-001126,2025-01-22,INBOUND,WIRE,EUR,36891.50,GB,SETTLED
PAY-00004699,CLIENT-0325,ACC-000953,2025-08-05,INBOUND,REAL_TIME_PAYMENT,JPY,13127.50,AU,SETTLED
PAY-00004700,CLIENT-0206,ACC-000614,2025-11-12,OUTBOUND,WIRE,CHF,3623.58,CH,SETTLED
PAY-00004701,CLIENT-0500,ACC-001490,2026-06-08,OUTBOUND,ACH,USD,13699.73,GB,SETTLED
PAY-00004702,CLIENT-0225,ACC-000671,2025-05-12,OUTBOUND,SWIFT,AED,183810.81,JP,SETTLED
PAY-00004703,CLIENT-0111,ACC-000321,2026-04-26,OUTBOUND,SEPA,USD,5063.42,BR,SETTLED
PAY-00004704,CLIENT-0290,ACC-000861,2024-07-03,OUTBOUND,WIRE,EUR,668.79,AU,SETTLED
PAY-00004705,CLIENT-0160,ACC-000482,2024-03-24,OUTBOUND,FX_TRANSFER,CAD,7384.15,BR,SETTLED
PAY-00004706,CLIENT-0299,ACC-000883,2026-05-04,INBOUND,REAL_TIME_PAYMENT,EUR,188567.81,NL,SETTLED
PAY-00004707,CLIENT-0263,ACC-000790,2025-09-30,OUTBOUND,FX_TRANSFER,EUR,2616.90,MX,SETTLED
PAY-00004708,CLIENT-0427,ACC-001261,2025-12-25,INBOUND,FX_TRANSFER,USD,168431.64,IN,SETTLED
PAY-00004709,CLIENT-0102,ACC-000291,2026-07-26,INBOUND,BOOK_TRANSFER,USD,141352.34,AE,SETTLED
PAY-00004710,CLIENT-0232,ACC-000695,2025-12-16,OUTBOUND,SWIFT,USD,25296.68,AU,REJECTED
PAY-00004711,CLIENT-0271,ACC-000809,2024-01-19,OUTBOUND,WIRE,USD,118457.48,JP,SETTLED
PAY-00004712,CLIENT-0264,ACC-000792,2025-09-24,INBOUND,SWIFT,USD,10634.14,FR,SETTLED
PAY-00004713,CLIENT-0387,ACC-001123,2024-09-24,INBOUND,SEPA,EUR,7907.84,NL,SETTLED
PAY-00004714,CLIENT-0325,ACC-000955,2025-08-14,OUTBOUND,BOOK_TRANSFER,USD,10504.51,IN,SETTLED
PAY-00004715,CLIENT-0455,ACC-001343,2025-05-26,OUTBOUND,FX_TRANSFER,EUR,90786.51,MX,SETTLED
PAY-00004716,CLIENT-0253,ACC-000762,2026-06-24,INBOUND,WIRE,USD,120612.60,US,SETTLED
PAY-00004717,CLIENT-0355,ACC-001041,2024-11-26,INBOUND,REAL_TIME_PAYMENT,USD,137707.55,CA,SETTLED
PAY-00004718,CLIENT-0333,ACC-000976,2024-09-26,OUTBOUND,REAL_TIME_PAYMENT,EUR,174198.95,JP,SETTLED
PAY-00004719,CLIENT-0382,ACC-001111,2026-02-25,OUTBOUND,FX_TRANSFER,USD,180821.33,CA,SETTLED
PAY-00004720,CLIENT-0394,ACC-001145,2026-05-31,OUTBOUND,SEPA,CAD,88956.30,CA,SETTLED
PAY-00004721,CLIENT-0189,ACC-000567,2024-06-02,OUTBOUND,ACH,USD,14656.82,US,SETTLED
PAY-00004722,CLIENT-0457,ACC-001351,2025-06-16,OUTBOUND,SWIFT,EUR,14489.31,BR,SETTLED
PAY-00004723,CLIENT-0145,ACC-000432,2026-01-18,OUTBOUND,SEPA,USD,9264.67,CA,SETTLED
PAY-00004724,CLIENT-0282,ACC-000835,2026-05-28,OUTBOUND,FX_TRANSFER,USD,5087.52,AU,SETTLED
PAY-00004725,CLIENT-0130,ACC-000386,2024-01-08,OUTBOUND,REAL_TIME_PAYMENT,USD,192184.67,NL,SETTLED
PAY-00004726,CLIENT-0199,ACC-000596,2026-01-23,INBOUND,WIRE,USD,7490.52,FR,PENDING
PAY-00004727,CLIENT-0445,ACC-001310,2026-02-16,OUTBOUND,REAL_TIME_PAYMENT,USD,192287.22,IE,SETTLED
PAY-00004728,CLIENT-0186,ACC-000555,2025-03-06,INBOUND,BOOK_TRANSFER,USD,58874.60,CH,PENDING
PAY-00004729,CLIENT-0483,ACC-001435,2025-10-02,OUTBOUND,SEPA,CAD,6327.75,CH,PENDING
PAY-00004730,CLIENT-0097,ACC-000280,2026-02-17,OUTBOUND,BOOK_TRANSFER,EUR,35976.03,MX,SETTLED
PAY-00004731,CLIENT-0092,ACC-000261,2025-10-26,OUTBOUND,ACH,AUD,214119.47,FR,SETTLED
PAY-00004732,CLIENT-0056,ACC-000159,2026-07-06,OUTBOUND,BOOK_TRANSFER,MXN,12150.42,BR,SETTLED
PAY-00004733,CLIENT-0260,ACC-000780,2026-06-07,OUTBOUND,WIRE,USD,62725.95,NL,SETTLED
PAY-00004734,CLIENT-0249,ACC-000749,2025-12-18,OUTBOUND,ACH,USD,53751.90,GB,SETTLED
PAY-00004735,CLIENT-0220,ACC-000654,2026-02-19,OUTBOUND,WIRE,USD,174783.62,GB,SETTLED
PAY-00004736,CLIENT-0435,ACC-001283,2026-01-28,OUTBOUND,WIRE,USD,2268.65,GB,SETTLED
PAY-00004737,CLIENT-0089,ACC-000251,2026-04-29,OUTBOUND,WIRE,USD,218317.68,CA,SETTLED
PAY-00004738,CLIENT-0308,ACC-000909,2026-05-02,INBOUND,FX_TRANSFER,CHF,63042.52,GB,SETTLED
PAY-00004739,CLIENT-0396,ACC-001156,2026-02-17,OUTBOUND,ACH,USD,201719.30,BR,PENDING
PAY-00004740,CLIENT-0230,ACC-000685,2025-11-21,OUTBOUND,WIRE,JPY,221292.65,AE,SETTLED
PAY-00004741,CLIENT-0489,ACC-001460,2025-06-03,OUTBOUND,BOOK_TRANSFER,AED,156030.01,JP,SETTLED
PAY-00004742,CLIENT-0274,ACC-000819,2024-07-22,INBOUND,REAL_TIME_PAYMENT,USD,233529.72,BR,SETTLED
PAY-00004743,CLIENT-0395,ACC-001152,2025-12-25,INBOUND,FX_TRANSFER,USD,18136.88,SG,SETTLED
PAY-00004744,CLIENT-0396,ACC-001158,2026-05-29,INBOUND,ACH,USD,144100.36,BR,SETTLED
PAY-00004745,CLIENT-0239,ACC-000720,2025-09-03,OUTBOUND,REAL_TIME_PAYMENT,EUR,10121.25,SG,SETTLED
PAY-00004746,CLIENT-0130,ACC-000386,2024-11-23,INBOUND,REAL_TIME_PAYMENT,USD,220936.08,SG,SETTLED
PAY-00004747,CLIENT-0057,ACC-000160,2024-06-06,OUTBOUND,SWIFT,SGD,1446.80,AE,SETTLED
PAY-00004748,CLIENT-0085,ACC-000241,2024-12-25,INBOUND,CARD,USD,1472.72,AE,SETTLED
PAY-00004749,CLIENT-0090,ACC-000255,2026-03-29,OUTBOUND,SWIFT,CHF,154347.35,MX,SETTLED
PAY-00004750,CLIENT-0177,ACC-000532,2025-03-03,OUTBOUND,BOOK_TRANSFER,USD,12961.00,CA,SETTLED
PAY-00004751,CLIENT-0050,ACC-000137,2026-07-12,OUTBOUND,REAL_TIME_PAYMENT,AUD,74069.15,JP,SETTLED
PAY-00004752,CLIENT-0330,ACC-000970,2024-05-04,OUTBOUND,SWIFT,GBP,131872.84,AU,SETTLED
PAY-00004753,CLIENT-0395,ACC-001152,2025-11-18,INBOUND,BOOK_TRANSFER,USD,240348.08,CH,SETTLED
PAY-00004754,CLIENT-0059,ACC-000165,2026-03-06,INBOUND,SWIFT,USD,174850.53,MX,SETTLED
PAY-00004755,CLIENT-0346,ACC-001012,2024-02-18,OUTBOUND,SEPA,MXN,148860.86,CH,SETTLED
PAY-00004756,CLIENT-0200,ACC-000601,2024-06-08,INBOUND,ACH,AUD,959.45,GB,REJECTED
PAY-00004757,CLIENT-0054,ACC-000149,2025-01-21,OUTBOUND,ACH,USD,8651.73,DE,SETTLED
PAY-00004758,CLIENT-0429,ACC-001265,2026-04-07,INBOUND,SWIFT,AED,173420.64,IE,SETTLED
PAY-00004759,CLIENT-0408,ACC-001199,2026-06-28,OUTBOUND,REAL_TIME_PAYMENT,EUR,56526.71,MX,SETTLED
PAY-00004760,CLIENT-0087,ACC-000246,2024-09-25,INBOUND,FX_TRANSFER,EUR,72681.70,JP,SETTLED
PAY-00004761,CLIENT-0122,ACC-000363,2026-04-04,INBOUND,SEPA,USD,131502.32,MX,SETTLED
PAY-00004762,CLIENT-0351,ACC-001028,2025-10-20,OUTBOUND,ACH,EUR,3445.43,FR,SETTLED
PAY-00004763,CLIENT-0095,ACC-000266,2025-04-02,OUTBOUND,WIRE,USD,196369.63,SG,SETTLED
PAY-00004764,CLIENT-0456,ACC-001346,2026-06-01,OUTBOUND,CARD,USD,243346.57,US,SETTLED
PAY-00004765,CLIENT-0116,ACC-000339,2026-01-20,OUTBOUND,BOOK_TRANSFER,USD,11266.12,AU,SETTLED
PAY-00004766,CLIENT-0356,ACC-001045,2025-06-26,INBOUND,BOOK_TRANSFER,SGD,213278.76,US,SETTLED
PAY-00004767,CLIENT-0278,ACC-000829,2024-06-15,OUTBOUND,SEPA,USD,8209.97,US,PENDING
PAY-00004768,CLIENT-0189,ACC-000567,2025-10-14,INBOUND,SEPA,USD,10944.79,US,PENDING
PAY-00004769,CLIENT-0067,ACC-000184,2025-07-14,INBOUND,REAL_TIME_PAYMENT,USD,189957.17,CA,SETTLED
PAY-00004770,CLIENT-0049,ACC-000132,2026-07-06,INBOUND,SWIFT,USD,245635.40,CH,PENDING
PAY-00004771,CLIENT-0187,ACC-000559,2026-04-24,OUTBOUND,FX_TRANSFER,AED,14278.85,MX,SETTLED
PAY-00004772,CLIENT-0419,ACC-001240,2025-03-11,OUTBOUND,FX_TRANSFER,USD,242094.72,CA,SETTLED
PAY-00004773,CLIENT-0492,ACC-001468,2024-08-23,INBOUND,ACH,CAD,131695.41,GB,REJECTED
PAY-00004774,CLIENT-0466,ACC-001377,2025-05-13,INBOUND,CARD,INR,24215.38,BR,SETTLED
PAY-00004775,CLIENT-0155,ACC-000467,2025-06-21,OUTBOUND,SEPA,JPY,22092.74,AU,SETTLED
PAY-00004776,CLIENT-0344,ACC-001008,2026-07-06,OUTBOUND,WIRE,EUR,140785.38,IE,SETTLED
PAY-00004777,CLIENT-0376,ACC-001093,2026-04-07,OUTBOUND,WIRE,EUR,100202.12,MX,SETTLED
PAY-00004778,CLIENT-0161,ACC-000486,2024-12-28,INBOUND,FX_TRANSFER,EUR,12297.73,JP,PENDING
PAY-00004779,CLIENT-0295,ACC-000870,2025-02-01,INBOUND,ACH,GBP,183318.79,NL,SETTLED
PAY-00004780,CLIENT-0470,ACC-001391,2026-02-23,INBOUND,FX_TRANSFER,USD,10426.46,JP,PENDING
PAY-00004781,CLIENT-0356,ACC-001044,2025-10-12,INBOUND,SWIFT,USD,145552.42,MX,SETTLED
PAY-00004782,CLIENT-0142,ACC-000423,2025-04-29,OUTBOUND,BOOK_TRANSFER,USD,221436.62,BR,SETTLED
PAY-00004783,CLIENT-0456,ACC-001348,2024-11-23,OUTBOUND,SWIFT,USD,232187.67,IE,SETTLED
PAY-00004784,CLIENT-0412,ACC-001213,2025-03-19,OUTBOUND,SEPA,USD,1390.16,IE,SETTLED
PAY-00004785,CLIENT-0496,ACC-001479,2024-04-06,OUTBOUND,REAL_TIME_PAYMENT,USD,60629.30,BR,SETTLED
PAY-00004786,CLIENT-0103,ACC-000292,2025-11-03,OUTBOUND,ACH,USD,3875.74,JP,SETTLED
PAY-00004787,CLIENT-0455,ACC-001341,2025-10-31,OUTBOUND,WIRE,SGD,200688.81,GB,SETTLED
PAY-00004788,CLIENT-0120,ACC-000351,2026-03-31,OUTBOUND,BOOK_TRANSFER,CHF,18499.11,FR,PENDING
PAY-00004789,CLIENT-0145,ACC-000433,2025-07-03,OUTBOUND,SEPA,USD,95964.56,GB,SETTLED
PAY-00004790,CLIENT-0394,ACC-001146,2025-06-03,OUTBOUND,CARD,USD,126330.08,AU,REJECTED
PAY-00004791,CLIENT-0074,ACC-000206,2026-05-27,OUTBOUND,WIRE,USD,56189.70,US,SETTLED
PAY-00004792,CLIENT-0161,ACC-000486,2024-10-06,INBOUND,SEPA,EUR,8030.61,US,SETTLED
PAY-00004793,CLIENT-0225,ACC-000671,2026-03-03,OUTBOUND,SWIFT,AED,59397.02,FR,SETTLED
PAY-00004794,CLIENT-0496,ACC-001479,2024-07-05,INBOUND,SEPA,USD,80361.59,CH,SETTLED
PAY-00004795,CLIENT-0415,ACC-001226,2025-10-04,OUTBOUND,ACH,USD,10883.50,BR,PENDING
PAY-00004796,CLIENT-0406,ACC-001194,2025-03-14,INBOUND,REAL_TIME_PAYMENT,EUR,204434.70,GB,SETTLED
PAY-00004797,CLIENT-0019,ACC-000053,2026-05-12,OUTBOUND,FX_TRANSFER,BRL,6597.88,CH,SETTLED
PAY-00004798,CLIENT-0479,ACC-001420,2026-07-13,OUTBOUND,CARD,EUR,6523.74,BR,SETTLED
PAY-00004799,CLIENT-0461,ACC-001361,2026-06-25,OUTBOUND,SWIFT,USD,227014.28,FR,SETTLED
PAY-00004800,CLIENT-0479,ACC-001419,2026-05-20,OUTBOUND,ACH,USD,94287.32,AU,PENDING
PAY-00004801,CLIENT-0396,ACC-001155,2025-08-01,OUTBOUND,BOOK_TRANSFER,USD,52855.43,GB,SETTLED
PAY-00004802,CLIENT-0048,ACC-000129,2026-04-27,OUTBOUND,BOOK_TRANSFER,USD,162692.60,CH,SETTLED
PAY-00004803,CLIENT-0321,ACC-000943,2026-07-12,INBOUND,BOOK_TRANSFER,USD,29604.56,CH,SETTLED
PAY-00004804,CLIENT-0091,ACC-000258,2024-09-22,INBOUND,ACH,SGD,3089.88,GB,SETTLED
PAY-00004805,CLIENT-0098,ACC-000281,2026-04-04,OUTBOUND,WIRE,MXN,19978.59,MX,SETTLED
PAY-00004806,CLIENT-0151,ACC-000454,2026-05-18,OUTBOUND,SEPA,USD,1149.41,BR,SETTLED
PAY-00004807,CLIENT-0496,ACC-001479,2025-05-11,INBOUND,REAL_TIME_PAYMENT,USD,129138.25,AU,REJECTED
PAY-00004808,CLIENT-0240,ACC-000724,2024-09-07,OUTBOUND,FX_TRANSFER,USD,13311.89,AE,SETTLED
PAY-00004809,CLIENT-0410,ACC-001205,2026-06-04,OUTBOUND,SEPA,USD,192193.12,CH,SETTLED
PAY-00004810,CLIENT-0194,ACC-000574,2025-05-20,INBOUND,BOOK_TRANSFER,EUR,69072.19,GB,SETTLED
PAY-00004811,CLIENT-0109,ACC-000314,2026-07-31,OUTBOUND,CARD,USD,239775.94,IE,SETTLED
PAY-00004812,CLIENT-0166,ACC-000502,2025-07-29,INBOUND,CARD,USD,134086.42,MX,SETTLED
PAY-00004813,CLIENT-0197,ACC-000587,2026-05-02,OUTBOUND,ACH,USD,66407.51,NL,SETTLED
PAY-00004814,CLIENT-0378,ACC-001097,2026-03-03,OUTBOUND,ACH,EUR,69200.16,JP,SETTLED
PAY-00004815,CLIENT-0045,ACC-000120,2025-10-05,OUTBOUND,SWIFT,USD,177455.77,AE,SETTLED
PAY-00004816,CLIENT-0131,ACC-000391,2026-01-16,INBOUND,ACH,AUD,149980.76,IN,SETTLED
PAY-00004817,CLIENT-0145,ACC-000432,2026-05-06,INBOUND,WIRE,USD,193415.16,CA,SETTLED
PAY-00004818,CLIENT-0452,ACC-001335,2026-05-26,OUTBOUND,FX_TRANSFER,USD,83325.10,MX,SETTLED
PAY-00004819,CLIENT-0386,ACC-001121,2024-03-29,OUTBOUND,REAL_TIME_PAYMENT,USD,179785.72,AU,PENDING
PAY-00004820,CLIENT-0110,ACC-000320,2026-07-11,INBOUND,ACH,CAD,13316.21,FR,PENDING
PAY-00004821,CLIENT-0285,ACC-000843,2026-05-14,OUTBOUND,BOOK_TRANSFER,BRL,7512.80,DE,SETTLED
PAY-00004822,CLIENT-0109,ACC-000313,2025-05-20,OUTBOUND,REAL_TIME_PAYMENT,USD,78852.45,JP,SETTLED
PAY-00004823,CLIENT-0471,ACC-001393,2026-02-13,OUTBOUND,ACH,EUR,213603.98,US,SETTLED
PAY-00004824,CLIENT-0321,ACC-000943,2025-04-27,OUTBOUND,SEPA,USD,18710.85,GB,SETTLED
PAY-00004825,CLIENT-0018,ACC-000046,2026-02-09,INBOUND,BOOK_TRANSFER,SGD,116786.45,CH,SETTLED
PAY-00004826,CLIENT-0172,ACC-000522,2026-04-25,INBOUND,WIRE,EUR,108887.46,CH,SETTLED
PAY-00004827,CLIENT-0226,ACC-000675,2024-07-26,OUTBOUND,BOOK_TRANSFER,USD,157022.52,AU,SETTLED
PAY-00004828,CLIENT-0308,ACC-000907,2026-07-20,INBOUND,CARD,USD,147137.38,JP,SETTLED
PAY-00004829,CLIENT-0263,ACC-000791,2024-06-06,INBOUND,SWIFT,EUR,7395.18,AE,SETTLED
PAY-00004830,CLIENT-0139,ACC-000416,2026-06-03,OUTBOUND,BOOK_TRANSFER,INR,248600.70,FR,SETTLED
PAY-00004831,CLIENT-0351,ACC-001030,2026-03-27,INBOUND,SEPA,EUR,4120.85,CH,SETTLED
PAY-00004832,CLIENT-0366,ACC-001070,2024-12-31,OUTBOUND,WIRE,EUR,229612.39,AE,SETTLED
PAY-00004833,CLIENT-0340,ACC-000994,2025-07-17,OUTBOUND,FX_TRANSFER,USD,646.89,AE,PENDING
PAY-00004834,CLIENT-0085,ACC-000240,2024-09-23,OUTBOUND,BOOK_TRANSFER,CAD,653.54,SG,SETTLED
PAY-00004835,CLIENT-0063,ACC-000174,2025-07-15,OUTBOUND,FX_TRANSFER,SGD,4194.32,GB,SETTLED
PAY-00004836,CLIENT-0236,ACC-000707,2025-07-13,INBOUND,WIRE,USD,6312.79,US,SETTLED
PAY-00004837,CLIENT-0055,ACC-000155,2025-07-04,INBOUND,WIRE,EUR,107131.45,JP,PENDING
PAY-00004838,CLIENT-0206,ACC-000615,2025-10-02,OUTBOUND,BOOK_TRANSFER,USD,8710.34,JP,SETTLED
PAY-00004839,CLIENT-0095,ACC-000270,2024-03-14,OUTBOUND,FX_TRANSFER,USD,76701.90,IE,SETTLED
PAY-00004840,CLIENT-0412,ACC-001212,2025-03-08,INBOUND,ACH,SGD,9675.22,AU,SETTLED
PAY-00004841,CLIENT-0190,ACC-000569,2026-07-21,INBOUND,FX_TRANSFER,AUD,14424.92,AE,SETTLED
PAY-00004842,CLIENT-0413,ACC-001215,2025-03-15,INBOUND,CARD,USD,80147.01,BR,SETTLED
PAY-00004843,CLIENT-0110,ACC-000317,2026-05-12,OUTBOUND,WIRE,USD,12329.61,DE,SETTLED
PAY-00004844,CLIENT-0255,ACC-000768,2026-07-30,OUTBOUND,ACH,INR,130172.70,CH,PENDING
PAY-00004845,CLIENT-0053,ACC-000146,2024-05-04,OUTBOUND,REAL_TIME_PAYMENT,MXN,94544.09,AE,SETTLED
PAY-00004846,CLIENT-0337,ACC-000983,2024-11-30,INBOUND,FX_TRANSFER,USD,3060.71,DE,SETTLED
PAY-00004847,CLIENT-0122,ACC-000362,2026-02-12,OUTBOUND,FX_TRANSFER,USD,8711.28,US,SETTLED
PAY-00004848,CLIENT-0229,ACC-000680,2025-11-08,OUTBOUND,REAL_TIME_PAYMENT,INR,219311.82,IN,SETTLED
PAY-00004849,CLIENT-0003,ACC-000007,2024-08-23,INBOUND,REAL_TIME_PAYMENT,EUR,207039.52,GB,SETTLED
PAY-00004850,CLIENT-0064,ACC-000176,2024-12-24,INBOUND,FX_TRANSFER,USD,69331.98,MX,SETTLED
PAY-00004851,CLIENT-0150,ACC-000453,2025-12-23,OUTBOUND,FX_TRANSFER,USD,99414.84,AU,SETTLED
PAY-00004852,CLIENT-0088,ACC-000248,2026-07-25,INBOUND,ACH,USD,117620.70,SG,SETTLED
PAY-00004853,CLIENT-0049,ACC-000132,2026-03-18,INBOUND,ACH,USD,143517.58,NL,PENDING
PAY-00004854,CLIENT-0480,ACC-001425,2026-04-11,INBOUND,SWIFT,USD,7055.16,GB,PENDING
PAY-00004855,CLIENT-0449,ACC-001324,2026-03-19,INBOUND,WIRE,USD,121444.49,CA,SETTLED
PAY-00004856,CLIENT-0262,ACC-000785,2026-05-12,OUTBOUND,SEPA,USD,1400.38,SG,SETTLED
PAY-00004857,CLIENT-0140,ACC-000419,2026-05-23,OUTBOUND,FX_TRANSFER,EUR,72665.22,AE,SETTLED
PAY-00004858,CLIENT-0109,ACC-000315,2025-07-10,INBOUND,FX_TRANSFER,USD,55497.10,DE,PENDING
PAY-00004859,CLIENT-0115,ACC-000337,2024-09-28,OUTBOUND,CARD,SGD,10766.98,GB,SETTLED
PAY-00004860,CLIENT-0343,ACC-001004,2025-01-18,OUTBOUND,SWIFT,USD,209016.72,AE,SETTLED
PAY-00004861,CLIENT-0408,ACC-001198,2026-02-16,OUTBOUND,ACH,USD,186089.31,CA,SETTLED
PAY-00004862,CLIENT-0179,ACC-000539,2025-04-19,INBOUND,WIRE,USD,222622.01,JP,SETTLED
PAY-00004863,CLIENT-0383,ACC-001113,2024-09-11,OUTBOUND,SWIFT,USD,106182.87,IN,SETTLED
PAY-00004864,CLIENT-0226,ACC-000676,2025-04-16,OUTBOUND,FX_TRANSFER,USD,3085.29,BR,SETTLED
PAY-00004865,CLIENT-0226,ACC-000673,2026-02-24,INBOUND,SEPA,USD,58364.95,AE,SETTLED
PAY-00004866,CLIENT-0161,ACC-000485,2025-12-20,INBOUND,BOOK_TRANSFER,EUR,10400.60,BR,SETTLED
PAY-00004867,CLIENT-0031,ACC-000087,2026-07-21,OUTBOUND,BOOK_TRANSFER,EUR,22466.97,GB,SETTLED
PAY-00004868,CLIENT-0327,ACC-000961,2025-06-11,INBOUND,BOOK_TRANSFER,USD,98179.54,BR,SETTLED
PAY-00004869,CLIENT-0346,ACC-001012,2025-02-07,OUTBOUND,WIRE,MXN,237523.59,MX,SETTLED
PAY-00004870,CLIENT-0433,ACC-001275,2026-05-16,OUTBOUND,FX_TRANSFER,EUR,177310.04,CA,SETTLED
PAY-00004871,CLIENT-0361,ACC-001057,2026-05-28,OUTBOUND,FX_TRANSFER,USD,160821.18,US,RETURNED
PAY-00004872,CLIENT-0435,ACC-001284,2025-12-31,OUTBOUND,BOOK_TRANSFER,USD,1792.04,AU,SETTLED
PAY-00004873,CLIENT-0056,ACC-000158,2025-04-05,INBOUND,BOOK_TRANSFER,AUD,13860.95,BR,SETTLED
PAY-00004874,CLIENT-0418,ACC-001235,2025-11-25,OUTBOUND,FX_TRANSFER,EUR,171753.57,GB,SETTLED
PAY-00004875,CLIENT-0424,ACC-001252,2024-01-12,OUTBOUND,ACH,USD,907.01,CA,SETTLED
PAY-00004876,CLIENT-0204,ACC-000611,2026-07-05,OUTBOUND,ACH,USD,10894.65,DE,SETTLED
PAY-00004877,CLIENT-0006,ACC-000011,2024-11-03,INBOUND,CARD,EUR,232.19,GB,PENDING
PAY-00004878,CLIENT-0288,ACC-000851,2026-05-12,OUTBOUND,SWIFT,BRL,8371.20,US,SETTLED
PAY-00004879,CLIENT-0103,ACC-000293,2025-02-09,OUTBOUND,FX_TRANSFER,USD,185044.69,US,SETTLED
PAY-00004880,CLIENT-0166,ACC-000501,2025-12-20,OUTBOUND,ACH,EUR,14590.78,DE,SETTLED
PAY-00004881,CLIENT-0199,ACC-000595,2026-07-14,OUTBOUND,FX_TRANSFER,EUR,11169.83,GB,SETTLED
PAY-00004882,CLIENT-0154,ACC-000461,2026-06-08,INBOUND,WIRE,GBP,11620.84,MX,SETTLED
PAY-00004883,CLIENT-0325,ACC-000955,2024-12-16,INBOUND,SEPA,USD,3723.30,SG,RETURNED
PAY-00004884,CLIENT-0190,ACC-000569,2026-07-14,INBOUND,ACH,AUD,4436.38,GB,SETTLED
PAY-00004885,CLIENT-0031,ACC-000086,2024-07-13,INBOUND,WIRE,AED,26637.42,US,SETTLED
PAY-00004886,CLIENT-0179,ACC-000539,2025-08-26,INBOUND,FX_TRANSFER,USD,76708.92,SG,SETTLED
PAY-00004887,CLIENT-0241,ACC-000726,2026-04-20,OUTBOUND,BOOK_TRANSFER,USD,75891.07,SG,SETTLED
PAY-00004888,CLIENT-0199,ACC-000595,2026-05-01,INBOUND,SWIFT,EUR,3593.90,NL,SETTLED
PAY-00004889,CLIENT-0426,ACC-001257,2026-07-29,INBOUND,BOOK_TRANSFER,AUD,139330.54,CH,SETTLED
PAY-00004890,CLIENT-0055,ACC-000156,2025-04-09,INBOUND,ACH,BRL,201370.53,CH,SETTLED
PAY-00004891,CLIENT-0448,ACC-001320,2026-05-18,INBOUND,CARD,EUR,112715.70,SG,SETTLED
PAY-00004892,CLIENT-0006,ACC-000012,2024-06-30,OUTBOUND,SEPA,AED,812.03,JP,SETTLED
PAY-00004893,CLIENT-0202,ACC-000606,2025-10-08,OUTBOUND,WIRE,USD,184173.04,MX,SETTLED
PAY-00004894,CLIENT-0343,ACC-001005,2026-03-29,OUTBOUND,REAL_TIME_PAYMENT,CAD,232792.69,GB,SETTLED
PAY-00004895,CLIENT-0365,ACC-001065,2026-07-17,INBOUND,SEPA,CAD,10434.22,DE,SETTLED
PAY-00004896,CLIENT-0306,ACC-000900,2024-08-06,INBOUND,CARD,USD,9213.17,CH,PENDING
PAY-00004897,CLIENT-0375,ACC-001091,2025-01-05,INBOUND,REAL_TIME_PAYMENT,USD,201814.28,NL,SETTLED
PAY-00004898,CLIENT-0399,ACC-001169,2025-06-28,OUTBOUND,BOOK_TRANSFER,EUR,3025.97,BR,PENDING
PAY-00004899,CLIENT-0336,ACC-000981,2024-04-29,INBOUND,REAL_TIME_PAYMENT,USD,63366.72,FR,SETTLED
PAY-00004900,CLIENT-0244,ACC-000737,2026-01-02,INBOUND,FX_TRANSFER,USD,10442.46,US,SETTLED
PAY-00004901,CLIENT-0114,ACC-000332,2026-06-20,OUTBOUND,BOOK_TRANSFER,USD,163545.87,IN,SETTLED
PAY-00004902,CLIENT-0165,ACC-000498,2024-10-02,OUTBOUND,ACH,USD,4503.39,CA,SETTLED
PAY-00004903,CLIENT-0030,ACC-000081,2024-07-20,OUTBOUND,REAL_TIME_PAYMENT,EUR,235398.25,GB,SETTLED
PAY-00004904,CLIENT-0238,ACC-000718,2025-11-13,OUTBOUND,CARD,USD,208490.61,BR,SETTLED
PAY-00004905,CLIENT-0467,ACC-001385,2024-01-16,INBOUND,FX_TRANSFER,USD,11166.31,AU,SETTLED
PAY-00004906,CLIENT-0029,ACC-000078,2026-05-13,OUTBOUND,SEPA,USD,137108.17,AE,SETTLED
PAY-00004907,CLIENT-0295,ACC-000869,2026-03-22,INBOUND,SWIFT,GBP,7122.56,AE,SETTLED
PAY-00004908,CLIENT-0381,ACC-001109,2025-05-15,OUTBOUND,REAL_TIME_PAYMENT,CHF,69262.28,IN,SETTLED
PAY-00004909,CLIENT-0122,ACC-000363,2025-07-03,OUTBOUND,BOOK_TRANSFER,USD,115389.81,IN,PENDING
PAY-00004910,CLIENT-0364,ACC-001063,2025-02-27,INBOUND,WIRE,JPY,38716.38,MX,SETTLED
PAY-00004911,CLIENT-0188,ACC-000565,2024-07-10,OUTBOUND,BOOK_TRANSFER,USD,6426.68,CH,SETTLED
PAY-00004912,CLIENT-0356,ACC-001046,2025-10-20,OUTBOUND,ACH,SGD,81132.74,SG,SETTLED
PAY-00004913,CLIENT-0073,ACC-000202,2026-01-30,OUTBOUND,REAL_TIME_PAYMENT,USD,13708.54,GB,SETTLED
PAY-00004914,CLIENT-0040,ACC-000111,2026-03-31,OUTBOUND,REAL_TIME_PAYMENT,USD,79706.27,SG,SETTLED
PAY-00004915,CLIENT-0231,ACC-000692,2026-06-10,OUTBOUND,SWIFT,EUR,167824.08,CH,PENDING
PAY-00004916,CLIENT-0288,ACC-000854,2026-04-22,INBOUND,BOOK_TRANSFER,EUR,99531.81,FR,PENDING
PAY-00004917,CLIENT-0438,ACC-001293,2024-06-29,INBOUND,REAL_TIME_PAYMENT,USD,105981.45,GB,SETTLED
PAY-00004918,CLIENT-0434,ACC-001278,2026-07-20,OUTBOUND,BOOK_TRANSFER,USD,172528.88,SG,PENDING
PAY-00004919,CLIENT-0163,ACC-000494,2025-08-19,OUTBOUND,SEPA,USD,89248.34,CA,SETTLED
PAY-00004920,CLIENT-0474,ACC-001402,2025-08-13,INBOUND,SEPA,USD,46382.78,MX,SETTLED
PAY-00004921,CLIENT-0348,ACC-001021,2025-08-13,OUTBOUND,FX_TRANSFER,USD,57132.11,GB,SETTLED
PAY-00004922,CLIENT-0130,ACC-000386,2024-01-20,OUTBOUND,WIRE,USD,204083.50,CA,SETTLED
PAY-00004923,CLIENT-0397,ACC-001159,2026-01-21,OUTBOUND,BOOK_TRANSFER,USD,71744.21,GB,PENDING
PAY-00004924,CLIENT-0125,ACC-000370,2025-08-18,OUTBOUND,REAL_TIME_PAYMENT,EUR,107323.90,NL,SETTLED
PAY-00004925,CLIENT-0226,ACC-000672,2025-11-06,INBOUND,SEPA,USD,180912.72,SG,SETTLED
PAY-00004926,CLIENT-0255,ACC-000768,2026-06-29,INBOUND,ACH,INR,166632.80,JP,SETTLED
PAY-00004927,CLIENT-0446,ACC-001313,2025-02-18,OUTBOUND,BOOK_TRANSFER,USD,243959.17,US,SETTLED
PAY-00004928,CLIENT-0369,ACC-001077,2026-07-07,INBOUND,ACH,USD,96669.30,AE,REJECTED
PAY-00004929,CLIENT-0451,ACC-001331,2026-07-06,OUTBOUND,CARD,USD,1871.23,FR,SETTLED
PAY-00004930,CLIENT-0145,ACC-000432,2025-04-02,OUTBOUND,CARD,USD,236506.52,IE,SETTLED
PAY-00004931,CLIENT-0084,ACC-000234,2026-04-22,OUTBOUND,REAL_TIME_PAYMENT,USD,111542.64,SG,SETTLED
PAY-00004932,CLIENT-0151,ACC-000454,2026-03-02,OUTBOUND,WIRE,USD,2316.37,JP,SETTLED
PAY-00004933,CLIENT-0127,ACC-000376,2024-11-26,OUTBOUND,SWIFT,USD,65862.29,AU,SETTLED
PAY-00004934,CLIENT-0436,ACC-001288,2026-04-01,OUTBOUND,FX_TRANSFER,USD,40019.70,CA,SETTLED
PAY-00004935,CLIENT-0262,ACC-000787,2025-09-26,INBOUND,WIRE,USD,14562.67,MX,PENDING
PAY-00004936,CLIENT-0136,ACC-000407,2025-09-16,OUTBOUND,ACH,USD,69984.38,BR,SETTLED
PAY-00004937,CLIENT-0129,ACC-000381,2024-08-13,INBOUND,ACH,EUR,4987.69,CA,SETTLED
PAY-00004938,CLIENT-0249,ACC-000752,2025-03-09,OUTBOUND,SWIFT,USD,22714.24,MX,SETTLED
PAY-00004939,CLIENT-0425,ACC-001254,2026-04-14,OUTBOUND,ACH,USD,101998.19,AU,PENDING
PAY-00004940,CLIENT-0098,ACC-000283,2026-06-07,OUTBOUND,SEPA,USD,36118.00,CH,SETTLED
PAY-00004941,CLIENT-0351,ACC-001026,2025-05-20,OUTBOUND,WIRE,EUR,13818.54,AE,SETTLED
PAY-00004942,CLIENT-0490,ACC-001463,2026-07-14,OUTBOUND,FX_TRANSFER,BRL,10029.14,MX,SETTLED
PAY-00004943,CLIENT-0179,ACC-000538,2026-07-18,INBOUND,SWIFT,AUD,248252.75,SG,SETTLED
PAY-00004944,CLIENT-0493,ACC-001472,2025-04-08,INBOUND,CARD,USD,13434.46,IN,SETTLED
PAY-00004945,CLIENT-0149,ACC-000448,2025-08-09,OUTBOUND,REAL_TIME_PAYMENT,EUR,146859.52,DE,SETTLED
PAY-00004946,CLIENT-0481,ACC-001428,2024-01-02,OUTBOUND,CARD,USD,229177.31,JP,PENDING
PAY-00004947,CLIENT-0452,ACC-001335,2025-12-29,OUTBOUND,CARD,USD,111242.18,SG,SETTLED
PAY-00004948,CLIENT-0325,ACC-000954,2026-06-16,INBOUND,BOOK_TRANSFER,JPY,14733.45,IE,SETTLED
PAY-00004949,CLIENT-0299,ACC-000883,2024-07-24,OUTBOUND,FX_TRANSFER,EUR,206580.94,CH,REJECTED
PAY-00004950,CLIENT-0212,ACC-000632,2026-04-17,INBOUND,FX_TRANSFER,USD,11709.64,AU,SETTLED
PAY-00004951,CLIENT-0057,ACC-000160,2025-08-20,OUTBOUND,SWIFT,SGD,11777.37,GB,SETTLED
PAY-00004952,CLIENT-0392,ACC-001141,2026-03-23,INBOUND,REAL_TIME_PAYMENT,USD,217053.66,FR,SETTLED
PAY-00004953,CLIENT-0478,ACC-001416,2025-08-23,OUTBOUND,FX_TRANSFER,CAD,91854.50,BR,REJECTED
PAY-00004954,CLIENT-0279,ACC-000831,2024-07-26,INBOUND,ACH,USD,39193.57,MX,SETTLED
PAY-00004955,CLIENT-0058,ACC-000161,2025-08-11,OUTBOUND,BOOK_TRANSFER,USD,11898.12,AE,SETTLED
PAY-00004956,CLIENT-0045,ACC-000120,2026-01-01,INBOUND,ACH,USD,159153.07,SG,SETTLED
PAY-00004957,CLIENT-0488,ACC-001454,2024-09-06,INBOUND,WIRE,USD,152938.89,CA,SETTLED
PAY-00004958,CLIENT-0448,ACC-001320,2025-03-01,OUTBOUND,BOOK_TRANSFER,EUR,204737.74,AU,SETTLED
PAY-00004959,CLIENT-0262,ACC-000787,2026-01-07,INBOUND,REAL_TIME_PAYMENT,USD,2842.58,FR,SETTLED
PAY-00004960,CLIENT-0133,ACC-000396,2025-04-04,OUTBOUND,FX_TRANSFER,USD,5841.97,US,REJECTED
PAY-00004961,CLIENT-0127,ACC-000379,2026-05-20,INBOUND,SEPA,USD,120711.46,JP,SETTLED
PAY-00004962,CLIENT-0258,ACC-000775,2025-11-25,OUTBOUND,SWIFT,USD,13316.25,IN,SETTLED
PAY-00004963,CLIENT-0356,ACC-001045,2026-07-12,OUTBOUND,REAL_TIME_PAYMENT,SGD,248165.29,MX,SETTLED
PAY-00004964,CLIENT-0106,ACC-000302,2026-04-02,OUTBOUND,WIRE,USD,248699.78,DE,SETTLED
PAY-00004965,CLIENT-0027,ACC-000074,2025-07-01,OUTBOUND,SWIFT,USD,233209.52,US,SETTLED
PAY-00004966,CLIENT-0321,ACC-000940,2025-11-20,INBOUND,SEPA,USD,140779.51,SG,SETTLED
PAY-00004967,CLIENT-0135,ACC-000401,2025-11-14,OUTBOUND,FX_TRANSFER,CAD,3874.18,JP,SETTLED
PAY-00004968,CLIENT-0464,ACC-001371,2024-08-30,OUTBOUND,ACH,USD,232539.76,US,SETTLED
PAY-00004969,CLIENT-0325,ACC-000955,2024-10-10,INBOUND,SWIFT,USD,10968.87,IE,SETTLED
PAY-00004970,CLIENT-0215,ACC-000642,2026-04-22,OUTBOUND,BOOK_TRANSFER,EUR,14582.44,FR,SETTLED
PAY-00004971,CLIENT-0298,ACC-000879,2026-04-16,INBOUND,SWIFT,USD,7328.84,IE,PENDING
PAY-00004972,CLIENT-0162,ACC-000490,2025-05-22,INBOUND,ACH,EUR,9323.10,SG,SETTLED
PAY-00004973,CLIENT-0187,ACC-000558,2025-04-14,OUTBOUND,FX_TRANSFER,USD,13611.11,SG,SETTLED
PAY-00004974,CLIENT-0310,ACC-000915,2025-09-28,INBOUND,CARD,USD,217532.51,JP,SETTLED
PAY-00004975,CLIENT-0073,ACC-000203,2025-07-24,OUTBOUND,WIRE,EUR,3018.23,US,SETTLED
PAY-00004976,CLIENT-0188,ACC-000563,2025-06-21,OUTBOUND,WIRE,EUR,224447.03,GB,SETTLED
PAY-00004977,CLIENT-0282,ACC-000838,2026-06-07,INBOUND,SEPA,EUR,6074.92,AE,SETTLED
PAY-00004978,CLIENT-0359,ACC-001053,2026-04-21,INBOUND,FX_TRANSFER,USD,163448.06,MX,PENDING
PAY-00004979,CLIENT-0427,ACC-001260,2026-02-20,INBOUND,ACH,USD,207238.09,FR,SETTLED
PAY-00004980,CLIENT-0414,ACC-001221,2025-01-17,INBOUND,WIRE,USD,230726.03,US,PENDING
PAY-00004981,CLIENT-0490,ACC-001463,2025-06-24,INBOUND,ACH,BRL,4146.83,FR,SETTLED
PAY-00004982,CLIENT-0038,ACC-000103,2026-07-21,OUTBOUND,BOOK_TRANSFER,USD,41727.29,CA,SETTLED
PAY-00004983,CLIENT-0106,ACC-000304,2026-02-28,OUTBOUND,SWIFT,GBP,226620.11,MX,SETTLED
PAY-00004984,CLIENT-0379,ACC-001101,2025-02-22,INBOUND,REAL_TIME_PAYMENT,EUR,7657.74,JP,SETTLED
PAY-00004985,CLIENT-0129,ACC-000382,2024-02-11,OUTBOUND,BOOK_TRANSFER,USD,10676.74,SG,SETTLED
PAY-00004986,CLIENT-0427,ACC-001262,2025-07-14,INBOUND,SWIFT,USD,214083.23,NL,SETTLED
PAY-00004987,CLIENT-0018,ACC-000046,2025-03-01,OUTBOUND,FX_TRANSFER,SGD,24968.40,IE,SETTLED
PAY-00004988,CLIENT-0229,ACC-000683,2026-02-06,OUTBOUND,FX_TRANSFER,EUR,94802.43,JP,SETTLED
PAY-00004989,CLIENT-0013,ACC-000032,2024-11-28,OUTBOUND,CARD,USD,129717.17,CH,SETTLED
PAY-00004990,CLIENT-0336,ACC-000982,2024-06-13,OUTBOUND,BOOK_TRANSFER,USD,74709.34,AE,SETTLED
PAY-00004991,CLIENT-0476,ACC-001408,2025-03-21,OUTBOUND,CARD,USD,116230.62,FR,SETTLED
PAY-00004992,CLIENT-0413,ACC-001218,2026-07-26,OUTBOUND,SWIFT,EUR,98363.42,US,RETURNED
PAY-00004993,CLIENT-0103,ACC-000292,2024-12-05,INBOUND,REAL_TIME_PAYMENT,USD,164004.91,IE,SETTLED
PAY-00004994,CLIENT-0454,ACC-001340,2024-04-12,INBOUND,SWIFT,USD,211808.05,DE,SETTLED
PAY-00004995,CLIENT-0412,ACC-001213,2025-11-20,INBOUND,CARD,USD,9964.56,NL,SETTLED
PAY-00004996,CLIENT-0154,ACC-000462,2024-01-30,OUTBOUND,FX_TRANSFER,GBP,8111.07,JP,SETTLED
PAY-00004997,CLIENT-0369,ACC-001079,2025-12-26,OUTBOUND,SEPA,USD,81140.91,NL,SETTLED
PAY-00004998,CLIENT-0230,ACC-000688,2024-05-31,OUTBOUND,BOOK_TRANSFER,USD,151300.50,IN,SETTLED
PAY-00004999,CLIENT-0214,ACC-000638,2024-11-03,OUTBOUND,ACH,BRL,139277.80,SG,PENDING
PAY-00005000,CLIENT-0460,ACC-001357,2025-06-28,OUTBOUND,ACH,USD,133231.18,JP,SETTLED
PAY-00005001,CLIENT-0351,ACC-001030,2026-07-07,OUTBOUND,SWIFT,EUR,2440.37,NL,SETTLED
PAY-00005002,CLIENT-0061,ACC-000168,2026-01-01,OUTBOUND,SWIFT,USD,7049.95,NL,SETTLED
PAY-00005003,CLIENT-0065,ACC-000179,2025-10-08,INBOUND,SWIFT,JPY,12334.27,US,SETTLED
PAY-00005004,CLIENT-0037,ACC-000099,2026-06-16,INBOUND,BOOK_TRANSFER,USD,17463.73,US,SETTLED
PAY-00005005,CLIENT-0377,ACC-001096,2026-03-01,INBOUND,BOOK_TRANSFER,AED,172143.84,AE,SETTLED
PAY-00005006,CLIENT-0242,ACC-000729,2026-02-08,INBOUND,WIRE,USD,206066.58,SG,SETTLED
PAY-00005007,CLIENT-0048,ACC-000130,2026-03-10,OUTBOUND,FX_TRANSFER,USD,177252.20,AU,SETTLED
PAY-00005008,CLIENT-0401,ACC-001175,2025-06-29,OUTBOUND,FX_TRANSFER,EUR,13515.49,AE,SETTLED
PAY-00005009,CLIENT-0188,ACC-000561,2025-06-11,INBOUND,REAL_TIME_PAYMENT,GBP,183606.57,FR,REJECTED
PAY-00005010,CLIENT-0031,ACC-000086,2024-07-14,INBOUND,FX_TRANSFER,AED,206033.86,US,SETTLED
PAY-00005011,CLIENT-0489,ACC-001458,2026-07-06,INBOUND,FX_TRANSFER,GBP,106899.97,GB,SETTLED
PAY-00005012,CLIENT-0472,ACC-001398,2025-03-30,OUTBOUND,WIRE,USD,148704.81,NL,SETTLED
PAY-00005013,CLIENT-0254,ACC-000764,2026-06-22,OUTBOUND,REAL_TIME_PAYMENT,USD,239076.56,JP,SETTLED
PAY-00005014,CLIENT-0059,ACC-000162,2025-12-17,OUTBOUND,WIRE,USD,131683.75,CH,SETTLED
PAY-00005015,CLIENT-0286,ACC-000846,2026-07-21,INBOUND,SEPA,USD,80530.15,NL,SETTLED
PAY-00005016,CLIENT-0010,ACC-000022,2026-01-25,OUTBOUND,REAL_TIME_PAYMENT,USD,191472.24,NL,SETTLED
PAY-00005017,CLIENT-0183,ACC-000551,2024-11-01,OUTBOUND,SEPA,USD,13971.16,BR,SETTLED
PAY-00005018,CLIENT-0297,ACC-000877,2024-12-04,INBOUND,CARD,USD,71700.39,CA,SETTLED
PAY-00005019,CLIENT-0093,ACC-000263,2026-06-15,OUTBOUND,BOOK_TRANSFER,MXN,188785.06,CA,SETTLED
PAY-00005020,CLIENT-0345,ACC-001010,2025-05-05,INBOUND,REAL_TIME_PAYMENT,USD,8768.86,AU,SETTLED
PAY-00005021,CLIENT-0012,ACC-000027,2026-06-25,OUTBOUND,ACH,CAD,595.38,JP,SETTLED
PAY-00005022,CLIENT-0028,ACC-000077,2025-09-10,INBOUND,SEPA,USD,5412.30,IN,SETTLED
PAY-00005023,CLIENT-0354,ACC-001038,2025-09-21,OUTBOUND,SEPA,EUR,91971.63,IN,SETTLED
PAY-00005024,CLIENT-0118,ACC-000349,2024-01-12,OUTBOUND,FX_TRANSFER,USD,13343.10,IE,SETTLED
PAY-00005025,CLIENT-0128,ACC-000380,2024-11-08,OUTBOUND,SEPA,USD,7806.31,IN,SETTLED
PAY-00005026,CLIENT-0283,ACC-000839,2025-10-12,OUTBOUND,FX_TRANSFER,GBP,74187.06,JP,SETTLED
PAY-00005027,CLIENT-0115,ACC-000337,2024-12-26,INBOUND,REAL_TIME_PAYMENT,SGD,225.68,MX,SETTLED
PAY-00005028,CLIENT-0220,ACC-000657,2026-07-30,INBOUND,WIRE,USD,246453.54,SG,PENDING
PAY-00005029,CLIENT-0421,ACC-001244,2026-01-19,INBOUND,WIRE,EUR,102240.91,CA,SETTLED
PAY-00005030,CLIENT-0089,ACC-000252,2026-06-24,INBOUND,SWIFT,USD,87369.10,SG,SETTLED
PAY-00005031,CLIENT-0495,ACC-001476,2026-02-20,OUTBOUND,SWIFT,USD,3498.75,SG,SETTLED
PAY-00005032,CLIENT-0116,ACC-000340,2025-09-24,INBOUND,CARD,SGD,2771.12,AU,SETTLED
PAY-00005033,CLIENT-0467,ACC-001385,2026-07-11,INBOUND,SWIFT,USD,11607.36,AU,SETTLED
PAY-00005034,CLIENT-0120,ACC-000351,2026-05-08,INBOUND,FX_TRANSFER,CHF,106679.46,AE,SETTLED
PAY-00005035,CLIENT-0416,ACC-001229,2025-03-01,OUTBOUND,CARD,USD,102795.70,IN,SETTLED
PAY-00005036,CLIENT-0237,ACC-000712,2026-07-16,INBOUND,WIRE,USD,52425.49,FR,SETTLED
PAY-00005037,CLIENT-0486,ACC-001445,2025-08-19,OUTBOUND,FX_TRANSFER,USD,139948.32,DE,SETTLED
PAY-00005038,CLIENT-0073,ACC-000202,2024-07-30,OUTBOUND,SEPA,USD,1954.36,MX,SETTLED
PAY-00005039,CLIENT-0353,ACC-001037,2026-03-31,OUTBOUND,CARD,USD,5419.61,MX,SETTLED
PAY-00005040,CLIENT-0421,ACC-001245,2026-02-19,OUTBOUND,CARD,USD,36762.89,JP,SETTLED
PAY-00005041,CLIENT-0411,ACC-001210,2026-07-01,INBOUND,REAL_TIME_PAYMENT,USD,80577.62,GB,PENDING
PAY-00005042,CLIENT-0112,ACC-000323,2026-05-18,OUTBOUND,SEPA,EUR,149499.75,US,SETTLED
PAY-00005043,CLIENT-0064,ACC-000176,2024-03-02,OUTBOUND,WIRE,USD,118714.36,CH,SETTLED
PAY-00005044,CLIENT-0106,ACC-000302,2025-07-21,OUTBOUND,REAL_TIME_PAYMENT,USD,223430.71,JP,SETTLED
PAY-00005045,CLIENT-0089,ACC-000252,2026-03-27,OUTBOUND,FX_TRANSFER,USD,247219.93,AU,SETTLED
PAY-00005046,CLIENT-0017,ACC-000043,2025-09-15,OUTBOUND,SEPA,CAD,6598.60,CA,SETTLED
PAY-00005047,CLIENT-0488,ACC-001454,2025-06-15,INBOUND,BOOK_TRANSFER,USD,218369.71,CA,SETTLED
PAY-00005048,CLIENT-0057,ACC-000160,2026-01-22,INBOUND,BOOK_TRANSFER,SGD,14977.21,AE,SETTLED
PAY-00005049,CLIENT-0062,ACC-000170,2026-07-13,OUTBOUND,ACH,USD,45945.15,JP,PENDING
PAY-00005050,CLIENT-0262,ACC-000787,2026-06-25,INBOUND,SEPA,USD,5507.77,IN,SETTLED
PAY-00005051,CLIENT-0458,ACC-001354,2024-05-01,INBOUND,SEPA,USD,148180.95,FR,SETTLED
PAY-00005052,CLIENT-0236,ACC-000709,2026-05-21,OUTBOUND,BOOK_TRANSFER,USD,6293.26,AE,SETTLED
PAY-00005053,CLIENT-0192,ACC-000571,2026-05-06,OUTBOUND,SWIFT,USD,105706.12,CA,SETTLED
PAY-00005054,CLIENT-0475,ACC-001406,2025-06-20,INBOUND,REAL_TIME_PAYMENT,USD,39128.69,BR,SETTLED
PAY-00005055,CLIENT-0162,ACC-000492,2026-07-10,INBOUND,REAL_TIME_PAYMENT,EUR,12620.91,GB,SETTLED
PAY-00005056,CLIENT-0431,ACC-001270,2026-01-23,OUTBOUND,REAL_TIME_PAYMENT,USD,4346.82,CH,SETTLED
PAY-00005057,CLIENT-0456,ACC-001345,2025-08-18,OUTBOUND,SEPA,USD,155394.80,SG,SETTLED
PAY-00005058,CLIENT-0163,ACC-000494,2025-10-30,OUTBOUND,WIRE,USD,111962.53,JP,SETTLED
PAY-00005059,CLIENT-0366,ACC-001069,2024-10-22,INBOUND,BOOK_TRANSFER,EUR,164159.60,DE,SETTLED
PAY-00005060,CLIENT-0103,ACC-000292,2024-12-13,INBOUND,SWIFT,USD,158562.09,DE,SETTLED
PAY-00005061,CLIENT-0233,ACC-000696,2025-04-01,INBOUND,FX_TRANSFER,AUD,13510.65,SG,SETTLED
PAY-00005062,CLIENT-0092,ACC-000262,2026-02-01,OUTBOUND,BOOK_TRANSFER,USD,81646.21,BR,SETTLED
PAY-00005063,CLIENT-0015,ACC-000036,2025-11-22,OUTBOUND,CARD,USD,30360.74,AU,SETTLED
PAY-00005064,CLIENT-0276,ACC-000826,2025-06-30,OUTBOUND,CARD,USD,87911.76,US,SETTLED
PAY-00005065,CLIENT-0476,ACC-001409,2025-11-21,OUTBOUND,FX_TRANSFER,USD,134483.17,US,RETURNED
PAY-00005066,CLIENT-0062,ACC-000171,2026-02-14,OUTBOUND,REAL_TIME_PAYMENT,EUR,147610.64,FR,RETURNED
PAY-00005067,CLIENT-0346,ACC-001014,2024-09-09,OUTBOUND,FX_TRANSFER,AUD,177295.84,BR,SETTLED
PAY-00005068,CLIENT-0196,ACC-000581,2024-11-04,INBOUND,ACH,USD,120508.43,AU,SETTLED
PAY-00005069,CLIENT-0066,ACC-000182,2024-07-20,OUTBOUND,REAL_TIME_PAYMENT,MXN,243419.26,IN,SETTLED
PAY-00005070,CLIENT-0476,ACC-001408,2025-01-15,OUTBOUND,SEPA,USD,198431.24,DE,SETTLED
PAY-00005071,CLIENT-0135,ACC-000401,2025-04-06,OUTBOUND,SWIFT,CAD,6457.69,AE,SETTLED
PAY-00005072,CLIENT-0053,ACC-000146,2024-11-06,INBOUND,WIRE,MXN,188865.96,AE,SETTLED
PAY-00005073,CLIENT-0015,ACC-000034,2026-05-07,OUTBOUND,FX_TRANSFER,USD,175366.75,FR,SETTLED
PAY-00005074,CLIENT-0328,ACC-000964,2026-07-03,OUTBOUND,REAL_TIME_PAYMENT,USD,24795.52,CA,SETTLED
PAY-00005075,CLIENT-0338,ACC-000986,2026-03-11,OUTBOUND,REAL_TIME_PAYMENT,USD,8476.96,JP,SETTLED
PAY-00005076,CLIENT-0415,ACC-001225,2026-07-19,INBOUND,FX_TRANSFER,USD,9161.35,IE,SETTLED
PAY-00005077,CLIENT-0484,ACC-001437,2026-03-20,OUTBOUND,SWIFT,USD,72910.07,NL,SETTLED
PAY-00005078,CLIENT-0467,ACC-001383,2024-01-22,OUTBOUND,SEPA,USD,2041.98,NL,SETTLED
PAY-00005079,CLIENT-0051,ACC-000142,2026-05-22,INBOUND,WIRE,USD,52078.96,IE,PENDING
PAY-00005080,CLIENT-0416,ACC-001227,2026-01-09,OUTBOUND,REAL_TIME_PAYMENT,USD,90294.07,CH,SETTLED
PAY-00005081,CLIENT-0145,ACC-000434,2026-04-29,OUTBOUND,WIRE,USD,51916.45,MX,SETTLED
PAY-00005082,CLIENT-0210,ACC-000627,2026-02-03,INBOUND,BOOK_TRANSFER,USD,106580.20,SG,SETTLED
PAY-00005083,CLIENT-0153,ACC-000460,2026-03-04,INBOUND,SEPA,USD,222983.53,IE,SETTLED
PAY-00005084,CLIENT-0489,ACC-001457,2026-02-17,OUTBOUND,FX_TRANSFER,EUR,244400.99,IE,SETTLED
PAY-00005085,CLIENT-0091,ACC-000258,2025-09-02,OUTBOUND,WIRE,SGD,6633.42,AE,PENDING
PAY-00005086,CLIENT-0244,ACC-000735,2025-06-18,OUTBOUND,BOOK_TRANSFER,EUR,11491.75,IE,SETTLED
PAY-00005087,CLIENT-0464,ACC-001368,2026-07-21,OUTBOUND,SEPA,USD,95331.97,BR,SETTLED
PAY-00005088,CLIENT-0334,ACC-000978,2025-10-28,OUTBOUND,FX_TRANSFER,USD,88696.06,IN,SETTLED
PAY-00005089,CLIENT-0018,ACC-000047,2024-08-12,OUTBOUND,FX_TRANSFER,SGD,54451.26,AE,SETTLED
PAY-00005090,CLIENT-0341,ACC-000998,2026-07-01,OUTBOUND,FX_TRANSFER,USD,9078.58,AU,SETTLED
PAY-00005091,CLIENT-0382,ACC-001111,2026-03-28,INBOUND,CARD,USD,150615.80,AU,SETTLED
PAY-00005092,CLIENT-0343,ACC-001006,2026-05-26,OUTBOUND,CARD,USD,234198.67,FR,SETTLED
PAY-00005093,CLIENT-0406,ACC-001191,2026-07-16,INBOUND,SWIFT,USD,84812.38,DE,SETTLED
PAY-00005094,CLIENT-0172,ACC-000523,2024-11-06,OUTBOUND,SWIFT,USD,27759.59,SG,SETTLED
PAY-00005095,CLIENT-0431,ACC-001273,2026-03-18,INBOUND,REAL_TIME_PAYMENT,USD,4886.43,MX,SETTLED
PAY-00005096,CLIENT-0093,ACC-000264,2024-08-15,OUTBOUND,SEPA,USD,201750.67,GB,SETTLED
PAY-00005097,CLIENT-0298,ACC-000881,2026-04-11,INBOUND,SEPA,USD,413.31,IN,SETTLED
PAY-00005098,CLIENT-0207,ACC-000616,2024-01-16,INBOUND,FX_TRANSFER,EUR,3512.07,FR,SETTLED
PAY-00005099,CLIENT-0413,ACC-001217,2024-08-03,OUTBOUND,SEPA,EUR,16725.33,IN,SETTLED
PAY-00005100,CLIENT-0237,ACC-000710,2026-05-14,OUTBOUND,FX_TRANSFER,USD,167842.69,GB,SETTLED
PAY-00005101,CLIENT-0131,ACC-000389,2024-05-04,OUTBOUND,WIRE,AUD,8876.47,IE,SETTLED
PAY-00005102,CLIENT-0224,ACC-000669,2025-03-30,OUTBOUND,FX_TRANSFER,USD,14633.08,NL,SETTLED
PAY-00005103,CLIENT-0198,ACC-000593,2026-03-02,INBOUND,CARD,GBP,1384.61,IE,SETTLED
PAY-00005104,CLIENT-0229,ACC-000684,2025-01-08,INBOUND,WIRE,USD,138353.09,CA,PENDING
PAY-00005105,CLIENT-0400,ACC-001172,2026-06-27,INBOUND,REAL_TIME_PAYMENT,USD,142092.66,NL,SETTLED
PAY-00005106,CLIENT-0389,ACC-001131,2025-03-11,INBOUND,FX_TRANSFER,USD,3584.10,CA,SETTLED
PAY-00005107,CLIENT-0467,ACC-001383,2024-04-03,INBOUND,SEPA,USD,1369.88,JP,SETTLED
PAY-00005108,CLIENT-0037,ACC-000098,2025-12-19,OUTBOUND,FX_TRANSFER,USD,2846.39,MX,SETTLED
PAY-00005109,CLIENT-0049,ACC-000135,2026-07-20,OUTBOUND,WIRE,USD,52166.19,CH,SETTLED
PAY-00005110,CLIENT-0261,ACC-000782,2025-08-03,OUTBOUND,REAL_TIME_PAYMENT,BRL,200121.79,FR,SETTLED
PAY-00005111,CLIENT-0238,ACC-000718,2025-03-27,OUTBOUND,BOOK_TRANSFER,USD,139908.07,JP,SETTLED
PAY-00005112,CLIENT-0205,ACC-000613,2025-05-30,INBOUND,CARD,USD,8271.68,FR,SETTLED
PAY-00005113,CLIENT-0418,ACC-001234,2026-05-10,OUTBOUND,BOOK_TRANSFER,USD,44704.13,JP,SETTLED
PAY-00005114,CLIENT-0385,ACC-001119,2026-03-31,OUTBOUND,REAL_TIME_PAYMENT,CAD,97542.37,JP,SETTLED
PAY-00005115,CLIENT-0395,ACC-001152,2025-09-29,OUTBOUND,ACH,USD,142239.31,DE,SETTLED
PAY-00005116,CLIENT-0183,ACC-000550,2024-09-30,OUTBOUND,BOOK_TRANSFER,USD,13929.46,AE,SETTLED
PAY-00005117,CLIENT-0431,ACC-001272,2024-10-12,OUTBOUND,SWIFT,USD,1967.45,AU,SETTLED
PAY-00005118,CLIENT-0477,ACC-001412,2025-09-17,OUTBOUND,SWIFT,USD,10319.83,CA,SETTLED
PAY-00005119,CLIENT-0201,ACC-000604,2026-05-18,OUTBOUND,SWIFT,USD,4513.23,BR,SETTLED
PAY-00005120,CLIENT-0009,ACC-000017,2026-01-25,OUTBOUND,ACH,JPY,8022.68,IE,SETTLED
PAY-00005121,CLIENT-0352,ACC-001034,2024-09-10,INBOUND,SWIFT,BRL,113858.36,AE,SETTLED
PAY-00005122,CLIENT-0266,ACC-000796,2026-05-26,OUTBOUND,REAL_TIME_PAYMENT,EUR,11296.09,AU,SETTLED
PAY-00005123,CLIENT-0053,ACC-000147,2025-04-22,OUTBOUND,ACH,USD,138284.88,AE,SETTLED
PAY-00005124,CLIENT-0230,ACC-000686,2025-10-05,OUTBOUND,REAL_TIME_PAYMENT,JPY,133445.98,GB,SETTLED
PAY-00005125,CLIENT-0062,ACC-000171,2025-09-01,OUTBOUND,FX_TRANSFER,EUR,66773.62,IN,SETTLED
PAY-00005126,CLIENT-0483,ACC-001432,2026-03-14,OUTBOUND,BOOK_TRANSFER,USD,9944.30,BR,SETTLED
PAY-00005127,CLIENT-0323,ACC-000948,2024-05-02,OUTBOUND,SWIFT,CAD,73412.10,IE,SETTLED
PAY-00005128,CLIENT-0277,ACC-000827,2026-01-13,INBOUND,WIRE,CAD,5729.32,BR,SETTLED
PAY-00005129,CLIENT-0302,ACC-000889,2026-06-09,INBOUND,WIRE,EUR,42338.51,CA,SETTLED
PAY-00005130,CLIENT-0401,ACC-001174,2026-02-15,OUTBOUND,WIRE,EUR,10656.27,BR,RETURNED
PAY-00005131,CLIENT-0267,ACC-000797,2024-08-04,OUTBOUND,ACH,USD,14164.49,IN,PENDING
PAY-00005132,CLIENT-0483,ACC-001435,2026-01-11,OUTBOUND,CARD,CAD,12164.96,FR,PENDING
PAY-00005133,CLIENT-0166,ACC-000502,2024-11-14,INBOUND,FX_TRANSFER,USD,170771.77,SG,SETTLED
PAY-00005134,CLIENT-0020,ACC-000055,2026-07-10,OUTBOUND,CARD,USD,236091.56,AU,SETTLED
PAY-00005135,CLIENT-0392,ACC-001138,2026-06-14,INBOUND,REAL_TIME_PAYMENT,USD,211171.44,CH,PENDING
PAY-00005136,CLIENT-0020,ACC-000054,2026-07-21,OUTBOUND,ACH,USD,176879.59,AU,SETTLED
PAY-00005137,CLIENT-0125,ACC-000374,2025-05-14,OUTBOUND,REAL_TIME_PAYMENT,USD,211075.56,AU,SETTLED
PAY-00005138,CLIENT-0095,ACC-000269,2026-07-13,OUTBOUND,SWIFT,USD,83077.66,BR,SETTLED
PAY-00005139,CLIENT-0265,ACC-000793,2026-07-13,OUTBOUND,ACH,USD,153543.42,FR,SETTLED
PAY-00005140,CLIENT-0367,ACC-001072,2024-10-26,OUTBOUND,WIRE,GBP,121940.51,JP,SETTLED
PAY-00005141,CLIENT-0467,ACC-001384,2025-05-17,INBOUND,SWIFT,USD,8131.50,GB,SETTLED
PAY-00005142,CLIENT-0435,ACC-001282,2026-07-18,OUTBOUND,FX_TRANSFER,SGD,5844.60,AU,PENDING
PAY-00005143,CLIENT-0242,ACC-000728,2024-06-24,OUTBOUND,ACH,USD,150487.43,BR,SETTLED
PAY-00005144,CLIENT-0415,ACC-001225,2025-11-06,INBOUND,CARD,USD,8478.40,FR,SETTLED
PAY-00005145,CLIENT-0368,ACC-001074,2024-06-21,INBOUND,ACH,USD,223332.88,AU,SETTLED
PAY-00005146,CLIENT-0062,ACC-000169,2026-06-18,INBOUND,CARD,EUR,35944.43,IE,SETTLED
PAY-00005147,CLIENT-0421,ACC-001244,2025-12-13,OUTBOUND,SWIFT,EUR,187013.34,NL,SETTLED
PAY-00005148,CLIENT-0062,ACC-000173,2026-06-07,OUTBOUND,REAL_TIME_PAYMENT,INR,71584.42,AE,SETTLED
PAY-00005149,CLIENT-0159,ACC-000481,2025-08-17,INBOUND,REAL_TIME_PAYMENT,USD,115340.16,MX,SETTLED
PAY-00005150,CLIENT-0477,ACC-001411,2026-04-01,OUTBOUND,SEPA,USD,4699.97,JP,REJECTED
PAY-00005151,CLIENT-0480,ACC-001424,2025-12-29,OUTBOUND,REAL_TIME_PAYMENT,MXN,6573.27,MX,SETTLED
PAY-00005152,CLIENT-0011,ACC-000023,2026-05-31,INBOUND,ACH,USD,10632.88,IN,SETTLED
PAY-00005153,CLIENT-0405,ACC-001189,2026-01-31,OUTBOUND,REAL_TIME_PAYMENT,AUD,177713.49,FR,SETTLED
PAY-00005154,CLIENT-0145,ACC-000432,2025-12-10,INBOUND,SEPA,USD,165951.65,MX,SETTLED
PAY-00005155,CLIENT-0247,ACC-000743,2026-06-12,INBOUND,REAL_TIME_PAYMENT,MXN,154716.34,NL,SETTLED
PAY-00005156,CLIENT-0341,ACC-000998,2026-07-14,INBOUND,CARD,USD,2328.90,JP,RETURNED
PAY-00005157,CLIENT-0455,ACC-001341,2026-04-21,INBOUND,CARD,SGD,31845.86,CH,SETTLED
PAY-00005158,CLIENT-0470,ACC-001390,2026-03-12,OUTBOUND,SWIFT,INR,12397.88,CA,SETTLED
PAY-00005159,CLIENT-0220,ACC-000655,2026-06-29,OUTBOUND,SWIFT,USD,224523.10,IE,SETTLED
PAY-00005160,CLIENT-0490,ACC-001465,2024-02-16,INBOUND,BOOK_TRANSFER,BRL,1566.31,NL,SETTLED
PAY-00005161,CLIENT-0448,ACC-001320,2024-06-04,OUTBOUND,ACH,EUR,245723.70,SG,SETTLED
PAY-00005162,CLIENT-0418,ACC-001234,2026-06-07,INBOUND,REAL_TIME_PAYMENT,USD,188912.10,SG,SETTLED
PAY-00005163,CLIENT-0252,ACC-000757,2024-08-26,OUTBOUND,WIRE,USD,2132.96,AE,SETTLED
PAY-00005164,CLIENT-0486,ACC-001446,2026-03-31,OUTBOUND,SWIFT,USD,27911.66,AE,SETTLED
PAY-00005165,CLIENT-0031,ACC-000087,2026-06-12,INBOUND,SWIFT,EUR,200670.30,GB,SETTLED
PAY-00005166,CLIENT-0131,ACC-000389,2025-11-21,INBOUND,REAL_TIME_PAYMENT,AUD,73378.30,MX,SETTLED
PAY-00005167,CLIENT-0121,ACC-000356,2024-08-22,OUTBOUND,BOOK_TRANSFER,USD,386.13,BR,SETTLED
PAY-00005168,CLIENT-0379,ACC-001101,2025-06-02,OUTBOUND,ACH,EUR,11993.59,MX,SETTLED
PAY-00005169,CLIENT-0463,ACC-001365,2025-10-31,OUTBOUND,SEPA,EUR,9373.22,CA,SETTLED
PAY-00005170,CLIENT-0105,ACC-000298,2026-04-10,INBOUND,REAL_TIME_PAYMENT,SGD,6309.78,AU,SETTLED
PAY-00005171,CLIENT-0372,ACC-001085,2026-01-02,INBOUND,SWIFT,EUR,55.60,DE,SETTLED
PAY-00005172,CLIENT-0010,ACC-000021,2024-06-21,OUTBOUND,CARD,CAD,226982.58,MX,SETTLED
PAY-00005173,CLIENT-0419,ACC-001241,2025-07-02,OUTBOUND,FX_TRANSFER,GBP,48289.88,DE,SETTLED
PAY-00005174,CLIENT-0487,ACC-001450,2026-01-15,INBOUND,ACH,USD,110205.78,FR,SETTLED
PAY-00005175,CLIENT-0375,ACC-001091,2026-07-23,OUTBOUND,CARD,USD,204455.95,NL,PENDING
PAY-00005176,CLIENT-0228,ACC-000679,2025-04-02,OUTBOUND,SEPA,USD,69772.98,FR,SETTLED
PAY-00005177,CLIENT-0438,ACC-001294,2024-03-12,OUTBOUND,SWIFT,USD,106202.57,US,SETTLED
PAY-00005178,CLIENT-0086,ACC-000243,2026-02-20,OUTBOUND,REAL_TIME_PAYMENT,JPY,9086.45,DE,SETTLED
PAY-00005179,CLIENT-0223,ACC-000667,2025-10-25,INBOUND,ACH,USD,211067.87,CA,SETTLED
PAY-00005180,CLIENT-0074,ACC-000208,2025-12-18,OUTBOUND,FX_TRANSFER,USD,16151.23,AU,RETURNED
PAY-00005181,CLIENT-0025,ACC-000069,2025-05-12,INBOUND,ACH,USD,12288.86,IN,SETTLED
PAY-00005182,CLIENT-0345,ACC-001009,2025-07-14,OUTBOUND,CARD,USD,8523.82,JP,SETTLED
PAY-00005183,CLIENT-0261,ACC-000784,2025-11-16,INBOUND,BOOK_TRANSFER,GBP,138660.50,MX,SETTLED
PAY-00005184,CLIENT-0440,ACC-001299,2026-01-06,INBOUND,REAL_TIME_PAYMENT,CAD,4840.71,AE,SETTLED
PAY-00005185,CLIENT-0055,ACC-000156,2025-12-22,OUTBOUND,WIRE,BRL,101.46,JP,SETTLED
PAY-00005186,CLIENT-0339,ACC-000991,2026-07-26,INBOUND,FX_TRANSFER,USD,78703.06,AU,SETTLED
PAY-00005187,CLIENT-0460,ACC-001359,2025-06-16,OUTBOUND,SWIFT,USD,15063.46,CH,SETTLED
PAY-00005188,CLIENT-0326,ACC-000956,2026-06-06,INBOUND,SEPA,USD,204811.50,FR,SETTLED
PAY-00005189,CLIENT-0025,ACC-000068,2025-07-17,OUTBOUND,REAL_TIME_PAYMENT,JPY,123740.26,NL,SETTLED
PAY-00005190,CLIENT-0112,ACC-000324,2026-03-12,INBOUND,BOOK_TRANSFER,USD,167997.07,DE,REJECTED
PAY-00005191,CLIENT-0020,ACC-000054,2026-07-04,OUTBOUND,ACH,USD,188921.35,DE,SETTLED
PAY-00005192,CLIENT-0486,ACC-001447,2024-02-05,OUTBOUND,SEPA,CHF,221321.29,SG,PENDING
PAY-00005193,CLIENT-0212,ACC-000631,2025-04-28,INBOUND,CARD,USD,12272.36,US,SETTLED
PAY-00005194,CLIENT-0020,ACC-000055,2026-07-16,INBOUND,SWIFT,USD,59612.26,CH,SETTLED
PAY-00005195,CLIENT-0163,ACC-000494,2026-04-27,INBOUND,FX_TRANSFER,USD,9629.85,US,PENDING
PAY-00005196,CLIENT-0485,ACC-001439,2026-07-19,INBOUND,SWIFT,BRL,3180.36,CA,SETTLED
PAY-00005197,CLIENT-0009,ACC-000016,2026-05-23,INBOUND,ACH,JPY,3733.43,JP,SETTLED
PAY-00005198,CLIENT-0392,ACC-001142,2026-01-09,OUTBOUND,FX_TRANSFER,USD,190481.74,MX,SETTLED
PAY-00005199,CLIENT-0059,ACC-000163,2026-06-09,INBOUND,WIRE,MXN,153763.95,BR,SETTLED
PAY-00005200,CLIENT-0120,ACC-000351,2026-07-14,OUTBOUND,CARD,CHF,103879.09,BR,SETTLED
PAY-00005201,CLIENT-0317,ACC-000933,2025-05-16,INBOUND,FX_TRANSFER,EUR,1417.16,MX,SETTLED
PAY-00005202,CLIENT-0299,ACC-000883,2025-04-01,OUTBOUND,REAL_TIME_PAYMENT,EUR,200315.52,SG,SETTLED
PAY-00005203,CLIENT-0215,ACC-000642,2026-06-15,INBOUND,WIRE,EUR,6671.10,GB,SETTLED
PAY-00005204,CLIENT-0417,ACC-001233,2026-02-16,OUTBOUND,SEPA,JPY,33979.63,GB,SETTLED
PAY-00005205,CLIENT-0435,ACC-001285,2025-04-24,INBOUND,BOOK_TRANSFER,USD,10557.74,CH,SETTLED
PAY-00005206,CLIENT-0383,ACC-001114,2025-08-06,INBOUND,CARD,CHF,9919.97,BR,REJECTED
PAY-00005207,CLIENT-0299,ACC-000883,2026-01-06,INBOUND,ACH,EUR,89770.97,JP,PENDING
PAY-00005208,CLIENT-0031,ACC-000087,2026-05-29,INBOUND,SWIFT,EUR,149349.60,DE,SETTLED
PAY-00005209,CLIENT-0471,ACC-001396,2024-03-16,OUTBOUND,SWIFT,EUR,164842.77,AU,SETTLED
PAY-00005210,CLIENT-0253,ACC-000759,2025-07-12,OUTBOUND,WIRE,USD,232188.26,JP,SETTLED
PAY-00005211,CLIENT-0306,ACC-000903,2025-10-16,OUTBOUND,ACH,EUR,3795.52,AE,SETTLED
PAY-00005212,CLIENT-0279,ACC-000831,2026-07-01,OUTBOUND,REAL_TIME_PAYMENT,USD,112898.53,BR,SETTLED
PAY-00005213,CLIENT-0311,ACC-000918,2025-10-31,OUTBOUND,FX_TRANSFER,USD,185086.74,JP,SETTLED
PAY-00005214,CLIENT-0436,ACC-001289,2026-07-19,OUTBOUND,ACH,BRL,146417.64,IE,RETURNED
PAY-00005215,CLIENT-0214,ACC-000638,2026-04-12,INBOUND,FX_TRANSFER,BRL,20215.77,AE,SETTLED
PAY-00005216,CLIENT-0297,ACC-000877,2025-03-07,INBOUND,CARD,USD,234589.22,AE,SETTLED
PAY-00005217,CLIENT-0368,ACC-001073,2024-04-20,INBOUND,SEPA,USD,16056.69,GB,SETTLED
PAY-00005218,CLIENT-0340,ACC-000992,2026-05-01,INBOUND,CARD,USD,4056.13,CA,SETTLED
PAY-00005219,CLIENT-0125,ACC-000374,2025-04-26,OUTBOUND,SEPA,USD,50909.51,IE,SETTLED
PAY-00005220,CLIENT-0371,ACC-001081,2026-03-24,OUTBOUND,ACH,CAD,10093.32,NL,SETTLED
PAY-00005221,CLIENT-0074,ACC-000206,2025-09-02,OUTBOUND,SEPA,USD,193029.23,JP,SETTLED
PAY-00005222,CLIENT-0070,ACC-000194,2026-03-02,OUTBOUND,CARD,USD,239084.28,NL,SETTLED
PAY-00005223,CLIENT-0197,ACC-000588,2026-01-23,INBOUND,SWIFT,USD,162296.55,NL,SETTLED
PAY-00005224,CLIENT-0304,ACC-000893,2025-10-13,INBOUND,ACH,USD,14241.36,IE,SETTLED
PAY-00005225,CLIENT-0036,ACC-000096,2024-10-13,INBOUND,WIRE,USD,11764.74,AU,SETTLED
PAY-00005226,CLIENT-0365,ACC-001067,2024-11-19,INBOUND,FX_TRANSFER,JPY,9583.90,FR,SETTLED
PAY-00005227,CLIENT-0110,ACC-000317,2026-07-01,INBOUND,REAL_TIME_PAYMENT,USD,6711.76,BR,SETTLED
PAY-00005228,CLIENT-0253,ACC-000760,2025-04-23,OUTBOUND,REAL_TIME_PAYMENT,USD,236866.62,SG,SETTLED
PAY-00005229,CLIENT-0370,ACC-001080,2025-11-16,INBOUND,WIRE,USD,76644.41,CA,PENDING
PAY-00005230,CLIENT-0262,ACC-000788,2025-11-22,OUTBOUND,SWIFT,USD,479.41,FR,SETTLED
PAY-00005231,CLIENT-0378,ACC-001098,2025-12-04,OUTBOUND,CARD,USD,194898.55,SG,SETTLED
PAY-00005232,CLIENT-0031,ACC-000084,2025-03-20,OUTBOUND,BOOK_TRANSFER,EUR,215721.44,AE,SETTLED
PAY-00005233,CLIENT-0263,ACC-000789,2025-02-01,OUTBOUND,BOOK_TRANSFER,USD,6019.77,AE,SETTLED
PAY-00005234,CLIENT-0155,ACC-000468,2025-11-12,OUTBOUND,SWIFT,JPY,86472.03,GB,SETTLED
PAY-00005235,CLIENT-0080,ACC-000223,2025-05-06,OUTBOUND,FX_TRANSFER,SGD,46518.48,CH,SETTLED
PAY-00005236,CLIENT-0132,ACC-000393,2025-05-06,INBOUND,SWIFT,USD,12967.70,US,SETTLED
PAY-00005237,CLIENT-0180,ACC-000543,2025-08-16,OUTBOUND,SWIFT,USD,177882.43,CH,SETTLED
PAY-00005238,CLIENT-0195,ACC-000577,2026-02-14,INBOUND,ACH,USD,12128.75,MX,SETTLED
PAY-00005239,CLIENT-0273,ACC-000817,2024-02-14,OUTBOUND,BOOK_TRANSFER,USD,11704.43,FR,SETTLED
PAY-00005240,CLIENT-0194,ACC-000575,2026-07-02,OUTBOUND,FX_TRANSFER,EUR,53386.13,BR,SETTLED
PAY-00005241,CLIENT-0146,ACC-000437,2026-03-01,INBOUND,FX_TRANSFER,USD,45889.63,US,SETTLED
PAY-00005242,CLIENT-0470,ACC-001392,2026-05-22,OUTBOUND,FX_TRANSFER,USD,14095.63,FR,REJECTED
PAY-00005243,CLIENT-0284,ACC-000840,2025-09-23,INBOUND,CARD,USD,4169.59,US,SETTLED
PAY-00005244,CLIENT-0380,ACC-001105,2024-08-30,OUTBOUND,ACH,USD,8418.19,DE,SETTLED
PAY-00005245,CLIENT-0446,ACC-001314,2024-11-22,OUTBOUND,BOOK_TRANSFER,USD,189442.64,AU,SETTLED
PAY-00005246,CLIENT-0455,ACC-001344,2024-09-20,INBOUND,FX_TRANSFER,EUR,67646.71,SG,SETTLED
PAY-00005247,CLIENT-0235,ACC-000704,2024-11-26,OUTBOUND,WIRE,MXN,98990.72,BR,PENDING
PAY-00005248,CLIENT-0136,ACC-000404,2024-03-10,OUTBOUND,REAL_TIME_PAYMENT,CHF,102866.90,NL,PENDING
PAY-00005249,CLIENT-0397,ACC-001161,2025-02-24,OUTBOUND,SEPA,USD,177546.09,US,SETTLED
PAY-00005250,CLIENT-0254,ACC-000763,2025-11-04,INBOUND,SEPA,GBP,7754.41,AE,SETTLED
PAY-00005251,CLIENT-0164,ACC-000495,2025-07-09,OUTBOUND,SEPA,USD,126225.37,MX,SETTLED
PAY-00005252,CLIENT-0018,ACC-000045,2025-05-14,OUTBOUND,REAL_TIME_PAYMENT,SGD,61199.65,GB,SETTLED
PAY-00005253,CLIENT-0392,ACC-001139,2026-04-10,OUTBOUND,CARD,USD,203020.58,AE,SETTLED
PAY-00005254,CLIENT-0303,ACC-000891,2024-08-05,OUTBOUND,WIRE,MXN,14097.70,FR,PENDING
PAY-00005255,CLIENT-0160,ACC-000483,2024-12-25,OUTBOUND,BOOK_TRANSFER,USD,5879.92,AE,SETTLED
PAY-00005256,CLIENT-0083,ACC-000233,2025-02-24,OUTBOUND,FX_TRANSFER,EUR,116308.91,IE,SETTLED
PAY-00005257,CLIENT-0374,ACC-001087,2026-02-10,INBOUND,CARD,GBP,8673.76,AU,SETTLED
PAY-00005258,CLIENT-0072,ACC-000199,2026-05-20,INBOUND,SWIFT,USD,19700.21,AU,SETTLED
PAY-00005259,CLIENT-0120,ACC-000351,2026-07-09,INBOUND,REAL_TIME_PAYMENT,CHF,240682.22,CA,SETTLED
PAY-00005260,CLIENT-0150,ACC-000451,2026-07-08,OUTBOUND,REAL_TIME_PAYMENT,USD,213393.62,GB,SETTLED
PAY-00005261,CLIENT-0019,ACC-000051,2025-10-01,INBOUND,REAL_TIME_PAYMENT,BRL,12913.25,MX,SETTLED
PAY-00005262,CLIENT-0278,ACC-000828,2025-03-01,INBOUND,CARD,EUR,8656.48,BR,SETTLED
PAY-00005263,CLIENT-0162,ACC-000490,2025-06-08,OUTBOUND,BOOK_TRANSFER,EUR,3756.65,BR,SETTLED
PAY-00005264,CLIENT-0261,ACC-000782,2025-01-29,OUTBOUND,ACH,BRL,174136.14,AE,SETTLED
PAY-00005265,CLIENT-0020,ACC-000055,2026-07-14,OUTBOUND,CARD,USD,192093.34,NL,SETTLED
PAY-00005266,CLIENT-0180,ACC-000543,2026-03-01,INBOUND,CARD,USD,150756.64,AE,SETTLED
PAY-00005267,CLIENT-0074,ACC-000206,2025-11-11,OUTBOUND,BOOK_TRANSFER,USD,178521.99,JP,SETTLED
PAY-00005268,CLIENT-0355,ACC-001041,2025-06-09,INBOUND,SEPA,USD,105090.71,IN,SETTLED
PAY-00005269,CLIENT-0180,ACC-000542,2024-01-27,INBOUND,ACH,USD,101474.17,CH,PENDING
PAY-00005270,CLIENT-0028,ACC-000076,2026-03-13,OUTBOUND,FX_TRANSFER,SGD,58749.45,CH,SETTLED
PAY-00005271,CLIENT-0165,ACC-000499,2026-07-30,OUTBOUND,WIRE,INR,3184.68,SG,SETTLED
PAY-00005272,CLIENT-0177,ACC-000532,2026-07-26,INBOUND,CARD,USD,10824.99,US,SETTLED
PAY-00005273,CLIENT-0390,ACC-001135,2026-04-18,OUTBOUND,CARD,EUR,9368.29,IE,SETTLED
PAY-00005274,CLIENT-0465,ACC-001373,2024-01-13,OUTBOUND,WIRE,USD,5711.87,IE,SETTLED
PAY-00005275,CLIENT-0426,ACC-001256,2026-05-18,OUTBOUND,SEPA,USD,92404.97,BR,SETTLED
PAY-00005276,CLIENT-0465,ACC-001376,2026-07-06,OUTBOUND,BOOK_TRANSFER,INR,8736.24,IN,SETTLED
PAY-00005277,CLIENT-0002,ACC-000006,2025-08-08,OUTBOUND,REAL_TIME_PAYMENT,USD,69557.64,CA,SETTLED
PAY-00005278,CLIENT-0215,ACC-000644,2025-07-09,OUTBOUND,SWIFT,SGD,13743.90,JP,SETTLED
PAY-00005279,CLIENT-0348,ACC-001021,2025-11-26,OUTBOUND,SEPA,USD,112576.32,DE,SETTLED
PAY-00005280,CLIENT-0321,ACC-000944,2024-12-22,INBOUND,SEPA,USD,68030.74,FR,SETTLED
PAY-00005281,CLIENT-0357,ACC-001049,2024-01-20,OUTBOUND,ACH,USD,1493.80,AU,PENDING
PAY-00005282,CLIENT-0402,ACC-001177,2025-06-22,INBOUND,FX_TRANSFER,EUR,60749.96,FR,SETTLED
PAY-00005283,CLIENT-0131,ACC-000390,2024-11-20,INBOUND,BOOK_TRANSFER,USD,27019.54,US,SETTLED
PAY-00005284,CLIENT-0226,ACC-000674,2026-04-24,OUTBOUND,WIRE,USD,200516.16,JP,SETTLED
PAY-00005285,CLIENT-0200,ACC-000600,2026-04-26,OUTBOUND,SWIFT,GBP,7108.96,AE,SETTLED
PAY-00005286,CLIENT-0187,ACC-000558,2025-08-11,INBOUND,BOOK_TRANSFER,USD,7417.80,BR,PENDING
PAY-00005287,CLIENT-0401,ACC-001174,2026-04-08,INBOUND,SEPA,EUR,9821.99,MX,REJECTED
PAY-00005288,CLIENT-0038,ACC-000104,2026-05-15,OUTBOUND,FX_TRANSFER,USD,118977.10,SG,SETTLED
PAY-00005289,CLIENT-0136,ACC-000407,2025-09-02,INBOUND,BOOK_TRANSFER,USD,36430.09,AE,SETTLED
PAY-00005290,CLIENT-0011,ACC-000023,2026-05-02,OUTBOUND,FX_TRANSFER,USD,1377.47,IN,SETTLED
PAY-00005291,CLIENT-0146,ACC-000437,2025-12-30,INBOUND,SEPA,USD,196449.48,NL,SETTLED
PAY-00005292,CLIENT-0330,ACC-000969,2024-03-24,INBOUND,SWIFT,EUR,12456.51,CH,SETTLED
PAY-00005293,CLIENT-0316,ACC-000929,2026-02-02,INBOUND,SEPA,USD,138026.14,BR,SETTLED
PAY-00005294,CLIENT-0492,ACC-001468,2025-02-06,OUTBOUND,WIRE,CAD,243605.95,US,SETTLED
PAY-00005295,CLIENT-0257,ACC-000774,2026-07-01,OUTBOUND,SWIFT,EUR,234513.84,IE,SETTLED
PAY-00005296,CLIENT-0269,ACC-000802,2026-02-15,INBOUND,SEPA,BRL,187082.18,JP,SETTLED
PAY-00005297,CLIENT-0179,ACC-000539,2025-07-28,INBOUND,FX_TRANSFER,USD,14877.44,CH,SETTLED
PAY-00005298,CLIENT-0278,ACC-000828,2025-03-26,INBOUND,SEPA,EUR,14904.88,FR,SETTLED
PAY-00005299,CLIENT-0186,ACC-000555,2026-02-16,OUTBOUND,SWIFT,USD,111818.31,FR,SETTLED
PAY-00005300,CLIENT-0464,ACC-001369,2026-07-21,INBOUND,ACH,EUR,67506.87,IN,SETTLED
PAY-00005301,CLIENT-0233,ACC-000700,2024-02-10,OUTBOUND,CARD,USD,229896.47,IE,SETTLED
PAY-00005302,CLIENT-0100,ACC-000289,2026-04-03,INBOUND,FX_TRANSFER,EUR,109976.29,MX,SETTLED
PAY-00005303,CLIENT-0019,ACC-000052,2024-10-11,OUTBOUND,BOOK_TRANSFER,USD,12638.91,IN,REJECTED
PAY-00005304,CLIENT-0411,ACC-001209,2026-05-10,OUTBOUND,SWIFT,USD,142024.26,AU,REJECTED
PAY-00005305,CLIENT-0081,ACC-000224,2026-06-19,OUTBOUND,BOOK_TRANSFER,INR,60777.61,US,SETTLED
PAY-00005306,CLIENT-0451,ACC-001334,2026-07-04,OUTBOUND,CARD,USD,5199.24,FR,SETTLED
PAY-00005307,CLIENT-0256,ACC-000773,2026-04-11,INBOUND,FX_TRANSFER,EUR,9763.80,US,SETTLED
PAY-00005308,CLIENT-0109,ACC-000315,2026-04-03,OUTBOUND,ACH,USD,228868.54,US,SETTLED
PAY-00005309,CLIENT-0431,ACC-001273,2025-11-02,INBOUND,FX_TRANSFER,USD,888.41,DE,SETTLED
PAY-00005310,CLIENT-0199,ACC-000595,2024-03-19,OUTBOUND,SEPA,EUR,13541.19,DE,SETTLED
PAY-00005311,CLIENT-0460,ACC-001358,2025-02-23,OUTBOUND,SWIFT,USD,131264.29,CA,SETTLED
PAY-00005312,CLIENT-0347,ACC-001017,2025-09-30,OUTBOUND,REAL_TIME_PAYMENT,INR,186890.51,US,SETTLED
PAY-00005313,CLIENT-0338,ACC-000986,2026-03-31,OUTBOUND,FX_TRANSFER,USD,8973.26,IE,SETTLED
PAY-00005314,CLIENT-0489,ACC-001459,2026-01-14,INBOUND,REAL_TIME_PAYMENT,GBP,196248.37,JP,SETTLED
PAY-00005315,CLIENT-0221,ACC-000659,2025-03-30,OUTBOUND,SEPA,USD,215144.16,MX,SETTLED
PAY-00005316,CLIENT-0288,ACC-000851,2026-07-08,OUTBOUND,SEPA,BRL,2665.86,CA,SETTLED
PAY-00005317,CLIENT-0346,ACC-001014,2025-03-14,INBOUND,REAL_TIME_PAYMENT,AUD,60764.42,DE,SETTLED
PAY-00005318,CLIENT-0091,ACC-000258,2025-03-28,OUTBOUND,CARD,SGD,3424.34,CH,SETTLED
PAY-00005319,CLIENT-0495,ACC-001477,2026-04-19,OUTBOUND,WIRE,USD,4928.14,CA,SETTLED
PAY-00005320,CLIENT-0156,ACC-000473,2026-04-16,OUTBOUND,REAL_TIME_PAYMENT,USD,155751.42,IN,SETTLED
PAY-00005321,CLIENT-0272,ACC-000813,2026-03-10,OUTBOUND,SEPA,USD,241154.56,JP,SETTLED
PAY-00005322,CLIENT-0131,ACC-000387,2026-05-04,INBOUND,BOOK_TRANSFER,EUR,161301.30,JP,SETTLED
PAY-00005323,CLIENT-0226,ACC-000672,2025-12-05,INBOUND,WIRE,USD,85272.58,AU,SETTLED
PAY-00005324,CLIENT-0462,ACC-001364,2026-01-07,OUTBOUND,CARD,EUR,1481.00,JP,SETTLED
PAY-00005325,CLIENT-0453,ACC-001337,2024-10-03,INBOUND,SWIFT,CAD,157511.84,GB,SETTLED
PAY-00005326,CLIENT-0195,ACC-000578,2025-04-04,OUTBOUND,BOOK_TRANSFER,CAD,5940.53,US,SETTLED
PAY-00005327,CLIENT-0291,ACC-000864,2026-03-06,INBOUND,SEPA,EUR,146234.88,GB,SETTLED
PAY-00005328,CLIENT-0035,ACC-000095,2026-06-15,OUTBOUND,FX_TRANSFER,EUR,15965.47,BR,SETTLED
PAY-00005329,CLIENT-0303,ACC-000891,2024-09-01,INBOUND,SWIFT,MXN,114047.29,IN,SETTLED
PAY-00005330,CLIENT-0264,ACC-000792,2025-07-14,OUTBOUND,REAL_TIME_PAYMENT,USD,9092.18,JP,SETTLED
PAY-00005331,CLIENT-0037,ACC-000100,2026-07-01,INBOUND,FX_TRANSFER,EUR,219911.53,AU,SETTLED
PAY-00005332,CLIENT-0486,ACC-001446,2025-12-30,OUTBOUND,CARD,USD,88856.88,GB,SETTLED
PAY-00005333,CLIENT-0424,ACC-001252,2024-07-21,OUTBOUND,SEPA,USD,12891.61,FR,SETTLED
PAY-00005334,CLIENT-0031,ACC-000087,2026-06-09,OUTBOUND,WIRE,EUR,144263.66,NL,SETTLED
PAY-00005335,CLIENT-0455,ACC-001343,2025-01-17,INBOUND,WIRE,EUR,86324.27,CA,SETTLED
PAY-00005336,CLIENT-0093,ACC-000264,2026-06-05,INBOUND,FX_TRANSFER,USD,134705.06,CH,SETTLED
PAY-00005337,CLIENT-0384,ACC-001118,2025-12-02,INBOUND,CARD,EUR,2362.52,MX,SETTLED
PAY-00005338,CLIENT-0073,ACC-000202,2024-06-23,OUTBOUND,SEPA,USD,4334.55,CA,SETTLED
PAY-00005339,CLIENT-0082,ACC-000226,2026-02-04,OUTBOUND,REAL_TIME_PAYMENT,EUR,14719.44,GB,REJECTED
PAY-00005340,CLIENT-0366,ACC-001068,2026-03-05,INBOUND,FX_TRANSFER,USD,101253.62,GB,SETTLED
PAY-00005341,CLIENT-0243,ACC-000731,2026-06-14,INBOUND,BOOK_TRANSFER,USD,228653.23,IE,SETTLED
PAY-00005342,CLIENT-0021,ACC-000059,2025-02-08,INBOUND,CARD,USD,88627.07,US,SETTLED
PAY-00005343,CLIENT-0297,ACC-000875,2025-08-27,OUTBOUND,ACH,USD,233991.49,US,PENDING
PAY-00005344,CLIENT-0093,ACC-000264,2024-06-16,INBOUND,BOOK_TRANSFER,USD,213971.20,FR,SETTLED
PAY-00005345,CLIENT-0401,ACC-001174,2026-07-29,INBOUND,BOOK_TRANSFER,EUR,14090.07,NL,SETTLED
PAY-00005346,CLIENT-0204,ACC-000611,2026-07-12,INBOUND,BOOK_TRANSFER,USD,6461.53,IN,SETTLED
PAY-00005347,CLIENT-0112,ACC-000326,2024-10-07,OUTBOUND,FX_TRANSFER,USD,57836.28,AE,SETTLED
PAY-00005348,CLIENT-0328,ACC-000965,2025-03-24,OUTBOUND,WIRE,USD,188927.66,CH,SETTLED
PAY-00005349,CLIENT-0399,ACC-001169,2025-10-14,INBOUND,SWIFT,EUR,5114.91,CH,SETTLED
PAY-00005350,CLIENT-0216,ACC-000646,2025-05-29,INBOUND,WIRE,AUD,12645.86,IE,SETTLED
PAY-00005351,CLIENT-0394,ACC-001146,2026-06-22,INBOUND,CARD,USD,6370.30,IE,SETTLED
PAY-00005352,CLIENT-0072,ACC-000199,2026-05-21,OUTBOUND,CARD,USD,31843.41,IE,SETTLED
PAY-00005353,CLIENT-0352,ACC-001033,2026-03-07,OUTBOUND,BOOK_TRANSFER,INR,191431.35,CH,SETTLED
PAY-00005354,CLIENT-0440,ACC-001299,2026-06-24,OUTBOUND,BOOK_TRANSFER,CAD,11864.01,BR,SETTLED
PAY-00005355,CLIENT-0291,ACC-000865,2024-03-19,OUTBOUND,SEPA,EUR,61946.46,IE,SETTLED
PAY-00005356,CLIENT-0377,ACC-001096,2025-10-02,OUTBOUND,ACH,AED,119149.97,CH,SETTLED
PAY-00005357,CLIENT-0352,ACC-001034,2025-08-06,INBOUND,SEPA,BRL,144614.58,CA,SETTLED
PAY-00005358,CLIENT-0340,ACC-000994,2026-06-23,OUTBOUND,BOOK_TRANSFER,USD,2619.55,CA,SETTLED
PAY-00005359,CLIENT-0270,ACC-000806,2025-04-17,INBOUND,SWIFT,CHF,1138.36,US,PENDING
PAY-00005360,CLIENT-0446,ACC-001315,2025-06-21,INBOUND,REAL_TIME_PAYMENT,SGD,244531.33,AU,PENDING
PAY-00005361,CLIENT-0002,ACC-000006,2025-05-04,OUTBOUND,ACH,USD,143499.66,GB,SETTLED
PAY-00005362,CLIENT-0156,ACC-000472,2025-01-16,INBOUND,REAL_TIME_PAYMENT,USD,11489.05,FR,SETTLED
PAY-00005363,CLIENT-0298,ACC-000881,2026-03-26,INBOUND,WIRE,USD,3790.74,CA,SETTLED
PAY-00005364,CLIENT-0073,ACC-000204,2024-01-05,INBOUND,SWIFT,USD,11120.30,NL,SETTLED
PAY-00005365,CLIENT-0048,ACC-000129,2026-05-04,INBOUND,SEPA,USD,72572.24,NL,RETURNED
PAY-00005366,CLIENT-0285,ACC-000845,2026-07-31,OUTBOUND,BOOK_TRANSFER,CHF,8815.76,MX,SETTLED
PAY-00005367,CLIENT-0049,ACC-000135,2026-04-08,OUTBOUND,ACH,USD,188528.83,CH,SETTLED
PAY-00005368,CLIENT-0278,ACC-000828,2025-09-14,INBOUND,REAL_TIME_PAYMENT,EUR,13718.42,CA,SETTLED
PAY-00005369,CLIENT-0012,ACC-000029,2025-08-23,INBOUND,BOOK_TRANSFER,USD,7192.12,FR,RETURNED
PAY-00005370,CLIENT-0039,ACC-000106,2025-12-16,OUTBOUND,SWIFT,GBP,27390.36,IN,PENDING
PAY-00005371,CLIENT-0084,ACC-000234,2026-07-13,OUTBOUND,FX_TRANSFER,USD,201849.53,SG,SETTLED
PAY-00005372,CLIENT-0074,ACC-000205,2024-12-25,INBOUND,CARD,EUR,183002.51,MX,SETTLED
PAY-00005373,CLIENT-0054,ACC-000151,2026-02-01,INBOUND,REAL_TIME_PAYMENT,USD,2540.46,AE,SETTLED
PAY-00005374,CLIENT-0325,ACC-000955,2024-02-16,OUTBOUND,SWIFT,USD,8595.07,SG,SETTLED
PAY-00005375,CLIENT-0437,ACC-001292,2026-07-10,OUTBOUND,FX_TRANSFER,USD,63952.04,AU,SETTLED
PAY-00005376,CLIENT-0172,ACC-000520,2026-07-22,INBOUND,SEPA,EUR,133223.49,CH,SETTLED
PAY-00005377,CLIENT-0417,ACC-001231,2024-10-04,OUTBOUND,SWIFT,BRL,153377.94,NL,SETTLED
PAY-00005378,CLIENT-0359,ACC-001052,2026-07-29,OUTBOUND,WIRE,AUD,19939.57,IN,SETTLED
PAY-00005379,CLIENT-0243,ACC-000733,2026-06-29,OUTBOUND,CARD,USD,157963.21,IN,SETTLED
PAY-00005380,CLIENT-0229,ACC-000683,2025-10-09,INBOUND,REAL_TIME_PAYMENT,EUR,205595.41,CH,SETTLED
PAY-00005381,CLIENT-0149,ACC-000449,2026-04-09,OUTBOUND,SEPA,USD,98793.68,AU,SETTLED
PAY-00005382,CLIENT-0031,ACC-000086,2025-09-11,INBOUND,BOOK_TRANSFER,AED,231324.08,FR,SETTLED
PAY-00005383,CLIENT-0389,ACC-001130,2024-03-14,INBOUND,REAL_TIME_PAYMENT,USD,13404.69,FR,SETTLED
PAY-00005384,CLIENT-0230,ACC-000686,2025-09-23,OUTBOUND,WIRE,JPY,200385.07,IN,SETTLED
PAY-00005385,CLIENT-0248,ACC-000746,2024-07-31,OUTBOUND,BOOK_TRANSFER,GBP,39888.66,FR,REJECTED
PAY-00005386,CLIENT-0427,ACC-001260,2025-08-26,INBOUND,ACH,USD,139802.20,IN,SETTLED
PAY-00005387,CLIENT-0477,ACC-001413,2025-08-25,INBOUND,REAL_TIME_PAYMENT,USD,13851.47,AU,SETTLED
PAY-00005388,CLIENT-0326,ACC-000957,2024-11-11,INBOUND,SWIFT,USD,42273.68,MX,SETTLED
PAY-00005389,CLIENT-0466,ACC-001380,2026-03-31,OUTBOUND,SEPA,INR,35272.15,FR,PENDING
PAY-00005390,CLIENT-0304,ACC-000892,2026-03-27,INBOUND,REAL_TIME_PAYMENT,USD,13069.11,MX,SETTLED
PAY-00005391,CLIENT-0124,ACC-000369,2026-06-06,OUTBOUND,WIRE,USD,26488.45,AU,SETTLED
PAY-00005392,CLIENT-0482,ACC-001431,2026-06-12,OUTBOUND,CARD,USD,69331.91,MX,SETTLED
PAY-00005393,CLIENT-0427,ACC-001261,2026-04-02,INBOUND,ACH,USD,53543.11,FR,SETTLED
PAY-00005394,CLIENT-0135,ACC-000401,2024-07-01,INBOUND,SWIFT,CAD,777.67,CH,SETTLED
PAY-00005395,CLIENT-0450,ACC-001327,2026-07-14,OUTBOUND,CARD,EUR,189885.05,JP,PENDING
PAY-00005396,CLIENT-0282,ACC-000838,2025-11-05,OUTBOUND,FX_TRANSFER,EUR,7567.95,CA,SETTLED
PAY-00005397,CLIENT-0488,ACC-001453,2026-03-05,OUTBOUND,BOOK_TRANSFER,USD,2626.65,NL,SETTLED
PAY-00005398,CLIENT-0416,ACC-001229,2024-01-26,OUTBOUND,BOOK_TRANSFER,USD,214928.78,CH,SETTLED
PAY-00005399,CLIENT-0210,ACC-000626,2025-12-11,OUTBOUND,REAL_TIME_PAYMENT,MXN,120459.62,JP,SETTLED
PAY-00005400,CLIENT-0291,ACC-000862,2026-01-23,OUTBOUND,BOOK_TRANSFER,GBP,185870.04,DE,SETTLED
PAY-00005401,CLIENT-0334,ACC-000978,2026-05-30,OUTBOUND,SEPA,USD,163253.72,CA,SETTLED
PAY-00005402,CLIENT-0327,ACC-000961,2025-08-21,INBOUND,REAL_TIME_PAYMENT,USD,78886.64,AU,SETTLED
PAY-00005403,CLIENT-0010,ACC-000018,2025-07-28,OUTBOUND,SWIFT,CAD,153379.73,BR,SETTLED
PAY-00005404,CLIENT-0421,ACC-001245,2026-02-06,INBOUND,CARD,USD,29719.78,AE,SETTLED
PAY-00005405,CLIENT-0215,ACC-000640,2026-07-13,INBOUND,BOOK_TRANSFER,EUR,14458.58,US,SETTLED
PAY-00005406,CLIENT-0434,ACC-001281,2026-03-06,OUTBOUND,FX_TRANSFER,AED,183605.80,MX,SETTLED
PAY-00005407,CLIENT-0396,ACC-001158,2026-01-29,INBOUND,CARD,USD,59071.35,DE,SETTLED
PAY-00005408,CLIENT-0451,ACC-001330,2025-10-08,OUTBOUND,BOOK_TRANSFER,USD,5876.10,US,PENDING
PAY-00005409,CLIENT-0115,ACC-000335,2026-07-27,OUTBOUND,ACH,USD,11477.05,FR,SETTLED
PAY-00005410,CLIENT-0313,ACC-000922,2026-07-10,INBOUND,WIRE,USD,51532.39,IE,SETTLED
PAY-00005411,CLIENT-0397,ACC-001161,2024-05-22,OUTBOUND,CARD,USD,48922.36,FR,SETTLED
PAY-00005412,CLIENT-0439,ACC-001296,2026-04-11,OUTBOUND,SEPA,MXN,96272.83,BR,RETURNED
PAY-00005413,CLIENT-0233,ACC-000700,2025-05-21,OUTBOUND,ACH,USD,3053.80,NL,SETTLED
PAY-00005414,CLIENT-0015,ACC-000034,2024-05-25,OUTBOUND,FX_TRANSFER,USD,117071.06,US,PENDING
PAY-00005415,CLIENT-0109,ACC-000314,2026-06-05,OUTBOUND,FX_TRANSFER,USD,89307.65,SG,SETTLED
PAY-00005416,CLIENT-0356,ACC-001044,2025-03-31,OUTBOUND,FX_TRANSFER,USD,219482.49,CH,SETTLED
PAY-00005417,CLIENT-0113,ACC-000329,2024-07-22,INBOUND,FX_TRANSFER,USD,136940.76,BR,RETURNED
PAY-00005418,CLIENT-0004,ACC-000009,2025-07-28,OUTBOUND,ACH,JPY,70155.98,CA,PENDING
PAY-00005419,CLIENT-0210,ACC-000627,2024-11-21,OUTBOUND,SWIFT,USD,98090.70,MX,SETTLED
PAY-00005420,CLIENT-0395,ACC-001150,2025-12-12,INBOUND,REAL_TIME_PAYMENT,USD,83177.17,SG,SETTLED
PAY-00005421,CLIENT-0398,ACC-001165,2024-12-23,OUTBOUND,REAL_TIME_PAYMENT,CAD,2779.99,GB,SETTLED
PAY-00005422,CLIENT-0243,ACC-000733,2026-07-17,INBOUND,REAL_TIME_PAYMENT,USD,234840.97,AE,SETTLED
PAY-00005423,CLIENT-0197,ACC-000586,2026-03-05,OUTBOUND,FX_TRANSFER,USD,124872.83,BR,SETTLED
PAY-00005424,CLIENT-0006,ACC-000011,2024-04-24,OUTBOUND,SWIFT,EUR,2526.58,IN,SETTLED
PAY-00005425,CLIENT-0110,ACC-000319,2025-02-21,INBOUND,CARD,CAD,7671.72,CA,SETTLED
PAY-00005426,CLIENT-0136,ACC-000406,2024-02-15,OUTBOUND,SWIFT,USD,8568.18,JP,SETTLED
PAY-00005427,CLIENT-0201,ACC-000603,2025-02-26,INBOUND,BOOK_TRANSFER,USD,10853.92,AE,PENDING
PAY-00005428,CLIENT-0185,ACC-000554,2026-04-22,OUTBOUND,FX_TRANSFER,EUR,96192.20,CH,SETTLED
PAY-00005429,CLIENT-0056,ACC-000158,2024-03-09,OUTBOUND,ACH,AUD,196706.00,NL,SETTLED
PAY-00005430,CLIENT-0137,ACC-000410,2026-07-18,OUTBOUND,WIRE,JPY,201174.05,GB,SETTLED
PAY-00005431,CLIENT-0418,ACC-001237,2025-09-04,INBOUND,SWIFT,USD,97412.34,US,PENDING
PAY-00005432,CLIENT-0440,ACC-001300,2026-06-25,OUTBOUND,FX_TRANSFER,USD,12810.31,FR,SETTLED
PAY-00005433,CLIENT-0183,ACC-000549,2025-04-14,OUTBOUND,SWIFT,USD,7343.22,IE,SETTLED
PAY-00005434,CLIENT-0489,ACC-001457,2026-05-08,OUTBOUND,FX_TRANSFER,EUR,174157.09,IN,SETTLED
PAY-00005435,CLIENT-0126,ACC-000375,2026-01-10,OUTBOUND,WIRE,CAD,11610.49,NL,SETTLED
PAY-00005436,CLIENT-0440,ACC-001299,2026-04-13,INBOUND,CARD,CAD,13725.98,SG,SETTLED
PAY-00005437,CLIENT-0478,ACC-001417,2025-08-22,OUTBOUND,REAL_TIME_PAYMENT,USD,40024.03,CH,SETTLED
PAY-00005438,CLIENT-0353,ACC-001036,2025-09-20,OUTBOUND,CARD,USD,1267.73,IE,SETTLED
PAY-00005439,CLIENT-0208,ACC-000618,2025-11-08,OUTBOUND,CARD,AED,68752.59,FR,SETTLED
PAY-00005440,CLIENT-0449,ACC-001322,2025-02-04,INBOUND,WIRE,USD,211916.90,CA,SETTLED
PAY-00005441,CLIENT-0451,ACC-001334,2026-04-30,INBOUND,REAL_TIME_PAYMENT,USD,5104.53,FR,SETTLED
PAY-00005442,CLIENT-0109,ACC-000311,2026-01-27,OUTBOUND,FX_TRANSFER,USD,195337.40,AE,SETTLED
PAY-00005443,CLIENT-0107,ACC-000306,2025-11-20,INBOUND,WIRE,EUR,62708.11,AE,PENDING
PAY-00005444,CLIENT-0197,ACC-000589,2026-02-01,OUTBOUND,WIRE,USD,233574.05,AE,SETTLED
PAY-00005445,CLIENT-0067,ACC-000184,2025-12-25,OUTBOUND,SEPA,USD,152606.01,JP,SETTLED
PAY-00005446,CLIENT-0398,ACC-001165,2024-11-24,INBOUND,BOOK_TRANSFER,CAD,12787.23,CH,PENDING
PAY-00005447,CLIENT-0463,ACC-001366,2026-07-31,OUTBOUND,ACH,EUR,7058.69,BR,SETTLED
PAY-00005448,CLIENT-0016,ACC-000040,2024-01-20,INBOUND,FX_TRANSFER,USD,4117.99,AU,SETTLED
PAY-00005449,CLIENT-0247,ACC-000743,2026-02-09,OUTBOUND,SEPA,MXN,108724.64,IE,PENDING
PAY-00005450,CLIENT-0297,ACC-000878,2024-12-01,INBOUND,FX_TRANSFER,USD,222373.59,SG,SETTLED
PAY-00005451,CLIENT-0092,ACC-000261,2025-10-05,INBOUND,WIRE,AUD,92956.92,IE,SETTLED
PAY-00005452,CLIENT-0418,ACC-001234,2025-11-05,OUTBOUND,ACH,USD,240642.50,AE,PENDING
PAY-00005453,CLIENT-0117,ACC-000345,2025-07-08,INBOUND,SWIFT,USD,185670.23,NL,SETTLED
PAY-00005454,CLIENT-0107,ACC-000307,2025-01-25,INBOUND,BOOK_TRANSFER,JPY,119016.00,AE,SETTLED
PAY-00005455,CLIENT-0073,ACC-000204,2024-04-12,OUTBOUND,SEPA,USD,7422.73,AE,SETTLED
PAY-00005456,CLIENT-0120,ACC-000352,2026-06-04,OUTBOUND,WIRE,CHF,47361.19,NL,SETTLED
PAY-00005457,CLIENT-0070,ACC-000195,2026-07-06,INBOUND,SWIFT,USD,11682.49,BR,SETTLED
PAY-00005458,CLIENT-0331,ACC-000971,2026-07-25,INBOUND,BOOK_TRANSFER,USD,20695.22,MX,REJECTED
PAY-00005459,CLIENT-0033,ACC-000089,2024-07-26,INBOUND,SWIFT,INR,196300.10,DE,SETTLED
PAY-00005460,CLIENT-0434,ACC-001277,2025-11-06,OUTBOUND,BOOK_TRANSFER,USD,21538.89,GB,SETTLED
PAY-00005461,CLIENT-0467,ACC-001381,2026-05-24,OUTBOUND,REAL_TIME_PAYMENT,USD,13849.04,IN,SETTLED
PAY-00005462,CLIENT-0477,ACC-001412,2026-03-10,OUTBOUND,ACH,USD,11275.13,NL,SETTLED
PAY-00005463,CLIENT-0341,ACC-001000,2026-06-23,INBOUND,SEPA,USD,12773.54,AU,SETTLED
PAY-00005464,CLIENT-0046,ACC-000121,2026-05-20,OUTBOUND,BOOK_TRANSFER,USD,12213.59,JP,SETTLED
PAY-00005465,CLIENT-0105,ACC-000300,2026-06-03,OUTBOUND,FX_TRANSFER,USD,7924.77,SG,SETTLED
PAY-00005466,CLIENT-0326,ACC-000958,2024-10-23,INBOUND,WIRE,USD,160754.90,BR,SETTLED
PAY-00005467,CLIENT-0364,ACC-001064,2026-06-14,OUTBOUND,FX_TRANSFER,USD,212987.78,GB,SETTLED
PAY-00005468,CLIENT-0122,ACC-000360,2026-06-23,OUTBOUND,ACH,USD,164059.45,BR,SETTLED
PAY-00005469,CLIENT-0497,ACC-001481,2026-05-22,OUTBOUND,CARD,USD,23452.06,SG,SETTLED
PAY-00005470,CLIENT-0290,ACC-000859,2026-05-05,OUTBOUND,CARD,EUR,2748.63,AU,SETTLED
PAY-00005471,CLIENT-0064,ACC-000176,2024-04-14,OUTBOUND,ACH,USD,207468.79,NL,SETTLED
PAY-00005472,CLIENT-0441,ACC-001303,2025-08-13,OUTBOUND,ACH,USD,4950.81,IE,SETTLED
PAY-00005473,CLIENT-0213,ACC-000634,2026-01-26,OUTBOUND,REAL_TIME_PAYMENT,USD,181773.58,SG,SETTLED
PAY-00005474,CLIENT-0461,ACC-001361,2026-03-01,INBOUND,CARD,USD,64133.50,FR,SETTLED
PAY-00005475,CLIENT-0159,ACC-000480,2024-02-09,INBOUND,SWIFT,BRL,144128.92,JP,SETTLED
PAY-00005476,CLIENT-0378,ACC-001098,2026-02-12,INBOUND,SEPA,USD,135174.35,MX,SETTLED
PAY-00005477,CLIENT-0474,ACC-001403,2026-03-18,INBOUND,BOOK_TRANSFER,CHF,92532.35,SG,SETTLED
PAY-00005478,CLIENT-0291,ACC-000863,2025-03-12,INBOUND,WIRE,EUR,163917.39,SG,SETTLED
PAY-00005479,CLIENT-0314,ACC-000923,2026-07-24,OUTBOUND,WIRE,EUR,140386.37,GB,PENDING
PAY-00005480,CLIENT-0362,ACC-001058,2025-03-10,OUTBOUND,FX_TRANSFER,USD,223949.09,AU,SETTLED
PAY-00005481,CLIENT-0149,ACC-000449,2026-01-06,INBOUND,ACH,USD,93908.26,JP,SETTLED
PAY-00005482,CLIENT-0209,ACC-000623,2025-11-29,OUTBOUND,SWIFT,USD,174679.76,GB,SETTLED
PAY-00005483,CLIENT-0429,ACC-001267,2025-02-27,INBOUND,REAL_TIME_PAYMENT,USD,126698.80,IE,PENDING
PAY-00005484,CLIENT-0200,ACC-000601,2024-09-19,OUTBOUND,WIRE,AUD,4143.32,JP,SETTLED
PAY-00005485,CLIENT-0464,ACC-001369,2025-02-23,OUTBOUND,SEPA,EUR,169159.65,IN,SETTLED
PAY-00005486,CLIENT-0237,ACC-000713,2026-07-29,INBOUND,BOOK_TRANSFER,CAD,176766.63,JP,SETTLED
PAY-00005487,CLIENT-0262,ACC-000785,2024-07-26,OUTBOUND,FX_TRANSFER,USD,7362.84,IN,SETTLED
PAY-00005488,CLIENT-0430,ACC-001268,2025-10-31,INBOUND,SEPA,INR,114111.88,IN,SETTLED
PAY-00005489,CLIENT-0112,ACC-000324,2025-06-15,INBOUND,FX_TRANSFER,USD,22500.30,JP,SETTLED
PAY-00005490,CLIENT-0402,ACC-001178,2025-04-10,INBOUND,ACH,EUR,56591.77,CH,SETTLED
PAY-00005491,CLIENT-0149,ACC-000448,2026-04-08,OUTBOUND,BOOK_TRANSFER,EUR,43691.84,DE,SETTLED
PAY-00005492,CLIENT-0255,ACC-000769,2025-10-29,OUTBOUND,BOOK_TRANSFER,INR,245921.52,CA,SETTLED
PAY-00005493,CLIENT-0337,ACC-000985,2025-06-28,INBOUND,SEPA,CAD,11701.96,SG,SETTLED
PAY-00005494,CLIENT-0230,ACC-000685,2025-12-16,OUTBOUND,BOOK_TRANSFER,JPY,79132.40,CA,SETTLED
PAY-00005495,CLIENT-0236,ACC-000709,2026-07-15,OUTBOUND,CARD,USD,12271.55,JP,SETTLED
PAY-00005496,CLIENT-0349,ACC-001022,2026-04-25,OUTBOUND,ACH,GBP,201818.98,IE,SETTLED
PAY-00005497,CLIENT-0378,ACC-001098,2026-05-09,OUTBOUND,SWIFT,USD,191243.36,FR,SETTLED
PAY-00005498,CLIENT-0103,ACC-000293,2025-08-30,OUTBOUND,SEPA,USD,41251.71,AE,SETTLED
PAY-00005499,CLIENT-0102,ACC-000291,2025-08-29,OUTBOUND,BOOK_TRANSFER,USD,96156.25,CH,PENDING
PAY-00005500,CLIENT-0316,ACC-000928,2025-09-12,OUTBOUND,FX_TRANSFER,USD,211745.94,AU,SETTLED
PAY-00005501,CLIENT-0034,ACC-000091,2024-08-20,OUTBOUND,SEPA,USD,40755.24,GB,SETTLED
PAY-00005502,CLIENT-0134,ACC-000398,2026-05-13,INBOUND,WIRE,USD,19684.09,NL,SETTLED
PAY-00005503,CLIENT-0414,ACC-001220,2026-04-22,INBOUND,ACH,USD,181439.63,IE,SETTLED
PAY-00005504,CLIENT-0388,ACC-001127,2025-08-16,OUTBOUND,CARD,EUR,233863.16,CA,SETTLED
PAY-00005505,CLIENT-0455,ACC-001342,2025-07-19,OUTBOUND,CARD,USD,31669.15,GB,SETTLED
PAY-00005506,CLIENT-0154,ACC-000463,2024-10-19,INBOUND,SWIFT,USD,13769.51,NL,SETTLED
PAY-00005507,CLIENT-0480,ACC-001424,2024-07-15,OUTBOUND,SWIFT,MXN,2858.72,CH,SETTLED
PAY-00005508,CLIENT-0478,ACC-001414,2024-12-03,OUTBOUND,ACH,CAD,147775.01,JP,SETTLED
PAY-00005509,CLIENT-0233,ACC-000696,2025-01-23,INBOUND,FX_TRANSFER,AUD,90573.64,CA,REJECTED
PAY-00005510,CLIENT-0455,ACC-001344,2024-09-23,INBOUND,CARD,EUR,185672.40,AE,PENDING
PAY-00005511,CLIENT-0222,ACC-000664,2025-07-01,INBOUND,WIRE,USD,155642.30,CA,SETTLED
PAY-00005512,CLIENT-0334,ACC-000978,2026-01-15,OUTBOUND,ACH,USD,164666.42,SG,SETTLED
PAY-00005513,CLIENT-0374,ACC-001087,2026-05-05,INBOUND,SWIFT,GBP,1634.67,CA,SETTLED
PAY-00005514,CLIENT-0249,ACC-000750,2026-01-01,INBOUND,ACH,EUR,214090.01,MX,PENDING
PAY-00005515,CLIENT-0348,ACC-001019,2026-07-05,OUTBOUND,FX_TRANSFER,USD,197384.25,MX,SETTLED
PAY-00005516,CLIENT-0059,ACC-000164,2024-03-12,INBOUND,BOOK_TRANSFER,MXN,222725.73,JP,SETTLED
PAY-00005517,CLIENT-0284,ACC-000842,2024-09-12,OUTBOUND,BOOK_TRANSFER,USD,126507.93,CA,SETTLED
PAY-00005518,CLIENT-0240,ACC-000722,2026-06-27,INBOUND,WIRE,USD,3732.37,IN,SETTLED
PAY-00005519,CLIENT-0332,ACC-000973,2026-04-08,INBOUND,WIRE,USD,246042.52,IN,SETTLED
PAY-00005520,CLIENT-0196,ACC-000583,2024-09-20,OUTBOUND,BOOK_TRANSFER,USD,112089.34,NL,SETTLED
PAY-00005521,CLIENT-0248,ACC-000747,2026-02-08,OUTBOUND,ACH,USD,248476.77,US,PENDING
PAY-00005522,CLIENT-0427,ACC-001262,2024-10-15,OUTBOUND,SEPA,USD,92170.17,AU,SETTLED
PAY-00005523,CLIENT-0460,ACC-001358,2024-02-19,OUTBOUND,BOOK_TRANSFER,USD,178884.55,GB,SETTLED
PAY-00005524,CLIENT-0074,ACC-000209,2026-04-11,OUTBOUND,ACH,EUR,49714.69,IN,SETTLED
PAY-00005525,CLIENT-0272,ACC-000813,2026-06-17,OUTBOUND,REAL_TIME_PAYMENT,USD,210379.12,IE,SETTLED
PAY-00005526,CLIENT-0305,ACC-000895,2025-10-29,INBOUND,FX_TRANSFER,USD,9133.62,IE,SETTLED
PAY-00005527,CLIENT-0216,ACC-000646,2025-03-19,OUTBOUND,SWIFT,AUD,11817.06,MX,PENDING
PAY-00005528,CLIENT-0125,ACC-000373,2024-07-14,INBOUND,SWIFT,USD,178584.51,CA,SETTLED
PAY-00005529,CLIENT-0484,ACC-001438,2026-04-16,OUTBOUND,SWIFT,USD,106505.10,DE,SETTLED
PAY-00005530,CLIENT-0082,ACC-000228,2025-03-26,OUTBOUND,REAL_TIME_PAYMENT,JPY,9799.35,US,SETTLED
PAY-00005531,CLIENT-0106,ACC-000301,2026-06-10,INBOUND,WIRE,USD,206431.06,CA,SETTLED
PAY-00005532,CLIENT-0369,ACC-001077,2026-05-19,INBOUND,WIRE,USD,55258.35,IN,SETTLED
PAY-00005533,CLIENT-0490,ACC-001465,2024-08-17,OUTBOUND,BOOK_TRANSFER,BRL,6786.65,MX,SETTLED
PAY-00005534,CLIENT-0339,ACC-000991,2026-04-27,OUTBOUND,REAL_TIME_PAYMENT,USD,107953.19,DE,SETTLED
PAY-00005535,CLIENT-0429,ACC-001267,2025-08-26,OUTBOUND,BOOK_TRANSFER,USD,152069.22,CH,SETTLED
PAY-00005536,CLIENT-0058,ACC-000161,2025-08-20,OUTBOUND,WIRE,USD,13920.79,IE,SETTLED
PAY-00005537,CLIENT-0027,ACC-000072,2025-04-21,OUTBOUND,BOOK_TRANSFER,USD,29826.76,AE,REJECTED
PAY-00005538,CLIENT-0356,ACC-001047,2024-06-02,INBOUND,FX_TRANSFER,GBP,105339.95,FR,SETTLED
PAY-00005539,CLIENT-0002,ACC-000006,2025-11-07,INBOUND,SEPA,USD,165966.69,MX,SETTLED
PAY-00005540,CLIENT-0442,ACC-001307,2026-06-12,INBOUND,ACH,CAD,10904.20,AE,SETTLED
PAY-00005541,CLIENT-0456,ACC-001346,2025-08-05,OUTBOUND,REAL_TIME_PAYMENT,USD,44170.06,AU,SETTLED
PAY-00005542,CLIENT-0156,ACC-000470,2025-10-17,INBOUND,SEPA,USD,158820.67,US,SETTLED
PAY-00005543,CLIENT-0283,ACC-000839,2024-11-20,INBOUND,REAL_TIME_PAYMENT,GBP,20019.02,MX,SETTLED
PAY-00005544,CLIENT-0484,ACC-001437,2025-12-15,INBOUND,SEPA,USD,64813.19,CH,REJECTED
PAY-00005545,CLIENT-0167,ACC-000503,2024-03-26,OUTBOUND,SWIFT,EUR,132321.79,IN,SETTLED
PAY-00005546,CLIENT-0233,ACC-000699,2024-04-04,OUTBOUND,CARD,AUD,55646.10,MX,SETTLED
PAY-00005547,CLIENT-0090,ACC-000253,2024-10-16,OUTBOUND,WIRE,EUR,41092.69,FR,SETTLED
PAY-00005548,CLIENT-0317,ACC-000930,2026-03-08,OUTBOUND,WIRE,USD,97393.93,SG,SETTLED
PAY-00005549,CLIENT-0171,ACC-000518,2025-08-20,OUTBOUND,REAL_TIME_PAYMENT,EUR,129932.59,DE,SETTLED
PAY-00005550,CLIENT-0177,ACC-000531,2025-09-06,OUTBOUND,CARD,USD,10423.36,SG,SETTLED
PAY-00005551,CLIENT-0129,ACC-000382,2024-09-25,INBOUND,SEPA,USD,666.87,AU,SETTLED
PAY-00005552,CLIENT-0016,ACC-000041,2026-04-22,INBOUND,WIRE,USD,7074.57,IE,SETTLED
PAY-00005553,CLIENT-0416,ACC-001227,2025-01-05,INBOUND,SEPA,USD,59894.49,MX,SETTLED
PAY-00005554,CLIENT-0178,ACC-000535,2025-08-15,INBOUND,SEPA,CAD,106031.38,IE,SETTLED
PAY-00005555,CLIENT-0233,ACC-000698,2025-10-02,INBOUND,BOOK_TRANSFER,USD,100102.95,DE,PENDING
PAY-00005556,CLIENT-0437,ACC-001292,2025-12-08,OUTBOUND,FX_TRANSFER,USD,58055.64,GB,SETTLED
PAY-00005557,CLIENT-0311,ACC-000919,2026-06-30,INBOUND,REAL_TIME_PAYMENT,INR,104588.16,US,SETTLED
PAY-00005558,CLIENT-0188,ACC-000565,2026-06-20,INBOUND,CARD,USD,220687.96,BR,SETTLED
PAY-00005559,CLIENT-0278,ACC-000830,2026-07-06,INBOUND,WIRE,EUR,7177.47,MX,SETTLED
PAY-00005560,CLIENT-0276,ACC-000825,2026-07-09,INBOUND,CARD,USD,31403.26,US,PENDING
PAY-00005561,CLIENT-0156,ACC-000469,2026-07-07,OUTBOUND,ACH,USD,248501.35,SG,SETTLED
PAY-00005562,CLIENT-0147,ACC-000440,2025-10-24,INBOUND,SWIFT,USD,82472.09,SG,SETTLED
PAY-00005563,CLIENT-0347,ACC-001017,2026-05-30,OUTBOUND,WIRE,INR,234535.92,CA,SETTLED
PAY-00005564,CLIENT-0354,ACC-001038,2025-11-19,INBOUND,BOOK_TRANSFER,EUR,53787.07,AE,SETTLED
PAY-00005565,CLIENT-0055,ACC-000155,2026-07-29,INBOUND,REAL_TIME_PAYMENT,EUR,238204.87,DE,SETTLED
PAY-00005566,CLIENT-0070,ACC-000194,2026-05-19,OUTBOUND,WIRE,USD,133442.26,AE,SETTLED
PAY-00005567,CLIENT-0041,ACC-000114,2025-11-15,INBOUND,SEPA,USD,2833.11,SG,SETTLED
PAY-00005568,CLIENT-0114,ACC-000330,2026-03-05,INBOUND,BOOK_TRANSFER,AUD,214050.91,IN,SETTLED
PAY-00005569,CLIENT-0130,ACC-000386,2026-03-17,OUTBOUND,SEPA,USD,10151.40,BR,SETTLED
PAY-00005570,CLIENT-0178,ACC-000537,2026-04-26,INBOUND,WIRE,CAD,213473.48,NL,SETTLED
PAY-00005571,CLIENT-0102,ACC-000291,2026-02-03,OUTBOUND,ACH,USD,179493.98,AU,SETTLED
PAY-00005572,CLIENT-0382,ACC-001111,2026-05-17,OUTBOUND,SWIFT,USD,13057.21,FR,SETTLED
PAY-00005573,CLIENT-0085,ACC-000241,2024-07-07,OUTBOUND,WIRE,USD,10576.64,MX,SETTLED
PAY-00005574,CLIENT-0296,ACC-000872,2025-04-13,OUTBOUND,SWIFT,GBP,88567.31,AE,SETTLED
PAY-00005575,CLIENT-0267,ACC-000797,2024-11-04,OUTBOUND,BOOK_TRANSFER,USD,5064.76,IE,SETTLED
PAY-00005576,CLIENT-0095,ACC-000270,2024-04-04,OUTBOUND,WIRE,USD,18726.84,SG,SETTLED
PAY-00005577,CLIENT-0089,ACC-000252,2026-05-13,OUTBOUND,SEPA,USD,131600.24,AU,SETTLED
PAY-00005578,CLIENT-0135,ACC-000401,2025-09-20,OUTBOUND,BOOK_TRANSFER,CAD,9503.76,AU,SETTLED
PAY-00005579,CLIENT-0483,ACC-001435,2025-02-11,INBOUND,SEPA,CAD,5140.81,CA,PENDING
PAY-00005580,CLIENT-0386,ACC-001121,2024-08-25,OUTBOUND,BOOK_TRANSFER,USD,71246.30,DE,SETTLED
PAY-00005581,CLIENT-0226,ACC-000672,2026-03-10,OUTBOUND,REAL_TIME_PAYMENT,USD,212781.73,MX,PENDING
PAY-00005582,CLIENT-0146,ACC-000435,2026-03-15,OUTBOUND,REAL_TIME_PAYMENT,CAD,2529.06,AU,PENDING
PAY-00005583,CLIENT-0041,ACC-000113,2026-07-11,OUTBOUND,ACH,USD,4400.33,JP,PENDING
PAY-00005584,CLIENT-0434,ACC-001277,2025-05-30,INBOUND,WIRE,USD,183528.43,AE,SETTLED
PAY-00005585,CLIENT-0405,ACC-001190,2026-06-06,OUTBOUND,REAL_TIME_PAYMENT,USD,162301.49,MX,SETTLED
PAY-00005586,CLIENT-0138,ACC-000412,2024-11-20,OUTBOUND,ACH,MXN,210045.68,MX,SETTLED
PAY-00005587,CLIENT-0481,ACC-001429,2026-06-02,OUTBOUND,REAL_TIME_PAYMENT,CAD,133316.00,SG,SETTLED
PAY-00005588,CLIENT-0268,ACC-000801,2026-06-22,INBOUND,FX_TRANSFER,EUR,228096.86,AE,SETTLED
PAY-00005589,CLIENT-0369,ACC-001076,2025-02-23,OUTBOUND,BOOK_TRANSFER,USD,240009.53,AE,SETTLED
PAY-00005590,CLIENT-0475,ACC-001405,2024-04-02,OUTBOUND,SWIFT,EUR,16355.35,IN,SETTLED
PAY-00005591,CLIENT-0073,ACC-000203,2025-09-25,INBOUND,ACH,EUR,13739.30,CH,SETTLED
PAY-00005592,CLIENT-0095,ACC-000268,2025-02-01,INBOUND,BOOK_TRANSFER,SGD,98247.67,JP,SETTLED
PAY-00005593,CLIENT-0145,ACC-000434,2026-07-16,INBOUND,CARD,USD,166853.26,SG,SETTLED
PAY-00005594,CLIENT-0062,ACC-000169,2026-06-28,OUTBOUND,WIRE,EUR,72103.94,IN,SETTLED
PAY-00005595,CLIENT-0253,ACC-000758,2026-06-01,INBOUND,SWIFT,JPY,92017.97,CH,SETTLED
PAY-00005596,CLIENT-0099,ACC-000285,2026-02-23,INBOUND,REAL_TIME_PAYMENT,EUR,166915.66,GB,SETTLED
PAY-00005597,CLIENT-0389,ACC-001131,2025-01-10,INBOUND,REAL_TIME_PAYMENT,USD,2785.93,NL,SETTLED
PAY-00005598,CLIENT-0078,ACC-000217,2026-07-22,OUTBOUND,ACH,USD,2082.67,IE,SETTLED
PAY-00005599,CLIENT-0074,ACC-000208,2025-08-03,OUTBOUND,CARD,USD,30236.49,DE,RETURNED
PAY-00005600,CLIENT-0238,ACC-000718,2026-02-20,OUTBOUND,CARD,USD,87817.07,FR,SETTLED
PAY-00005601,CLIENT-0198,ACC-000591,2025-04-20,INBOUND,FX_TRANSFER,GBP,3251.94,NL,SETTLED
PAY-00005602,CLIENT-0123,ACC-000365,2025-05-25,INBOUND,WIRE,INR,189594.93,JP,SETTLED
PAY-00005603,CLIENT-0165,ACC-000498,2025-08-09,INBOUND,BOOK_TRANSFER,USD,8982.24,AE,SETTLED
PAY-00005604,CLIENT-0376,ACC-001092,2026-03-14,INBOUND,REAL_TIME_PAYMENT,EUR,153935.79,GB,SETTLED
PAY-00005605,CLIENT-0341,ACC-000998,2026-07-05,INBOUND,FX_TRANSFER,USD,12760.44,US,SETTLED
PAY-00005606,CLIENT-0044,ACC-000117,2026-05-27,OUTBOUND,FX_TRANSFER,BRL,218669.48,FR,REJECTED
PAY-00005607,CLIENT-0305,ACC-000898,2026-06-28,OUTBOUND,BOOK_TRANSFER,CAD,4985.50,GB,SETTLED
PAY-00005608,CLIENT-0148,ACC-000443,2024-12-24,OUTBOUND,SWIFT,USD,181091.31,CH,SETTLED
PAY-00005609,CLIENT-0487,ACC-001450,2026-04-11,INBOUND,SWIFT,USD,233811.12,CA,PENDING
PAY-00005610,CLIENT-0226,ACC-000672,2024-11-26,OUTBOUND,REAL_TIME_PAYMENT,USD,155474.81,GB,PENDING
PAY-00005611,CLIENT-0159,ACC-000480,2024-04-19,OUTBOUND,CARD,BRL,238422.24,AU,PENDING
PAY-00005612,CLIENT-0472,ACC-001398,2024-06-18,OUTBOUND,WIRE,USD,122433.17,AE,SETTLED
PAY-00005613,CLIENT-0003,ACC-000007,2024-08-24,OUTBOUND,CARD,EUR,94404.33,AU,PENDING
PAY-00005614,CLIENT-0288,ACC-000855,2025-08-25,OUTBOUND,CARD,BRL,131034.08,SG,SETTLED
PAY-00005615,CLIENT-0052,ACC-000143,2025-08-04,INBOUND,REAL_TIME_PAYMENT,USD,94737.17,GB,SETTLED
PAY-00005616,CLIENT-0359,ACC-001053,2026-05-04,INBOUND,FX_TRANSFER,USD,115798.15,MX,SETTLED
PAY-00005617,CLIENT-0244,ACC-000737,2025-08-24,OUTBOUND,FX_TRANSFER,USD,14348.13,FR,SETTLED
PAY-00005618,CLIENT-0360,ACC-001055,2026-05-07,INBOUND,SEPA,INR,11987.34,AE,SETTLED
PAY-00005619,CLIENT-0456,ACC-001348,2024-11-26,OUTBOUND,BOOK_TRANSFER,USD,221737.82,SG,SETTLED
PAY-00005620,CLIENT-0436,ACC-001288,2026-06-18,INBOUND,REAL_TIME_PAYMENT,USD,174716.27,FR,SETTLED
PAY-00005621,CLIENT-0461,ACC-001362,2025-12-04,INBOUND,FX_TRANSFER,EUR,63370.83,JP,SETTLED
PAY-00005622,CLIENT-0341,ACC-000997,2026-05-31,INBOUND,CARD,MXN,7935.43,SG,SETTLED
PAY-00005623,CLIENT-0134,ACC-000399,2024-04-17,OUTBOUND,ACH,USD,193940.22,FR,SETTLED
PAY-00005624,CLIENT-0423,ACC-001247,2026-05-21,OUTBOUND,SEPA,USD,226960.23,GB,SETTLED
PAY-00005625,CLIENT-0212,ACC-000630,2025-11-23,OUTBOUND,WIRE,USD,8427.84,CH,SETTLED
PAY-00005626,CLIENT-0114,ACC-000332,2026-07-27,INBOUND,FX_TRANSFER,USD,137497.31,CA,SETTLED
PAY-00005627,CLIENT-0121,ACC-000355,2026-07-22,INBOUND,REAL_TIME_PAYMENT,USD,7218.08,AU,SETTLED
PAY-00005628,CLIENT-0215,ACC-000643,2026-06-01,OUTBOUND,SEPA,EUR,11174.05,CA,SETTLED
PAY-00005629,CLIENT-0220,ACC-000654,2025-11-09,OUTBOUND,WIRE,USD,221290.09,FR,SETTLED
PAY-00005630,CLIENT-0116,ACC-000338,2025-05-27,OUTBOUND,REAL_TIME_PAYMENT,USD,8444.18,US,PENDING
PAY-00005631,CLIENT-0478,ACC-001417,2025-04-03,OUTBOUND,FX_TRANSFER,USD,62682.47,BR,SETTLED
PAY-00005632,CLIENT-0201,ACC-000603,2024-03-28,OUTBOUND,REAL_TIME_PAYMENT,USD,7192.72,JP,SETTLED
PAY-00005633,CLIENT-0402,ACC-001177,2026-07-28,OUTBOUND,ACH,EUR,59108.07,AU,SETTLED
PAY-00005634,CLIENT-0120,ACC-000351,2026-07-11,OUTBOUND,CARD,CHF,187140.07,SG,PENDING
PAY-00005635,CLIENT-0019,ACC-000050,2026-06-21,OUTBOUND,CARD,USD,821.09,AE,SETTLED
PAY-00005636,CLIENT-0485,ACC-001440,2025-11-29,INBOUND,ACH,USD,7001.41,IE,SETTLED
PAY-00005637,CLIENT-0396,ACC-001156,2025-12-09,INBOUND,CARD,USD,78780.16,IN,SETTLED
PAY-00005638,CLIENT-0492,ACC-001467,2025-01-21,OUTBOUND,WIRE,USD,142158.83,CA,PENDING
PAY-00005639,CLIENT-0146,ACC-000436,2026-02-01,OUTBOUND,WIRE,CAD,116297.63,CH,SETTLED
PAY-00005640,CLIENT-0183,ACC-000551,2024-12-03,INBOUND,SWIFT,USD,2454.41,CH,REJECTED
PAY-00005641,CLIENT-0226,ACC-000672,2026-02-10,INBOUND,ACH,USD,133284.48,IE,SETTLED
PAY-00005642,CLIENT-0011,ACC-000023,2026-01-19,INBOUND,ACH,USD,2164.52,AE,SETTLED
PAY-00005643,CLIENT-0400,ACC-001171,2025-08-29,OUTBOUND,CARD,USD,201394.02,AU,SETTLED
PAY-00005644,CLIENT-0361,ACC-001057,2026-06-30,OUTBOUND,WIRE,USD,74016.57,DE,SETTLED
PAY-00005645,CLIENT-0405,ACC-001189,2025-09-23,INBOUND,SEPA,AUD,110178.51,MX,SETTLED
PAY-00005646,CLIENT-0088,ACC-000249,2025-05-31,INBOUND,SWIFT,USD,20214.75,IN,SETTLED
PAY-00005647,CLIENT-0416,ACC-001227,2026-06-29,INBOUND,ACH,USD,185150.73,CH,SETTLED
PAY-00005648,CLIENT-0407,ACC-001195,2026-07-24,OUTBOUND,SWIFT,USD,5419.59,AE,SETTLED
PAY-00005649,CLIENT-0255,ACC-000766,2024-12-30,INBOUND,FX_TRANSFER,INR,77487.09,IE,SETTLED
PAY-00005650,CLIENT-0404,ACC-001186,2025-10-17,INBOUND,REAL_TIME_PAYMENT,USD,85500.11,NL,SETTLED
PAY-00005651,CLIENT-0421,ACC-001245,2026-06-20,INBOUND,SWIFT,USD,27624.92,JP,SETTLED
PAY-00005652,CLIENT-0303,ACC-000891,2025-12-01,OUTBOUND,REAL_TIME_PAYMENT,MXN,223400.61,GB,SETTLED
PAY-00005653,CLIENT-0077,ACC-000216,2026-06-13,OUTBOUND,SWIFT,EUR,4510.88,IE,SETTLED
PAY-00005654,CLIENT-0471,ACC-001394,2024-03-20,INBOUND,REAL_TIME_PAYMENT,CHF,113142.33,US,PENDING
PAY-00005655,CLIENT-0346,ACC-001014,2025-02-26,INBOUND,SWIFT,AUD,61719.31,IE,SETTLED
PAY-00005656,CLIENT-0388,ACC-001126,2026-02-18,INBOUND,CARD,EUR,244387.03,JP,SETTLED
PAY-00005657,CLIENT-0470,ACC-001392,2024-08-23,INBOUND,BOOK_TRANSFER,USD,3432.09,FR,SETTLED
PAY-00005658,CLIENT-0080,ACC-000220,2024-08-24,INBOUND,WIRE,USD,146695.12,AE,PENDING
PAY-00005659,CLIENT-0165,ACC-000496,2025-07-19,OUTBOUND,ACH,EUR,4396.03,AE,SETTLED
PAY-00005660,CLIENT-0306,ACC-000901,2026-06-19,OUTBOUND,WIRE,EUR,10537.75,MX,SETTLED
PAY-00005661,CLIENT-0015,ACC-000036,2026-07-12,OUTBOUND,WIRE,USD,128121.65,AU,SETTLED
PAY-00005662,CLIENT-0156,ACC-000473,2026-01-13,INBOUND,WIRE,USD,124356.57,SG,SETTLED
PAY-00005663,CLIENT-0046,ACC-000124,2025-09-28,OUTBOUND,FX_TRANSFER,USD,11812.79,BR,SETTLED
PAY-00005664,CLIENT-0067,ACC-000188,2026-06-02,OUTBOUND,REAL_TIME_PAYMENT,USD,26093.17,JP,SETTLED
PAY-00005665,CLIENT-0441,ACC-001303,2026-01-23,OUTBOUND,ACH,USD,2845.84,IE,SETTLED
PAY-00005666,CLIENT-0226,ACC-000676,2025-11-29,OUTBOUND,BOOK_TRANSFER,USD,166720.27,BR,SETTLED
PAY-00005667,CLIENT-0202,ACC-000606,2026-01-09,OUTBOUND,CARD,USD,106570.28,GB,SETTLED
PAY-00005668,CLIENT-0131,ACC-000390,2025-03-15,OUTBOUND,FX_TRANSFER,USD,59256.16,SG,SETTLED
PAY-00005669,CLIENT-0480,ACC-001424,2024-02-27,OUTBOUND,WIRE,MXN,14853.01,IN,SETTLED
PAY-00005670,CLIENT-0048,ACC-000127,2026-01-26,INBOUND,FX_TRANSFER,USD,138722.29,IN,SETTLED
PAY-00005671,CLIENT-0238,ACC-000717,2026-02-27,INBOUND,SEPA,USD,189522.13,AU,SETTLED
PAY-00005672,CLIENT-0179,ACC-000541,2026-06-13,OUTBOUND,SWIFT,CAD,145009.56,BR,PENDING
PAY-00005673,CLIENT-0451,ACC-001330,2025-07-06,OUTBOUND,CARD,USD,6426.48,NL,SETTLED
PAY-00005674,CLIENT-0249,ACC-000752,2024-10-29,OUTBOUND,WIRE,USD,187176.74,GB,SETTLED
PAY-00005675,CLIENT-0472,ACC-001398,2024-06-29,INBOUND,CARD,USD,146539.55,SG,SETTLED
PAY-00005676,CLIENT-0467,ACC-001383,2024-04-07,INBOUND,BOOK_TRANSFER,USD,11026.98,MX,PENDING
PAY-00005677,CLIENT-0402,ACC-001177,2025-08-10,OUTBOUND,REAL_TIME_PAYMENT,EUR,173426.01,DE,SETTLED
PAY-00005678,CLIENT-0275,ACC-000824,2025-12-23,OUTBOUND,WIRE,USD,58187.80,JP,SETTLED
PAY-00005679,CLIENT-0410,ACC-001203,2026-06-18,OUTBOUND,ACH,JPY,51187.84,AE,SETTLED
PAY-00005680,CLIENT-0254,ACC-000763,2026-03-15,OUTBOUND,SWIFT,GBP,133298.39,US,SETTLED
PAY-00005681,CLIENT-0142,ACC-000425,2026-06-20,OUTBOUND,CARD,JPY,43362.10,AE,SETTLED
PAY-00005682,CLIENT-0307,ACC-000906,2025-05-11,INBOUND,CARD,USD,47212.78,FR,SETTLED
PAY-00005683,CLIENT-0264,ACC-000792,2025-12-23,INBOUND,WIRE,USD,13986.72,US,SETTLED
PAY-00005684,CLIENT-0219,ACC-000651,2026-06-22,INBOUND,REAL_TIME_PAYMENT,USD,159114.01,IE,SETTLED
PAY-00005685,CLIENT-0482,ACC-001431,2026-06-09,OUTBOUND,CARD,USD,40863.17,AE,SETTLED
PAY-00005686,CLIENT-0487,ACC-001448,2024-07-23,OUTBOUND,BOOK_TRANSFER,EUR,168169.04,FR,PENDING
PAY-00005687,CLIENT-0197,ACC-000585,2026-06-22,INBOUND,REAL_TIME_PAYMENT,JPY,158637.96,BR,SETTLED
PAY-00005688,CLIENT-0268,ACC-000800,2024-03-25,OUTBOUND,SWIFT,EUR,86129.92,CA,SETTLED
PAY-00005689,CLIENT-0110,ACC-000316,2025-11-07,INBOUND,ACH,USD,662.69,IE,PENDING
PAY-00005690,CLIENT-0048,ACC-000128,2025-10-08,INBOUND,BOOK_TRANSFER,USD,169204.99,GB,SETTLED
PAY-00005691,CLIENT-0386,ACC-001121,2026-06-04,OUTBOUND,REAL_TIME_PAYMENT,USD,219914.19,FR,SETTLED
PAY-00005692,CLIENT-0333,ACC-000976,2025-04-23,OUTBOUND,CARD,EUR,30680.41,CH,SETTLED
PAY-00005693,CLIENT-0357,ACC-001050,2024-11-29,OUTBOUND,CARD,USD,7540.37,IN,SETTLED
PAY-00005694,CLIENT-0344,ACC-001007,2025-12-03,INBOUND,CARD,GBP,65379.47,SG,SETTLED
PAY-00005695,CLIENT-0400,ACC-001171,2025-02-03,OUTBOUND,FX_TRANSFER,USD,139311.59,SG,SETTLED
PAY-00005696,CLIENT-0162,ACC-000488,2026-03-25,OUTBOUND,SEPA,USD,596.91,DE,REJECTED
PAY-00005697,CLIENT-0445,ACC-001311,2025-06-19,OUTBOUND,CARD,USD,192313.52,US,SETTLED
PAY-00005698,CLIENT-0016,ACC-000041,2025-03-21,INBOUND,REAL_TIME_PAYMENT,USD,12659.13,SG,SETTLED
PAY-00005699,CLIENT-0200,ACC-000601,2025-09-16,INBOUND,ACH,AUD,12613.08,JP,RETURNED
PAY-00005700,CLIENT-0055,ACC-000154,2025-02-14,OUTBOUND,SWIFT,BRL,132381.86,NL,SETTLED
PAY-00005701,CLIENT-0199,ACC-000597,2026-06-28,OUTBOUND,WIRE,USD,7574.23,NL,SETTLED
PAY-00005702,CLIENT-0480,ACC-001425,2026-01-05,OUTBOUND,FX_TRANSFER,USD,6460.53,FR,SETTLED
PAY-00005703,CLIENT-0380,ACC-001105,2025-03-03,OUTBOUND,FX_TRANSFER,USD,13749.85,MX,SETTLED
PAY-00005704,CLIENT-0202,ACC-000608,2026-05-11,OUTBOUND,FX_TRANSFER,USD,133236.70,CH,SETTLED
PAY-00005705,CLIENT-0180,ACC-000545,2024-02-12,OUTBOUND,BOOK_TRANSFER,USD,39963.09,GB,SETTLED
PAY-00005706,CLIENT-0403,ACC-001184,2025-10-08,OUTBOUND,WIRE,USD,154883.06,JP,SETTLED
PAY-00005707,CLIENT-0162,ACC-000489,2025-05-18,OUTBOUND,SEPA,EUR,12373.57,MX,SETTLED
PAY-00005708,CLIENT-0362,ACC-001059,2025-06-25,OUTBOUND,ACH,USD,248716.30,CH,SETTLED
PAY-00005709,CLIENT-0180,ACC-000543,2024-06-02,OUTBOUND,BOOK_TRANSFER,USD,80354.79,AU,REJECTED
PAY-00005710,CLIENT-0379,ACC-001103,2024-10-25,INBOUND,SEPA,USD,346.71,CA,SETTLED
PAY-00005711,CLIENT-0394,ACC-001145,2026-05-17,INBOUND,SEPA,CAD,151050.42,SG,SETTLED
PAY-00005712,CLIENT-0361,ACC-001057,2026-07-03,INBOUND,ACH,USD,128311.55,IE,PENDING
PAY-00005713,CLIENT-0129,ACC-000383,2024-08-07,INBOUND,BOOK_TRANSFER,EUR,4445.51,NL,SETTLED
PAY-00005714,CLIENT-0049,ACC-000134,2026-07-15,INBOUND,BOOK_TRANSFER,USD,92167.96,GB,SETTLED
PAY-00005715,CLIENT-0030,ACC-000081,2024-05-07,OUTBOUND,ACH,EUR,17581.50,CH,SETTLED
PAY-00005716,CLIENT-0032,ACC-000088,2026-03-29,OUTBOUND,CARD,USD,123325.40,FR,SETTLED
PAY-00005717,CLIENT-0471,ACC-001397,2025-04-17,INBOUND,CARD,USD,225750.29,AE,SETTLED
PAY-00005718,CLIENT-0098,ACC-000282,2026-07-06,OUTBOUND,CARD,MXN,215563.67,IN,SETTLED
PAY-00005719,CLIENT-0234,ACC-000702,2026-03-10,INBOUND,SEPA,EUR,6296.11,SG,PENDING
PAY-00005720,CLIENT-0201,ACC-000603,2024-03-20,OUTBOUND,SWIFT,USD,7891.20,AU,SETTLED
PAY-00005721,CLIENT-0261,ACC-000782,2024-06-07,OUTBOUND,BOOK_TRANSFER,BRL,87375.01,JP,SETTLED
PAY-00005722,CLIENT-0259,ACC-000778,2024-04-14,OUTBOUND,WIRE,EUR,105121.41,US,SETTLED
PAY-00005723,CLIENT-0222,ACC-000662,2026-02-27,OUTBOUND,WIRE,EUR,7409.72,AE,SETTLED
PAY-00005724,CLIENT-0461,ACC-001362,2026-07-02,INBOUND,ACH,EUR,187584.54,AU,SETTLED
PAY-00005725,CLIENT-0244,ACC-000736,2026-02-07,INBOUND,ACH,CHF,691.23,AU,SETTLED
PAY-00005726,CLIENT-0411,ACC-001210,2026-04-16,INBOUND,ACH,USD,201384.50,BR,SETTLED
PAY-00005727,CLIENT-0162,ACC-000491,2026-01-27,INBOUND,FX_TRANSFER,EUR,13127.40,AU,SETTLED
PAY-00005728,CLIENT-0194,ACC-000574,2024-03-11,INBOUND,WIRE,EUR,64622.69,NL,SETTLED
PAY-00005729,CLIENT-0305,ACC-000894,2025-05-26,INBOUND,ACH,CAD,7118.34,IN,PENDING
PAY-00005730,CLIENT-0012,ACC-000029,2025-09-12,INBOUND,SWIFT,USD,2657.44,JP,SETTLED
PAY-00005731,CLIENT-0326,ACC-000958,2025-02-06,OUTBOUND,WIRE,USD,223381.99,BR,SETTLED
PAY-00005732,CLIENT-0131,ACC-000387,2024-10-29,OUTBOUND,WIRE,EUR,190348.64,BR,SETTLED
PAY-00005733,CLIENT-0351,ACC-001026,2025-12-05,OUTBOUND,FX_TRANSFER,EUR,7386.65,IN,SETTLED
PAY-00005734,CLIENT-0089,ACC-000252,2026-06-22,INBOUND,FX_TRANSFER,USD,75101.04,US,SETTLED
PAY-00005735,CLIENT-0378,ACC-001098,2026-01-28,INBOUND,BOOK_TRANSFER,USD,74281.79,JP,SETTLED
PAY-00005736,CLIENT-0263,ACC-000791,2024-07-17,OUTBOUND,SWIFT,EUR,13705.70,JP,SETTLED
PAY-00005737,CLIENT-0362,ACC-001058,2026-01-07,OUTBOUND,CARD,USD,72702.55,FR,SETTLED
PAY-00005738,CLIENT-0189,ACC-000567,2024-08-19,INBOUND,SWIFT,USD,4713.19,DE,SETTLED
PAY-00005739,CLIENT-0337,ACC-000985,2024-10-14,OUTBOUND,WIRE,CAD,2376.15,JP,SETTLED
PAY-00005740,CLIENT-0347,ACC-001018,2025-06-22,OUTBOUND,ACH,INR,42656.93,IE,SETTLED
PAY-00005741,CLIENT-0153,ACC-000460,2026-01-08,INBOUND,CARD,USD,84520.18,IN,SETTLED
PAY-00005742,CLIENT-0266,ACC-000795,2024-12-10,INBOUND,WIRE,EUR,11567.66,GB,SETTLED
PAY-00005743,CLIENT-0167,ACC-000505,2026-05-08,OUTBOUND,FX_TRANSFER,USD,3460.23,NL,SETTLED
PAY-00005744,CLIENT-0140,ACC-000418,2024-10-18,INBOUND,CARD,USD,199468.45,AU,PENDING
PAY-00005745,CLIENT-0066,ACC-000181,2024-08-06,INBOUND,WIRE,USD,190321.09,CA,SETTLED
PAY-00005746,CLIENT-0332,ACC-000974,2024-01-07,OUTBOUND,REAL_TIME_PAYMENT,USD,105248.68,AE,SETTLED
PAY-00005747,CLIENT-0383,ACC-001115,2024-07-31,OUTBOUND,ACH,INR,97250.39,MX,SETTLED
PAY-00005748,CLIENT-0163,ACC-000493,2026-02-28,OUTBOUND,FX_TRANSFER,INR,192485.86,FR,SETTLED
PAY-00005749,CLIENT-0044,ACC-000117,2026-01-09,INBOUND,ACH,BRL,235490.10,MX,SETTLED
PAY-00005750,CLIENT-0446,ACC-001313,2026-01-05,INBOUND,CARD,USD,185441.28,MX,PENDING
PAY-00005751,CLIENT-0130,ACC-000385,2024-05-09,OUTBOUND,BOOK_TRANSFER,AUD,23901.42,SG,SETTLED
PAY-00005752,CLIENT-0158,ACC-000479,2026-02-22,INBOUND,SWIFT,USD,146631.87,IE,RETURNED
PAY-00005753,CLIENT-0051,ACC-000142,2026-04-17,INBOUND,SWIFT,USD,223985.29,JP,RETURNED
PAY-00005754,CLIENT-0136,ACC-000405,2024-09-27,OUTBOUND,REAL_TIME_PAYMENT,USD,122381.43,CA,SETTLED
PAY-00005755,CLIENT-0467,ACC-001382,2026-07-20,OUTBOUND,SEPA,USD,9532.96,US,SETTLED
PAY-00005756,CLIENT-0156,ACC-000472,2026-02-14,OUTBOUND,CARD,USD,110330.50,US,PENDING
PAY-00005757,CLIENT-0037,ACC-000097,2025-06-19,OUTBOUND,BOOK_TRANSFER,USD,215279.12,IN,SETTLED
PAY-00005758,CLIENT-0489,ACC-001458,2026-06-05,OUTBOUND,REAL_TIME_PAYMENT,GBP,33734.32,CH,SETTLED
PAY-00005759,CLIENT-0076,ACC-000213,2025-12-20,INBOUND,CARD,USD,105261.82,BR,RETURNED
PAY-00005760,CLIENT-0167,ACC-000503,2024-04-07,OUTBOUND,CARD,EUR,230263.65,JP,SETTLED
PAY-00005761,CLIENT-0119,ACC-000350,2024-03-25,INBOUND,SEPA,USD,19456.90,GB,PENDING
PAY-00005762,CLIENT-0480,ACC-001422,2026-05-30,INBOUND,WIRE,USD,7813.69,SG,SETTLED
PAY-00005763,CLIENT-0117,ACC-000345,2026-01-12,INBOUND,SWIFT,USD,57247.10,IE,SETTLED
PAY-00005764,CLIENT-0477,ACC-001413,2026-04-19,OUTBOUND,SWIFT,USD,3525.22,CH,SETTLED
PAY-00005765,CLIENT-0253,ACC-000760,2025-03-14,OUTBOUND,SEPA,USD,47513.67,AU,REJECTED
PAY-00005766,CLIENT-0047,ACC-000126,2024-08-18,INBOUND,REAL_TIME_PAYMENT,USD,16746.48,US,SETTLED
PAY-00005767,CLIENT-0190,ACC-000569,2026-04-08,OUTBOUND,WIRE,AUD,12673.07,FR,SETTLED
PAY-00005768,CLIENT-0464,ACC-001370,2024-11-13,INBOUND,SWIFT,USD,220760.37,CH,SETTLED
PAY-00005769,CLIENT-0027,ACC-000074,2024-05-05,OUTBOUND,SEPA,USD,49048.90,CA,SETTLED
PAY-00005770,CLIENT-0391,ACC-001136,2024-06-30,INBOUND,ACH,USD,5234.21,BR,SETTLED
PAY-00005771,CLIENT-0388,ACC-001125,2024-09-08,OUTBOUND,REAL_TIME_PAYMENT,EUR,139305.29,IN,SETTLED
PAY-00005772,CLIENT-0285,ACC-000844,2026-04-25,INBOUND,SEPA,EUR,1062.53,NL,SETTLED
PAY-00005773,CLIENT-0046,ACC-000122,2025-05-03,OUTBOUND,FX_TRANSFER,CHF,2820.95,AU,SETTLED
PAY-00005774,CLIENT-0028,ACC-000077,2025-09-01,OUTBOUND,FX_TRANSFER,USD,233857.08,AU,SETTLED
PAY-00005775,CLIENT-0372,ACC-001083,2025-07-15,OUTBOUND,REAL_TIME_PAYMENT,USD,14860.81,DE,SETTLED
PAY-00005776,CLIENT-0059,ACC-000165,2025-11-18,INBOUND,BOOK_TRANSFER,USD,75612.85,CA,SETTLED
PAY-00005777,CLIENT-0246,ACC-000741,2024-10-07,INBOUND,WIRE,USD,115771.37,IN,SETTLED
PAY-00005778,CLIENT-0363,ACC-001062,2026-01-14,OUTBOUND,REAL_TIME_PAYMENT,EUR,238743.29,GB,SETTLED
PAY-00005779,CLIENT-0339,ACC-000990,2025-07-22,OUTBOUND,REAL_TIME_PAYMENT,USD,249327.50,FR,SETTLED
PAY-00005780,CLIENT-0271,ACC-000809,2026-02-05,INBOUND,REAL_TIME_PAYMENT,USD,128299.67,SG,SETTLED
PAY-00005781,CLIENT-0489,ACC-001457,2026-06-03,INBOUND,BOOK_TRANSFER,EUR,90968.57,SG,PENDING
PAY-00005782,CLIENT-0336,ACC-000980,2026-01-02,OUTBOUND,CARD,USD,141269.47,MX,SETTLED
PAY-00005783,CLIENT-0085,ACC-000238,2025-08-12,OUTBOUND,REAL_TIME_PAYMENT,CAD,5266.98,CA,SETTLED
PAY-00005784,CLIENT-0155,ACC-000468,2025-09-09,OUTBOUND,SWIFT,JPY,227354.67,IE,SETTLED
PAY-00005785,CLIENT-0009,ACC-000016,2026-07-08,OUTBOUND,REAL_TIME_PAYMENT,JPY,8491.19,IE,SETTLED
PAY-00005786,CLIENT-0410,ACC-001204,2026-06-06,INBOUND,REAL_TIME_PAYMENT,USD,233693.43,IE,SETTLED
PAY-00005787,CLIENT-0230,ACC-000688,2025-12-21,INBOUND,ACH,USD,102424.12,SG,PENDING
PAY-00005788,CLIENT-0190,ACC-000569,2026-04-14,OUTBOUND,WIRE,AUD,13587.34,MX,SETTLED
PAY-00005789,CLIENT-0477,ACC-001411,2026-07-26,INBOUND,SEPA,USD,10603.61,CH,SETTLED
PAY-00005790,CLIENT-0296,ACC-000872,2025-09-17,INBOUND,CARD,GBP,136775.52,MX,SETTLED
PAY-00005791,CLIENT-0245,ACC-000740,2026-02-12,INBOUND,CARD,EUR,224309.35,NL,REJECTED
PAY-00005792,CLIENT-0339,ACC-000987,2026-05-24,INBOUND,FX_TRANSFER,EUR,150874.25,CH,SETTLED
PAY-00005793,CLIENT-0190,ACC-000569,2026-05-11,INBOUND,ACH,AUD,7562.33,US,SETTLED
PAY-00005794,CLIENT-0105,ACC-000298,2026-06-02,OUTBOUND,REAL_TIME_PAYMENT,SGD,2191.10,AU,SETTLED
PAY-00005795,CLIENT-0154,ACC-000463,2024-11-12,INBOUND,SWIFT,USD,11577.37,GB,SETTLED
PAY-00005796,CLIENT-0270,ACC-000805,2024-04-25,OUTBOUND,SEPA,EUR,12095.30,US,SETTLED
PAY-00005797,CLIENT-0148,ACC-000444,2026-07-10,OUTBOUND,REAL_TIME_PAYMENT,EUR,29762.72,AE,SETTLED
PAY-00005798,CLIENT-0071,ACC-000196,2026-05-11,OUTBOUND,CARD,GBP,115643.06,MX,SETTLED
PAY-00005799,CLIENT-0148,ACC-000445,2026-02-22,OUTBOUND,SWIFT,USD,61361.43,DE,RETURNED
PAY-00005800,CLIENT-0469,ACC-001389,2026-03-09,INBOUND,SEPA,EUR,152464.84,AE,RETURNED
PAY-00005801,CLIENT-0389,ACC-001132,2026-02-10,INBOUND,SEPA,USD,2964.67,SG,SETTLED
PAY-00005802,CLIENT-0138,ACC-000412,2025-06-04,OUTBOUND,SEPA,MXN,83462.80,JP,PENDING
PAY-00005803,CLIENT-0202,ACC-000607,2025-10-03,OUTBOUND,REAL_TIME_PAYMENT,USD,63475.90,CA,SETTLED
PAY-00005804,CLIENT-0275,ACC-000822,2026-06-02,OUTBOUND,FX_TRANSFER,USD,124398.01,DE,SETTLED
PAY-00005805,CLIENT-0247,ACC-000743,2026-01-12,INBOUND,BOOK_TRANSFER,MXN,168698.07,CA,SETTLED
PAY-00005806,CLIENT-0451,ACC-001334,2026-05-11,INBOUND,SEPA,USD,12799.30,DE,SETTLED
PAY-00005807,CLIENT-0028,ACC-000077,2025-12-02,INBOUND,CARD,USD,170930.22,NL,SETTLED
PAY-00005808,CLIENT-0356,ACC-001045,2025-06-13,OUTBOUND,BOOK_TRANSFER,SGD,110775.37,FR,SETTLED
PAY-00005809,CLIENT-0399,ACC-001167,2024-12-04,OUTBOUND,WIRE,EUR,7796.46,AU,SETTLED
PAY-00005810,CLIENT-0248,ACC-000747,2024-04-16,OUTBOUND,SEPA,USD,26087.85,CH,REJECTED
PAY-00005811,CLIENT-0067,ACC-000188,2025-10-25,OUTBOUND,SEPA,USD,110673.94,JP,REJECTED
PAY-00005812,CLIENT-0144,ACC-000429,2026-02-03,OUTBOUND,ACH,EUR,1698.92,AU,SETTLED
PAY-00005813,CLIENT-0332,ACC-000973,2024-12-22,OUTBOUND,FX_TRANSFER,USD,51631.72,CH,SETTLED
PAY-00005814,CLIENT-0172,ACC-000521,2026-05-05,OUTBOUND,FX_TRANSFER,USD,46168.37,NL,SETTLED
PAY-00005815,CLIENT-0382,ACC-001112,2026-04-26,OUTBOUND,FX_TRANSFER,USD,26519.68,IN,SETTLED
PAY-00005816,CLIENT-0088,ACC-000249,2026-06-07,OUTBOUND,SEPA,USD,40304.08,JP,PENDING
PAY-00005817,CLIENT-0082,ACC-000227,2026-04-02,OUTBOUND,REAL_TIME_PAYMENT,USD,13285.87,CA,PENDING
PAY-00005818,CLIENT-0488,ACC-001454,2024-02-22,INBOUND,CARD,USD,122766.51,DE,REJECTED
PAY-00005819,CLIENT-0027,ACC-000073,2026-07-24,OUTBOUND,WIRE,USD,193192.34,AE,SETTLED
PAY-00005820,CLIENT-0485,ACC-001440,2024-08-14,OUTBOUND,REAL_TIME_PAYMENT,USD,12750.70,GB,SETTLED
PAY-00005821,CLIENT-0471,ACC-001393,2026-02-23,OUTBOUND,REAL_TIME_PAYMENT,EUR,155996.02,FR,SETTLED
PAY-00005822,CLIENT-0378,ACC-001098,2026-07-14,OUTBOUND,WIRE,USD,202064.97,AE,SETTLED
PAY-00005823,CLIENT-0433,ACC-001275,2026-05-06,INBOUND,SWIFT,EUR,36575.03,SG,SETTLED
PAY-00005824,CLIENT-0147,ACC-000442,2026-02-23,INBOUND,REAL_TIME_PAYMENT,USD,170564.85,DE,SETTLED
PAY-00005825,CLIENT-0146,ACC-000439,2026-06-02,OUTBOUND,BOOK_TRANSFER,USD,76484.22,JP,SETTLED
PAY-00005826,CLIENT-0458,ACC-001354,2025-08-03,INBOUND,REAL_TIME_PAYMENT,USD,55859.78,SG,SETTLED
PAY-00005827,CLIENT-0038,ACC-000103,2026-07-17,INBOUND,SEPA,USD,139296.86,FR,SETTLED
PAY-00005828,CLIENT-0120,ACC-000353,2025-07-17,OUTBOUND,REAL_TIME_PAYMENT,EUR,224207.96,CH,SETTLED
PAY-00005829,CLIENT-0157,ACC-000476,2024-05-18,INBOUND,SEPA,GBP,209877.25,US,SETTLED
PAY-00005830,CLIENT-0222,ACC-000662,2025-03-26,INBOUND,SEPA,EUR,134528.67,AU,SETTLED
PAY-00005831,CLIENT-0282,ACC-000835,2026-04-07,OUTBOUND,WIRE,USD,8264.52,IN,SETTLED
PAY-00005832,CLIENT-0305,ACC-000896,2026-02-17,OUTBOUND,WIRE,USD,10148.59,SG,SETTLED
PAY-00005833,CLIENT-0075,ACC-000210,2025-06-08,OUTBOUND,CARD,USD,24095.73,NL,PENDING
PAY-00005834,CLIENT-0466,ACC-001380,2026-07-05,OUTBOUND,SEPA,INR,91816.02,BR,SETTLED
PAY-00005835,CLIENT-0486,ACC-001447,2024-05-03,OUTBOUND,SEPA,CHF,183361.13,CA,SETTLED
PAY-00005836,CLIENT-0231,ACC-000690,2026-07-23,INBOUND,BOOK_TRANSFER,EUR,29822.16,FR,SETTLED
PAY-00005837,CLIENT-0251,ACC-000756,2025-08-01,OUTBOUND,FX_TRANSFER,USD,14791.70,CA,REJECTED
PAY-00005838,CLIENT-0238,ACC-000718,2025-04-09,INBOUND,REAL_TIME_PAYMENT,USD,219602.74,NL,SETTLED
PAY-00005839,CLIENT-0010,ACC-000022,2025-10-30,OUTBOUND,ACH,USD,173920.83,SG,SETTLED
PAY-00005840,CLIENT-0450,ACC-001328,2026-01-07,OUTBOUND,SEPA,EUR,14525.88,AE,SETTLED
PAY-00005841,CLIENT-0090,ACC-000254,2026-04-03,INBOUND,BOOK_TRANSFER,EUR,169952.76,CA,SETTLED
PAY-00005842,CLIENT-0411,ACC-001207,2026-04-11,OUTBOUND,BOOK_TRANSFER,MXN,15446.76,FR,SETTLED
PAY-00005843,CLIENT-0403,ACC-001185,2026-04-03,INBOUND,REAL_TIME_PAYMENT,USD,42737.21,CH,SETTLED
PAY-00005844,CLIENT-0284,ACC-000841,2026-04-19,OUTBOUND,WIRE,USD,194116.98,CH,SETTLED
PAY-00005845,CLIENT-0098,ACC-000281,2026-04-12,OUTBOUND,FX_TRANSFER,MXN,42247.56,IN,SETTLED
PAY-00005846,CLIENT-0082,ACC-000229,2024-05-26,INBOUND,BOOK_TRANSFER,JPY,5623.99,CH,SETTLED
PAY-00005847,CLIENT-0006,ACC-000012,2024-11-09,OUTBOUND,WIRE,AED,5844.93,CH,SETTLED
PAY-00005848,CLIENT-0356,ACC-001048,2024-05-14,INBOUND,SWIFT,SGD,229362.48,DE,SETTLED
PAY-00005849,CLIENT-0399,ACC-001168,2025-11-05,OUTBOUND,WIRE,EUR,8932.76,CH,SETTLED
PAY-00005850,CLIENT-0390,ACC-001134,2026-04-02,INBOUND,FX_TRANSFER,USD,14597.45,AE,SETTLED
PAY-00005851,CLIENT-0337,ACC-000984,2026-05-08,INBOUND,REAL_TIME_PAYMENT,CAD,8323.48,BR,PENDING
PAY-00005852,CLIENT-0010,ACC-000020,2025-09-16,INBOUND,REAL_TIME_PAYMENT,GBP,224989.18,FR,RETURNED
PAY-00005853,CLIENT-0451,ACC-001334,2026-05-05,INBOUND,REAL_TIME_PAYMENT,USD,9327.76,US,SETTLED
PAY-00005854,CLIENT-0058,ACC-000161,2025-08-30,INBOUND,SWIFT,USD,3745.28,JP,SETTLED
PAY-00005855,CLIENT-0362,ACC-001059,2026-04-01,INBOUND,FX_TRANSFER,USD,175244.92,AE,SETTLED
PAY-00005856,CLIENT-0139,ACC-000413,2025-09-20,OUTBOUND,WIRE,INR,131099.06,NL,SETTLED
PAY-00005857,CLIENT-0191,ACC-000570,2024-12-29,OUTBOUND,REAL_TIME_PAYMENT,EUR,191961.20,BR,SETTLED
PAY-00005858,CLIENT-0394,ACC-001148,2025-12-09,OUTBOUND,WIRE,USD,218117.79,IN,SETTLED
PAY-00005859,CLIENT-0297,ACC-000876,2024-05-23,INBOUND,WIRE,USD,193676.44,IE,SETTLED
PAY-00005860,CLIENT-0405,ACC-001188,2026-03-27,OUTBOUND,SWIFT,USD,42121.28,AE,SETTLED
PAY-00005861,CLIENT-0369,ACC-001078,2026-03-11,INBOUND,ACH,USD,57209.46,BR,SETTLED
PAY-00005862,CLIENT-0089,ACC-000251,2026-07-03,OUTBOUND,CARD,USD,69942.78,DE,SETTLED
PAY-00005863,CLIENT-0355,ACC-001042,2025-01-22,INBOUND,SWIFT,USD,200335.29,SG,PENDING
PAY-00005864,CLIENT-0068,ACC-000189,2026-04-02,INBOUND,FX_TRANSFER,MXN,200446.80,IN,SETTLED
PAY-00005865,CLIENT-0323,ACC-000948,2024-02-12,OUTBOUND,CARD,CAD,233076.90,AE,SETTLED
PAY-00005866,CLIENT-0113,ACC-000329,2025-09-07,OUTBOUND,SWIFT,USD,60209.35,GB,SETTLED
PAY-00005867,CLIENT-0232,ACC-000693,2024-10-25,OUTBOUND,BOOK_TRANSFER,USD,215373.19,AU,SETTLED
PAY-00005868,CLIENT-0214,ACC-000638,2026-02-14,OUTBOUND,BOOK_TRANSFER,BRL,126978.73,CH,SETTLED
PAY-00005869,CLIENT-0214,ACC-000635,2025-10-14,OUTBOUND,WIRE,INR,26372.37,GB,PENDING
PAY-00005870,CLIENT-0092,ACC-000260,2026-06-17,OUTBOUND,REAL_TIME_PAYMENT,AUD,66208.47,IN,SETTLED
PAY-00005871,CLIENT-0397,ACC-001163,2026-01-06,INBOUND,REAL_TIME_PAYMENT,USD,87692.75,IE,SETTLED
PAY-00005872,CLIENT-0336,ACC-000982,2025-11-28,OUTBOUND,SEPA,USD,139205.86,US,SETTLED
PAY-00005873,CLIENT-0035,ACC-000095,2026-04-12,OUTBOUND,WIRE,EUR,50816.05,CH,SETTLED
PAY-00005874,CLIENT-0214,ACC-000638,2025-02-11,INBOUND,ACH,BRL,218695.43,CH,PENDING
PAY-00005875,CLIENT-0447,ACC-001317,2025-04-13,INBOUND,CARD,USD,27798.50,DE,SETTLED
PAY-00005876,CLIENT-0451,ACC-001333,2026-05-30,OUTBOUND,WIRE,EUR,3590.32,AE,SETTLED
PAY-00005877,CLIENT-0275,ACC-000820,2026-02-23,INBOUND,WIRE,USD,112707.80,IN,SETTLED
PAY-00005878,CLIENT-0151,ACC-000454,2025-07-02,INBOUND,ACH,USD,2889.03,NL,SETTLED
PAY-00005879,CLIENT-0083,ACC-000233,2024-11-06,INBOUND,ACH,EUR,169480.74,FR,SETTLED
PAY-00005880,CLIENT-0483,ACC-001432,2025-11-01,INBOUND,ACH,USD,4958.24,IN,SETTLED
PAY-00005881,CLIENT-0206,ACC-000615,2025-04-13,OUTBOUND,ACH,USD,10274.69,IN,SETTLED
PAY-00005882,CLIENT-0105,ACC-000299,2026-02-10,OUTBOUND,ACH,SGD,10895.73,CH,PENDING
PAY-00005883,CLIENT-0012,ACC-000026,2025-10-18,INBOUND,BOOK_TRANSFER,JPY,2245.87,JP,SETTLED
PAY-00005884,CLIENT-0234,ACC-000701,2025-05-10,INBOUND,SWIFT,EUR,94033.93,BR,SETTLED
PAY-00005885,CLIENT-0478,ACC-001418,2025-02-25,OUTBOUND,CARD,USD,33460.54,IE,SETTLED
PAY-00005886,CLIENT-0411,ACC-001207,2026-05-31,INBOUND,REAL_TIME_PAYMENT,MXN,128709.38,FR,SETTLED
PAY-00005887,CLIENT-0270,ACC-000804,2024-01-24,INBOUND,SEPA,USD,7132.35,DE,SETTLED
PAY-00005888,CLIENT-0081,ACC-000224,2025-08-21,INBOUND,CARD,INR,119300.16,AE,SETTLED
PAY-00005889,CLIENT-0010,ACC-000020,2026-04-02,OUTBOUND,WIRE,GBP,217986.27,AE,SETTLED
PAY-00005890,CLIENT-0052,ACC-000144,2025-06-24,OUTBOUND,SWIFT,EUR,193961.50,CH,SETTLED
PAY-00005891,CLIENT-0379,ACC-001104,2026-07-01,INBOUND,ACH,EUR,6718.73,DE,SETTLED
PAY-00005892,CLIENT-0467,ACC-001385,2024-03-06,INBOUND,ACH,USD,5809.08,IN,SETTLED
PAY-00005893,CLIENT-0271,ACC-000810,2026-06-29,OUTBOUND,REAL_TIME_PAYMENT,EUR,191342.53,NL,PENDING
PAY-00005894,CLIENT-0321,ACC-000943,2026-05-18,INBOUND,SEPA,USD,53947.90,IE,SETTLED
PAY-00005895,CLIENT-0257,ACC-000774,2026-05-20,OUTBOUND,REAL_TIME_PAYMENT,EUR,43364.04,CA,SETTLED
PAY-00005896,CLIENT-0401,ACC-001173,2026-05-17,INBOUND,WIRE,EUR,7289.99,AE,SETTLED
PAY-00005897,CLIENT-0172,ACC-000520,2026-05-09,INBOUND,WIRE,EUR,136550.70,IN,SETTLED
PAY-00005898,CLIENT-0134,ACC-000398,2026-02-03,OUTBOUND,SWIFT,USD,179742.34,JP,SETTLED
PAY-00005899,CLIENT-0271,ACC-000807,2025-09-06,OUTBOUND,SWIFT,GBP,63775.76,DE,SETTLED
PAY-00005900,CLIENT-0171,ACC-000518,2026-04-03,INBOUND,SWIFT,EUR,175857.33,CA,SETTLED
PAY-00005901,CLIENT-0297,ACC-000878,2024-05-29,OUTBOUND,BOOK_TRANSFER,USD,129818.31,NL,SETTLED
PAY-00005902,CLIENT-0037,ACC-000099,2025-10-18,INBOUND,FX_TRANSFER,USD,231223.03,SG,PENDING
PAY-00005903,CLIENT-0099,ACC-000286,2025-08-19,OUTBOUND,REAL_TIME_PAYMENT,USD,94620.35,CH,SETTLED
PAY-00005904,CLIENT-0115,ACC-000334,2024-10-18,OUTBOUND,SWIFT,USD,3301.78,MX,SETTLED
PAY-00005905,CLIENT-0196,ACC-000580,2026-05-11,INBOUND,WIRE,USD,6116.33,GB,PENDING
PAY-00005906,CLIENT-0184,ACC-000553,2026-02-07,OUTBOUND,SWIFT,EUR,207.54,US,SETTLED
PAY-00005907,CLIENT-0290,ACC-000857,2025-10-22,OUTBOUND,CARD,EUR,10962.72,AU,SETTLED
PAY-00005908,CLIENT-0247,ACC-000743,2024-06-15,INBOUND,CARD,MXN,29619.40,IN,SETTLED
PAY-00005909,CLIENT-0332,ACC-000974,2026-02-26,INBOUND,CARD,USD,132513.70,US,SETTLED
PAY-00005910,CLIENT-0045,ACC-000118,2026-05-30,OUTBOUND,ACH,USD,180286.59,US,SETTLED
PAY-00005911,CLIENT-0243,ACC-000732,2025-12-28,OUTBOUND,SEPA,GBP,138081.70,BR,SETTLED
PAY-00005912,CLIENT-0185,ACC-000554,2026-04-23,INBOUND,REAL_TIME_PAYMENT,EUR,72982.09,SG,SETTLED
PAY-00005913,CLIENT-0018,ACC-000045,2026-04-21,OUTBOUND,SEPA,SGD,121137.56,FR,SETTLED
PAY-00005914,CLIENT-0183,ACC-000549,2025-12-31,OUTBOUND,CARD,USD,8796.04,NL,SETTLED
PAY-00005915,CLIENT-0301,ACC-000886,2024-09-21,OUTBOUND,WIRE,JPY,35135.61,CH,SETTLED
PAY-00005916,CLIENT-0038,ACC-000103,2026-05-20,OUTBOUND,SWIFT,USD,53448.61,AE,SETTLED
PAY-00005917,CLIENT-0454,ACC-001340,2026-02-16,OUTBOUND,CARD,USD,246532.07,SG,SETTLED
PAY-00005918,CLIENT-0406,ACC-001191,2026-06-26,OUTBOUND,BOOK_TRANSFER,USD,170457.00,AE,PENDING
PAY-00005919,CLIENT-0241,ACC-000726,2026-01-09,OUTBOUND,FX_TRANSFER,USD,12531.26,CH,SETTLED
PAY-00005920,CLIENT-0096,ACC-000274,2025-07-19,INBOUND,BOOK_TRANSFER,USD,12511.97,JP,SETTLED
PAY-00005921,CLIENT-0062,ACC-000172,2026-06-25,OUTBOUND,SWIFT,USD,209198.37,CA,SETTLED
PAY-00005922,CLIENT-0372,ACC-001085,2026-06-24,INBOUND,WIRE,EUR,13263.02,US,SETTLED
PAY-00005923,CLIENT-0485,ACC-001439,2026-05-23,INBOUND,FX_TRANSFER,BRL,4575.04,CH,SETTLED
PAY-00005924,CLIENT-0435,ACC-001286,2025-09-23,INBOUND,FX_TRANSFER,USD,3361.59,US,SETTLED
PAY-00005925,CLIENT-0352,ACC-001033,2024-05-13,INBOUND,BOOK_TRANSFER,INR,175892.92,JP,SETTLED
PAY-00005926,CLIENT-0314,ACC-000923,2026-07-17,OUTBOUND,SWIFT,EUR,80793.04,GB,SETTLED
PAY-00005927,CLIENT-0436,ACC-001288,2026-01-25,INBOUND,WIRE,USD,68072.74,NL,SETTLED
PAY-00005928,CLIENT-0401,ACC-001176,2026-04-20,INBOUND,WIRE,EUR,10740.40,CH,SETTLED
PAY-00005929,CLIENT-0034,ACC-000092,2024-04-22,INBOUND,FX_TRANSFER,USD,121942.69,MX,SETTLED
PAY-00005930,CLIENT-0054,ACC-000151,2025-12-17,INBOUND,CARD,USD,9005.89,IN,SETTLED
PAY-00005931,CLIENT-0064,ACC-000177,2025-01-12,OUTBOUND,FX_TRANSFER,USD,108699.25,CH,SETTLED
PAY-00005932,CLIENT-0251,ACC-000756,2024-09-06,OUTBOUND,CARD,USD,126.77,DE,SETTLED
PAY-00005933,CLIENT-0244,ACC-000739,2026-07-14,OUTBOUND,CARD,EUR,7337.96,FR,SETTLED
PAY-00005934,CLIENT-0428,ACC-001264,2024-12-14,OUTBOUND,FX_TRANSFER,EUR,217591.54,NL,SETTLED
PAY-00005935,CLIENT-0070,ACC-000192,2026-07-15,INBOUND,ACH,EUR,165760.08,CA,PENDING
PAY-00005936,CLIENT-0308,ACC-000908,2026-04-21,INBOUND,FX_TRANSFER,EUR,117797.99,FR,SETTLED
PAY-00005937,CLIENT-0121,ACC-000355,2026-07-25,INBOUND,WIRE,USD,10539.01,CA,SETTLED
PAY-00005938,CLIENT-0332,ACC-000973,2025-09-13,INBOUND,BOOK_TRANSFER,USD,112833.75,GB,SETTLED
PAY-00005939,CLIENT-0122,ACC-000359,2026-06-28,OUTBOUND,SWIFT,USD,89702.03,FR,SETTLED
PAY-00005940,CLIENT-0249,ACC-000749,2026-01-22,INBOUND,SWIFT,USD,39208.40,CH,SETTLED
PAY-00005941,CLIENT-0135,ACC-000402,2026-06-27,INBOUND,ACH,USD,3832.14,DE,SETTLED
PAY-00005942,CLIENT-0340,ACC-000993,2026-04-04,INBOUND,REAL_TIME_PAYMENT,USD,13153.06,GB,SETTLED
PAY-00005943,CLIENT-0019,ACC-000049,2026-03-14,INBOUND,SEPA,USD,1408.92,CA,SETTLED
PAY-00005944,CLIENT-0399,ACC-001168,2026-07-22,OUTBOUND,WIRE,EUR,2168.64,NL,SETTLED
PAY-00005945,CLIENT-0243,ACC-000731,2026-06-29,OUTBOUND,SWIFT,USD,40963.06,SG,SETTLED
PAY-00005946,CLIENT-0411,ACC-001209,2026-02-28,INBOUND,BOOK_TRANSFER,USD,24774.43,IE,SETTLED
PAY-00005947,CLIENT-0309,ACC-000913,2025-02-04,INBOUND,CARD,BRL,61960.07,IN,SETTLED
PAY-00005948,CLIENT-0316,ACC-000926,2025-12-18,INBOUND,CARD,USD,217056.78,JP,PENDING
PAY-00005949,CLIENT-0306,ACC-000902,2026-07-22,INBOUND,FX_TRANSFER,GBP,14334.38,GB,PENDING
PAY-00005950,CLIENT-0179,ACC-000538,2026-03-30,INBOUND,ACH,AUD,19416.25,NL,PENDING
PAY-00005951,CLIENT-0428,ACC-001263,2025-04-20,OUTBOUND,FX_TRANSFER,SGD,131298.35,DE,SETTLED
PAY-00005952,CLIENT-0097,ACC-000280,2026-03-17,INBOUND,CARD,EUR,188656.06,NL,SETTLED
PAY-00005953,CLIENT-0224,ACC-000670,2026-05-30,OUTBOUND,REAL_TIME_PAYMENT,EUR,12759.06,FR,SETTLED
PAY-00005954,CLIENT-0446,ACC-001316,2025-02-15,OUTBOUND,SWIFT,USD,35496.23,JP,SETTLED
PAY-00005955,CLIENT-0214,ACC-000637,2024-03-08,OUTBOUND,CARD,USD,146131.98,FR,SETTLED
PAY-00005956,CLIENT-0298,ACC-000879,2026-03-25,OUTBOUND,REAL_TIME_PAYMENT,USD,11326.96,AU,SETTLED
PAY-00005957,CLIENT-0056,ACC-000158,2025-11-19,OUTBOUND,ACH,AUD,134789.38,AU,REJECTED
PAY-00005958,CLIENT-0345,ACC-001011,2026-01-05,OUTBOUND,WIRE,USD,10822.95,US,SETTLED
PAY-00005959,CLIENT-0232,ACC-000695,2024-07-06,OUTBOUND,ACH,USD,30441.10,IE,SETTLED
PAY-00005960,CLIENT-0146,ACC-000436,2026-06-19,INBOUND,SWIFT,CAD,168892.84,SG,PENDING
PAY-00005961,CLIENT-0378,ACC-001099,2025-12-16,OUTBOUND,SWIFT,SGD,199563.70,CH,REJECTED
PAY-00005962,CLIENT-0011,ACC-000024,2026-07-28,OUTBOUND,ACH,USD,932.25,AU,SETTLED
PAY-00005963,CLIENT-0195,ACC-000579,2026-06-07,OUTBOUND,SWIFT,USD,5184.47,AE,RETURNED
PAY-00005964,CLIENT-0254,ACC-000764,2026-06-15,OUTBOUND,BOOK_TRANSFER,USD,230564.02,IE,SETTLED
PAY-00005965,CLIENT-0051,ACC-000142,2026-05-21,INBOUND,SWIFT,USD,152483.24,SG,PENDING
PAY-00005966,CLIENT-0139,ACC-000416,2025-10-27,INBOUND,ACH,INR,64793.78,BR,SETTLED
PAY-00005967,CLIENT-0142,ACC-000425,2024-11-05,INBOUND,REAL_TIME_PAYMENT,JPY,122537.70,FR,SETTLED
PAY-00005968,CLIENT-0429,ACC-001267,2025-06-12,OUTBOUND,SWIFT,USD,42375.14,DE,SETTLED
PAY-00005969,CLIENT-0129,ACC-000384,2025-04-17,INBOUND,REAL_TIME_PAYMENT,EUR,6663.69,BR,SETTLED
PAY-00005970,CLIENT-0139,ACC-000417,2024-03-12,OUTBOUND,SEPA,USD,169008.36,MX,SETTLED
PAY-00005971,CLIENT-0381,ACC-001109,2025-10-05,INBOUND,CARD,CHF,191771.53,AE,PENDING
PAY-00005972,CLIENT-0136,ACC-000404,2024-12-24,INBOUND,FX_TRANSFER,CHF,133750.97,JP,SETTLED
PAY-00005973,CLIENT-0473,ACC-001400,2026-07-25,INBOUND,ACH,EUR,26405.58,IE,SETTLED
PAY-00005974,CLIENT-0072,ACC-000199,2026-07-12,INBOUND,REAL_TIME_PAYMENT,USD,186492.63,US,SETTLED
PAY-00005975,CLIENT-0278,ACC-000829,2026-01-02,OUTBOUND,WIRE,USD,2881.47,SG,SETTLED
PAY-00005976,CLIENT-0144,,2024-12-12,OUTBOUND,SEPA,EUR,7659.82,NL,SETTLED
PAY-00005977,CLIENT-0471,,2025-02-17,INBOUND,SWIFT,USD,248811.17,AE,REJECTED
PAY-00005978,CLIENT-0351,,2025-10-15,OUTBOUND,CARD,EUR,137.80,CH,SETTLED
PAY-00005979,CLIENT-0162,,2025-05-10,INBOUND,SEPA,EUR,1562.35,CH,SETTLED
PAY-00005980,CLIENT-0165,,2024-11-05,OUTBOUND,ACH,USD,7.09,DE,SETTLED
PAY-00005981,CLIENT-0201,ACC-000603,2024-04-19,OUTBOUND,ACH,US,9048.73,AE,RETURNED
PAY-00005982,CLIENT-0123,ACC-000367,2025-12-29,OUTBOUND,FX_TRANSFER,EURO,6550.59,MX,PENDING
PAY-00005983,CLIENT-0204,ACC-000611,2026-07-26,INBOUND,SEPA,12,14583.30,BR,SETTLED
PAY-00005984,CLIENT-0440,ACC-001298,2026-02-17,OUTBOUND,FX_TRANSFER,usd,14787.76,CA,PENDING
PAY-00005985,CLIENT-0210,ACC-000627,2025-12-22,OUTBOUND,CARD,INVALID,220532.32,IN,PENDING
PAY-00005986,CLIENT-0013,ACC-000032,2024-08-17,INBOUND,ACH,USD,-99585.90,JP,SETTLED
PAY-00005987,CLIENT-0150,ACC-000451,2026-07-01,OUTBOUND,REAL_TIME_PAYMENT,USD,-55130.11,SG,SETTLED
PAY-00005988,CLIENT-0366,ACC-001069,2024-06-05,OUTBOUND,ACH,EUR,-181832.19,FR,SETTLED
PAY-00005989,CLIENT-0471,ACC-001394,2025-06-08,OUTBOUND,REAL_TIME_PAYMENT,CHF,-92363.71,FR,SETTLED
PAY-00005990,CLIENT-0156,ACC-000473,2025-09-15,OUTBOUND,BOOK_TRANSFER,USD,-186279.35,NL,SETTLED
PAY-00005991,CLIENT-0059,ACC-000162,2025/12/12,OUTBOUND,CARD,USD,232559.01,CH,SETTLED
PAY-00005992,CLIENT-0434,ACC-001279,not-a-date,INBOUND,SEPA,AED,44552.33,MX,SETTLED
PAY-00005993,CLIENT-0479,ACC-001419,05-03-2026,INBOUND,SWIFT,USD,91530.08,JP,SETTLED
PAY-00005994,CLIENT-0084,ACC-000236,20260328,OUTBOUND,CARD,SGD,96004.31,CA,REJECTED
PAY-00005995,CLIENT-0290,ACC-000857,,INBOUND,BOOK_TRANSFER,EUR,13476.32,FR,SETTLED
PAY-00005996,CLIENT-0135,ACC-000401,2024-02-21,OUTBOUND,CARD,CAD,10688.35,US,PENDING
PAY-00005997,CLIENT-0070,ACC-000192,2026-07-20,OUTBOUND,WIRE,EUR,96455.54,BR,PENDING
PAY-00005998,CLIENT-0462,ACC-001364,2026-06-19,INBOUND,BOOK_TRANSFER,EUR,1001.43,CA,SETTLED
PAY-00005999,CLIENT-0465,ACC-001376,2026-04-07,OUTBOUND,REAL_TIME_PAYMENT,INR,10692.50,IN,SETTLED
PAY-00006000,CLIENT-0173,ACC-000526,2026-06-24,INBOUND,REAL_TIME_PAYMENT,AED,13731.86,US,SETTLED
PAY-00000001,CLIENT-0139,ACC-000415,2024-11-21,INBOUND,FX_TRANSFER,USD,78602.35,AE,SETTLED
PAY-00000002,CLIENT-0489,ACC-001459,2026-04-27,OUTBOUND,ACH,GBP,90914.90,CH,SETTLED
PAY-00000003,CLIENT-0448,ACC-001320,2024-02-03,INBOUND,SWIFT,EUR,82464.36,IN,PENDING
PAY-00000004,CLIENT-0258,ACC-000775,2025-10-12,OUTBOUND,FX_TRANSFER,USD,1012.33,IE,SETTLED
PAY-00000005,CLIENT-0082,ACC-000227,2026-01-02,OUTBOUND,FX_TRANSFER,USD,12060.52,BR,SETTLED
